date,ICBC,YILI,ZTE,YUNNAN,SINOPEC,CSI300
2019-01-03,7.72,1786.34,258.08,1347.06,10.43,2964.84
2019-01-04,7.79,1802.16,263.55,1364.38,10.5,3035.87
2019-01-07,7.76,1820.13,274.25,1390.53,10.61,3054.3
2019-01-08,7.72,1807.91,272.68,1422.82,10.69,3047.7
2019-01-09,7.78,1822.29,272.95,1424.98,10.83,3078.48
2019-01-10,7.74,1843.85,274.9,1412.9,10.76,3072.69
2019-01-11,7.76,1873.33,280.64,1414.34,10.83,3094.78
2019-01-14,7.72,1850.32,275.16,1384.76,10.75,3067.78
2019-01-15,7.75,1915.75,281.81,1439.77,10.8,3127.99
2019-01-16,7.76,1908.56,278.03,1473.5,10.88,3128.65
2019-01-17,7.77,1913.59,274.12,1452.76,10.84,3111.42
2019-01-18,7.92,1940.91,273.73,1500.2,10.89,3168.17
2019-01-21,7.98,1964.63,287.55,1500.92,11.0,3185.64
2019-01-22,7.92,1939.47,279.73,1479.64,10.87,3143.32
2019-01-23,7.97,1930.12,279.86,1505.79,10.87,3141.05
2019-01-24,7.99,1933.0,278.81,1520.76,10.93,3158.78
2019-01-25,8.05,1939.47,278.16,1495.69,10.98,3184.47
2019-01-28,8.03,1923.65,277.12,1491.54,11.09,3183.78
2019-01-29,8.07,1930.12,273.73,1509.22,11.17,3193.97
2019-01-30,8.08,1915.75,270.21,1486.13,11.19,3168.48
2019-01-31,8.2,1921.5,275.42,1486.67,11.32,3201.63
2019-02-01,8.19,1947.38,279.34,1544.93,11.34,3247.4
2019-02-11,8.18,1999.14,285.34,1587.14,11.28,3306.47
2019-02-12,8.19,1993.39,287.81,1620.51,11.27,3330.34
2019-02-13,8.25,2016.4,312.47,1627.73,11.49,3397.03
2019-02-14,8.19,2050.9,311.16,1612.39,11.47,3402.14
2019-02-15,8.04,2010.64,313.12,1578.12,11.35,3338.7
2019-02-18,8.14,2039.4,327.99,1622.14,11.54,3445.74
2019-02-19,8.1,2011.36,326.94,1593.27,11.52,3439.61
2019-02-20,8.1,2019.99,326.16,1595.8,11.54,3451.93
2019-02-21,8.09,2016.4,343.25,1579.39,11.5,3442.71
2019-02-22,8.08,2016.4,376.24,1583.9,11.52,3520.12
2019-02-25,8.45,2089.01,408.46,1618.53,11.76,3729.48
2019-02-26,8.31,2071.75,403.11,1645.4,11.67,3684.69
2019-02-27,8.36,2097.63,397.24,1619.25,11.73,3678.39
2019-03-01,8.4,2182.47,400.9,1645.76,11.78,3749.71
2019-03-04,8.41,2193.97,408.46,1690.32,11.82,3794.1
2019-03-05,8.37,2177.43,425.94,1689.96,11.79,3816.01
2019-03-06,8.4,2147.24,421.37,1671.92,11.84,3848.09
2019-03-07,8.3,2090.45,409.63,1632.6,11.78,3808.85
2019-03-08,8.13,2077.5,394.11,1577.76,11.48,3657.58
2019-03-11,8.15,2110.57,409.63,1600.67,11.5,3729.95
2019-03-12,8.16,2116.33,418.63,1595.62,11.65,3755.35
2019-03-13,8.12,2078.94,387.2,1607.16,11.53,3724.19
2019-03-14,8.1,2075.35,381.59,1610.59,11.58,3698.49
2019-03-15,8.12,2094.76,383.29,1601.57,11.6,3745.01
2019-03-18,8.19,2236.39,393.85,1670.48,11.75,3851.75
2019-03-19,8.19,2199.72,391.77,1641.07,11.74,3833.96
2019-03-20,8.15,2193.25,391.11,1631.88,11.67,3835.44
2019-03-21,8.13,2169.53,390.07,1638.01,11.69,3836.89
2019-03-22,8.12,2190.38,381.2,1636.2,11.65,3833.8
2019-03-25,8.0,2136.46,382.64,1584.26,11.44,3742.83
2019-03-26,7.98,2149.4,366.98,1573.97,11.28,3700.44
2019-03-27,8.04,2210.51,360.98,1596.7,11.31,3743.39
2019-03-28,7.98,2217.69,395.81,1584.98,11.21,3728.4
2019-03-29,8.1,2275.93,393.98,1626.83,11.34,3872.34
2019-04-01,8.18,2323.38,404.42,1662.9,11.47,3973.93
2019-04-02,8.2,2290.31,403.11,1647.57,11.43,3971.29
2019-04-03,8.24,2291.74,402.46,1629.53,11.49,4022.16
2019-04-04,8.36,2324.1,404.16,1615.28,11.58,4062.23
2019-04-08,8.37,2291.02,394.5,1627.55,11.71,4057.23
2019-04-09,8.32,2462.13,407.03,1725.85,11.62,4075.43
2019-04-10,8.29,2497.36,423.98,1781.77,11.54,4085.85
2019-04-11,8.27,2413.24,409.5,1722.42,11.45,3997.58
2019-04-12,8.27,2390.24,407.81,1707.63,11.44,3988.62
2019-04-15,8.36,2390.24,410.94,1692.66,11.43,3975.52
2019-04-16,8.55,2452.78,450.72,1710.7,11.54,4085.79
2019-04-17,8.56,2446.31,457.63,1729.46,11.52,4087.24
2019-04-18,8.49,2450.63,457.76,1709.08,11.48,4072.08
2019-04-19,8.53,2472.19,489.06,1706.91,11.5,4120.61
2019-04-22,8.38,2460.69,492.59,1740.82,11.58,4025.61
2019-04-23,8.36,2424.74,476.54,1722.42,11.52,4019.01
2019-04-24,8.36,2443.44,469.89,1744.07,11.44,4030.09
2019-04-25,8.27,2422.59,452.02,1697.17,11.32,3941.82
2019-04-26,8.25,2390.24,458.81,1639.63,11.23,3889.27
2019-04-29,8.35,2444.16,454.63,1663.8,11.23,3900.33
2019-04-30,8.36,2462.13,432.46,1680.94,11.26,3913.21
2019-05-06,8.26,2390.24,390.59,1563.87,10.95,3684.62
2019-05-07,8.2,2429.78,391.5,1602.11,10.96,3720.67
2019-05-08,8.13,2400.3,389.94,1599.77,10.87,3667.46
2019-05-09,8.05,2331.28,382.24,1516.61,10.83,3599.7
2019-05-10,8.15,2408.93,415.89,1527.8,10.93,3730.45
2019-05-13,8.07,2418.99,407.16,1511.38,10.85,3668.73
2019-05-14,8.05,2391.67,403.76,1503.81,10.84,3645.15
2019-05-15,8.1,2464.29,411.07,1527.62,10.89,3727.09
2019-05-29,8.19,2384.49,393.46,1508.32,10.91,3663.91
2019-05-30,8.21,2394.55,383.29,1500.56,10.98,3641.18
2019-05-31,8.15,2390.96,388.24,1485.95,10.93,3629.79
2019-06-03,8.24,2432.65,408.2,1504.53,10.95,3632.01
2019-06-04,8.27,2411.09,410.94,1492.62,10.93,3598.47
2019-06-05,8.3,2398.86,431.68,1464.67,11.0,3597.11
2019-06-06,8.27,2390.24,401.55,1461.6,11.0,3564.68
2019-06-10,8.32,2439.12,417.72,1480.36,11.08,3610.74
2019-06-11,8.33,2564.94,425.55,1523.11,11.1,3719.28
2019-06-12,8.3,2516.05,423.59,1517.34,11.05,3691.1
2019-06-13,8.27,2502.39,420.33,1524.55,11.04,3685.39
2019-06-14,8.28,2518.21,408.07,1519.86,10.98,3654.88
2019-06-17,8.28,2498.79,403.37,1512.47,11.01,3654.82
2019-06-18,8.28,2499.51,404.42,1512.65,11.05,3667.62
2019-06-19,8.32,2516.05,417.07,1526.72,11.09,3715.94
2019-06-20,8.39,2578.59,430.11,1543.13,11.18,3828.52
2019-06-21,8.4,2557.03,429.59,1544.76,11.24,3833.94
2019-06-24,8.43,2557.75,421.37,1556.3,11.23,3841.27
2019-06-25,8.38,2565.65,425.02,1576.5,11.22,3801.31
2019-06-26,8.4,2593.69,423.72,1582.45,11.31,3794.33
2019-06-27,8.46,2613.82,441.07,1631.7,11.27,3834.82
2019-06-28,8.44,2635.39,437.42,1625.38,11.32,3825.59
2019-07-01,8.47,2696.5,455.28,1643.06,11.34,3935.81
2019-07-02,8.48,2711.6,457.63,1652.08,11.28,3937.17
2019-07-03,8.47,2645.45,446.15,1638.55,11.21,3893.53
2019-07-04,8.48,2635.39,446.68,1621.78,11.3,3873.1
2019-07-05,8.47,2639.7,447.2,1637.65,11.26,3893.2
2019-07-08,8.39,2604.48,433.89,1597.97,11.14,3802.79
2019-07-09,8.38,2625.32,432.85,1604.46,11.05,3793.13
2019-07-10,8.35,2617.42,436.24,1601.39,10.97,3786.74
2019-07-11,8.37,2669.18,431.29,1576.5,11.0,3785.22
2019-07-12,8.42,2665.58,433.11,1593.1,11.02,3808.73
2019-07-15,8.4,2657.68,441.85,1592.01,11.05,3824.19
2019-07-16,8.41,2583.63,442.63,1566.04,11.1,3806.84
2019-07-17,8.36,2568.53,437.15,1527.98,11.08,3804.64
2019-07-18,8.37,2541.93,422.16,1501.29,11.02,3768.4
2019-07-19,8.4,2551.99,420.33,1502.55,11.09,3807.96
2019-07-22,8.44,2552.71,421.11,1487.04,11.05,3781.68
2019-07-23,8.46,2541.21,424.89,1520.95,11.05,3789.91
2019-07-24,8.49,2564.22,439.76,1518.24,11.08,3819.83
2019-07-25,8.49,2562.78,445.5,1538.44,11.09,3851.07
2019-07-26,8.49,2558.46,448.76,1523.47,11.08,3858.57
2019-07-29,8.45,2551.28,447.98,1491.73,11.04,3854.27
2019-07-30,8.46,2530.43,447.85,1487.04,11.05,3870.32
2019-07-31,8.44,2476.51,442.5,1490.1,11.06,3835.36
2019-08-01,8.41,2485.13,440.02,1486.49,11.01,3803.47
2019-08-02,8.36,2472.19,422.68,1480.54,10.88,3747.44
2019-08-05,8.27,2448.47,419.16,1462.5,10.76,3675.69
2019-08-06,8.2,2253.64,410.94,1468.1,10.7,3636.33
2019-08-07,8.18,2257.95,406.63,1461.42,10.67,3621.43
2019-08-08,8.22,2250.77,407.55,1478.56,10.69,3669.29
2019-08-09,8.25,2203.32,377.03,1460.88,10.69,3633.53
2019-08-12,8.3,2256.52,388.11,1483.61,10.7,3699.1
2019-08-13,8.3,2261.55,382.51,1491.73,10.63,3665.75
2019-08-14,8.32,2262.99,387.07,1486.13,10.67,3682.4
2019-08-15,8.36,2256.52,383.16,1476.93,10.67,3694.0
2019-08-16,8.29,2296.78,380.68,1479.64,10.67,3710.54
2019-08-19,8.26,2332.72,403.9,1504.71,10.76,3791.09
2019-08-20,8.21,2316.19,402.46,1527.62,10.78,3787.73
2019-08-21,8.22,2259.39,406.11,1516.08,10.75,3781.76
2019-08-22,8.18,2267.3,400.37,1514.99,10.72,3793.51
2019-08-23,8.21,2289.59,394.5,1525.09,10.72,3820.86
2019-08-26,8.17,2258.67,389.42,1550.17,10.67,3765.91
2019-08-27,8.21,2293.18,400.63,1560.99,10.7,3816.95
2019-08-28,8.19,2352.85,401.68,1540.25,10.69,3802.58
2019-08-29,8.21,2325.53,393.72,1500.74,10.7,3790.19
2019-08-30,8.18,2293.18,388.9,1504.17,10.69,3799.59
2019-09-02,8.18,2288.15,396.07,1492.63,10.74,3848.32
2019-09-03,8.19,2275.93,402.2,1483.79,10.74,3853.61
2019-09-04,8.26,2284.55,399.2,1492.63,10.83,3886.0
2019-09-05,8.29,2319.78,412.89,1491.54,10.85,3925.32
2019-09-06,8.31,2327.69,449.94,1493.35,10.91,3948.51
2019-09-09,8.3,2367.95,493.63,1503.81,10.96,3972.95
2019-09-10,8.29,2394.55,494.8,1527.62,11.0,3959.27
2019-09-11,8.35,2370.83,475.63,1500.74,11.05,3930.1
2019-09-12,8.37,2372.26,479.28,1502.55,10.98,3972.38
2019-09-16,8.37,2341.35,473.41,1517.52,11.17,3957.72
2019-09-17,8.3,2312.59,461.81,1506.16,11.08,3891.22
2019-09-18,8.29,2318.34,456.85,1518.06,10.96,3910.08
2019-09-19,8.29,2303.25,469.63,1517.16,10.98,3924.38
2019-09-20,8.32,2310.44,461.81,1520.41,10.96,3935.65
2019-09-23,8.27,2274.49,452.54,1494.97,10.93,3890.66
2019-09-24,8.29,2268.02,463.5,1494.07,10.92,3901.08
2019-09-25,8.28,2234.95,455.02,1524.91,10.88,3870.98
2019-09-26,8.35,2250.05,438.46,1511.03,10.87,3841.14
2019-09-27,8.34,2267.3,446.15,1499.84,10.85,3852.65
2019-09-30,8.32,2283.84,430.63,1492.45,10.89,3814.53
2019-10-08,8.36,2285.27,428.02,1505.79,10.87,3837.68
2019-10-09,8.38,2260.83,432.46,1495.15,10.88,3843.24
2019-10-10,8.37,2280.24,441.85,1483.43,10.87,3874.64
2019-10-11,8.44,2268.02,442.24,1492.81,10.97,3911.73
2019-10-14,8.52,2284.55,443.02,1630.07,10.97,3953.24
2019-10-15,8.52,2290.31,431.15,1647.03,10.92,3936.25
2019-10-16,8.52,2266.58,430.63,1601.39,10.93,3922.69
2019-10-17,8.51,2259.39,432.59,1592.19,10.92,3925.22
2019-10-18,8.47,2247.17,437.42,1560.99,10.85,3869.38
2019-10-21,8.6,2238.54,430.24,1586.6,10.84,3880.84
2019-10-22,8.62,2244.29,432.59,1590.57,10.84,3895.88
2019-10-23,8.68,2222.73,434.68,1578.13,10.83,3871.08
2019-10-24,8.73,2185.34,433.11,1563.7,10.85,3870.67
2019-10-25,8.8,2201.16,448.11,1577.76,10.87,3896.79
2019-10-28,8.74,2218.41,451.89,1577.76,10.88,3926.59
2019-10-29,8.72,2247.17,453.2,1693.57,10.85,3910.23
2019-10-30,8.76,2183.19,446.55,1635.85,10.82,3891.23
2019-10-31,8.72,2318.34,448.76,1681.84,10.74,3886.75
2019-11-01,8.75,2349.98,456.59,1684.73,10.72,3952.39
2019-11-04,8.71,2350.7,462.85,1732.17,10.74,3978.12
2019-11-05,8.73,2380.89,459.72,1744.79,10.78,4002.81
2019-11-06,8.8,2352.13,446.41,1717.38,10.78,3984.88
2019-11-07,8.76,2365.07,447.85,1753.63,10.79,3991.87
2019-11-08,8.68,2352.13,441.59,1736.86,10.78,3973.01
2019-11-11,8.58,2318.34,435.33,1710.52,10.69,3902.98
2019-11-12,8.61,2332.0,436.89,1745.52,10.7,3903.69
2019-11-13,8.59,2332.72,437.81,1740.46,10.7,3899.98
2019-11-14,8.55,2325.53,440.55,1741.19,10.67,3905.86
2019-11-15,8.6,2314.75,421.89,1721.53,10.67,3877.09
2019-11-18,8.63,2318.34,422.16,1786.1,10.75,3907.93
2019-11-19,8.66,2376.58,429.07,1816.04,10.74,3947.04
2019-11-20,8.61,2347.82,422.16,1807.56,10.76,3907.86
2019-11-21,8.53,2329.13,418.63,1792.77,10.79,3889.6
2019-11-22,8.51,2319.06,413.55,1746.96,10.79,3849.99
2019-11-25,8.64,2328.41,409.76,1723.15,10.89,3878.21
2019-11-26,8.66,2343.51,409.63,1764.45,10.91,3891.65
2019-11-27,8.69,2352.85,410.42,1740.28,10.89,3875.62
2019-11-28,8.65,2347.1,412.89,1747.68,10.88,3862.3
2019-11-29,8.6,2324.81,413.68,1706.19,10.85,3828.67
2019-12-02,8.62,2366.51,411.85,1678.78,10.8,3836.06
2019-12-03,8.6,2417.56,413.16,1685.45,10.78,3851.09
2019-12-04,8.57,2424.03,419.81,1687.43,10.75,3849.82
2019-12-05,8.58,2406.05,429.85,1691.58,10.78,3879.36
2019-12-06,8.55,2408.21,429.33,1694.47,10.76,3902.39
2019-12-09,8.54,2451.35,425.29,1676.25,10.8,3895.45
2019-12-10,8.5,2433.37,431.55,1677.15,10.79,3900.38
2019-12-11,8.55,2406.05,428.55,1656.05,10.82,3902.75
2019-12-12,8.54,2409.65,441.59,1647.57,10.8,3891.02
2019-12-13,8.63,2436.97,446.15,1669.04,10.85,3968.22
2019-12-16,8.59,2421.87,450.72,1697.35,10.88,3987.55
2019-12-17,8.65,2447.03,451.24,1702.59,10.97,4041.8
2019-12-18,8.68,2422.59,459.85,1677.33,10.96,4032.78
2019-12-19,8.74,2386.64,462.98,1686.53,10.95,4027.15
2019-12-20,8.75,2390.96,448.37,1679.14,10.93,4017.25
2019-12-23,8.69,2379.45,433.89,1680.22,10.85,3967.1
2019-12-24,8.67,2407.49,445.11,1707.1,10.89,3992.96
2019-12-25,8.64,2388.8,453.33,1717.74,10.88,3990.87
2019-12-26,8.67,2398.86,455.28,1707.82,10.89,4025.99
2019-12-27,8.71,2436.25,451.89,1701.86,10.93,4022.03
2019-12-30,8.7,2449.91,461.15,1709.8,10.97,4081.63
2019-12-31,8.69,2457.82,474.72,1733.79,11.01,4096.58
2020-01-02,8.78,2516.05,475.5,1731.63,11.09,4152.24
2020-01-03,8.81,2515.33,489.85,1727.84,11.22,4144.96
2020-01-06,8.78,2468.6,491.8,1709.08,11.34,4129.3
2020-01-07,8.83,2544.81,490.5,1718.1,11.19,4160.23
2020-01-08,8.72,2547.68,478.89,1699.52,11.23,4112.32
2020-01-09,8.72,2569.25,495.98,1729.64,11.11,4164.37
2020-01-10,8.72,2564.22,500.41,1721.89,11.08,4163.18
2020-01-13,8.74,2605.19,508.24,1723.87,11.05,4203.99
2020-01-14,8.75,2586.5,491.93,1715.93,11.05,4189.89
2020-01-15,8.69,2625.32,494.67,1712.15,10.98,4166.73
2020-01-16,8.61,2644.02,501.06,1709.8,10.96,4149.04
2020-01-17,8.63,2597.29,519.72,1692.85,10.96,4154.85
2020-01-20,8.65,2598.01,535.63,1710.88,10.93,4185.83
2020-01-21,8.58,2548.4,516.72,1747.32,10.88,4114.31
2020-01-22,8.6,2566.37,543.32,1711.06,10.84,4131.93
2020-01-23,8.52,2436.25,524.02,1682.74,10.79,4003.9
2020-02-03,8.21,2273.77,481.5,1544.94,10.37,3688.36
2020-02-04,8.29,2357.17,513.59,1605.72,10.4,3785.64
2020-02-05,8.28,2361.48,511.37,1664.71,10.4,3828.53
2020-02-06,8.29,2411.8,524.67,1670.12,10.48,3899.78
2020-02-07,8.23,2444.16,520.89,1643.06,10.52,3899.87
2020-02-10,8.21,2402.46,536.41,1625.75,10.49,3916.01
2020-02-11,8.25,2406.77,534.98,1630.43,10.5,3952.46
2020-02-12,8.25,2408.21,536.67,1623.04,10.52,3984.43
2020-02-13,8.2,2366.51,531.06,1605.72,10.48,3959.92
2020-02-14,8.22,2368.67,527.93,1597.79,10.49,3987.73
2020-02-17,8.28,2402.46,575.54,1612.22,10.58,4077.42
2020-02-18,8.25,2404.61,580.89,1613.84,10.54,4057.51
2020-02-19,8.27,2426.9,582.84,1600.67,10.53,4051.31
2020-02-20,8.3,2468.6,594.71,1626.65,10.59,4144.66
2020-02-21,8.28,2441.28,607.23,1621.24,10.59,4149.49
2020-02-24,8.23,2388.08,666.71,1618.89,10.5,4132.84
2020-02-25,8.2,2367.95,731.92,1616.37,10.43,4123.85
2020-02-26,8.2,2344.94,677.66,1583.36,10.45,4073.02
2020-02-27,8.19,2386.64,684.58,1575.6,10.43,4084.88
2020-02-28,8.08,2311.87,665.27,1540.07,10.35,3940.05
2020-03-02,8.15,2360.76,725.27,1567.3,10.48,4069.67
2020-03-03,8.17,2379.45,703.62,1560.63,10.49,4091.36
2020-03-04,8.18,2416.12,683.01,1571.09,10.49,4115.05
2020-03-05,8.25,2457.82,690.18,1599.77,10.59,4206.73
2020-03-06,8.2,2416.84,676.49,1585.34,10.59,4138.51
2020-03-09,8.1,2320.5,678.45,1548.54,10.75,3997.13
2020-03-10,8.15,2382.33,719.53,1553.05,10.63,4082.73
2020-03-11,8.11,2337.04,697.62,1544.76,10.54,4028.43
2020-03-12,8.07,2287.43,683.79,1512.47,10.4,3950.91
2020-03-13,8.0,2265.14,675.58,1469.72,10.28,3895.31
2020-03-16,7.95,2192.53,609.32,1463.23,10.39,3727.84
2020-03-17,7.95,2230.64,555.06,1468.46,10.33,3709.68
2020-03-18,7.89,2222.73,523.11,1484.33,10.26,3636.26
2020-03-19,7.76,2234.95,557.67,1475.31,10.15,3589.09
2020-03-20,7.85,2271.61,559.37,1504.17,10.23,3653.22
2020-03-23,7.76,2211.22,545.67,1496.96,10.13,3530.31
2020-03-24,7.9,2271.61,568.1,1526.36,10.19,3625.11
2020-03-25,7.96,2292.46,598.1,1540.61,10.24,3722.52
2020-03-26,7.96,2273.77,575.28,1590.75,10.2,3698.05
2020-03-27,7.99,2296.06,579.06,1628.09,10.2,3710.06
2020-03-30,8.0,2320.5,570.58,1592.38,10.18,3674.11
2020-03-31,7.93,2380.17,571.36,1663.8,10.13,3686.16
2020-04-01,7.94,2339.91,554.15,1637.83,10.07,3675.08
2020-04-02,7.97,2334.88,570.06,1626.47,10.28,3734.53
2020-04-03,7.92,2349.26,547.5,1646.49,10.17,3713.22
2020-04-07,7.94,2403.9,557.02,1671.38,10.23,3798.02
2020-04-08,7.92,2385.2,549.58,1635.31,10.22,3780.34
2020-04-09,7.91,2401.02,549.45,1636.21,10.23,3792.81
2020-04-10,7.89,2404.61,525.58,1620.33,10.2,3769.18
2020-04-13,7.88,2380.17,515.28,1643.96,10.22,3753.26
2020-04-14,7.9,2427.62,528.71,1651.72,10.22,3825.7
2020-04-15,7.91,2388.8,528.19,1671.74,10.2,3797.36
2020-04-16,7.9,2375.86,524.41,1654.24,10.18,3802.38
2020-04-17,7.93,2386.64,534.84,1657.13,10.3,3839.49
2020-04-20,7.9,2426.18,543.97,1655.33,10.36,3853.46
2020-04-21,7.85,2392.39,539.8,1627.73,10.27,3808.05
2020-04-22,7.87,2413.96,542.67,1676.43,10.23,3839.38
2020-04-23,7.84,2442.72,534.45,1700.78,10.28,3829.75
2020-04-24,7.82,2476.51,519.85,1696.99,10.2,3796.97
2020-04-27,7.87,2464.29,519.85,1701.5,10.23,3822.77
2020-04-28,7.89,2492.32,523.89,1717.92,10.13,3849.15
2020-04-29,7.93,2339.19,518.41,1797.28,10.14,3867.03
2020-04-30,7.95,2335.6,549.06,1749.84,10.17,3912.58
2020-05-06,7.89,2330.57,559.89,1767.52,10.13,3936.25
2020-05-07,7.88,2322.66,563.67,1752.19,10.1,3924.89
2020-05-08,7.88,2349.98,567.32,1770.95,10.11,3963.62
2020-05-11,7.92,2334.16,574.49,1729.64,10.1,3960.18
2020-05-12,7.91,2327.69,563.8,1728.2,10.09,3960.24
2020-05-13,7.91,2352.85,557.8,1744.07,10.1,3968.25
2020-05-14,7.88,2318.34,543.71,1725.67,10.06,3925.22
2020-05-15,7.87,2280.96,550.1,1706.19,10.04,3912.82
2020-05-18,7.88,2295.34,537.58,1703.85,10.05,3922.91
2020-05-19,7.9,2318.34,540.45,1701.14,10.07,3956.25
2020-05-20,7.9,2298.21,540.71,1680.76,10.05,3935.22
2020-05-21,7.88,2288.15,525.71,1691.4,10.04,3913.79
2020-05-22,7.82,2238.54,513.72,1654.42,9.89,3824.06
2020-05-25,7.87,2282.4,496.76,1697.17,9.85,3829.32
2020-05-26,7.85,2291.02,502.63,1708.9,9.84,3872.77
2020-05-27,7.9,2298.93,495.72,1709.44,9.81,3845.61
2020-05-28,7.95,2278.08,486.59,1686.53,9.81,3856.63
2020-05-29,7.9,2278.8,483.33,1711.24,9.75,3867.02
2020-06-01,7.94,2312.59,515.93,1732.53,9.83,3971.34
2020-06-02,7.97,2306.84,517.11,1719.18,9.85,3983.57
2020-06-03,7.97,2301.09,517.89,1761.21,9.88,3983.65
2020-06-04,7.96,2309.72,511.89,1761.93,9.81,3982.19
2020-06-05,7.99,2280.96,510.98,1734.87,9.87,4001.25
2020-06-08,8.02,2410.37,520.76,1742.45,9.96,4021.95
2020-06-09,8.04,2429.78,518.54,1742.81,9.94,4047.03
2020-06-10,8.05,2401.74,515.8,1754.53,9.93,4039.71
2020-06-11,8.05,2368.67,512.41,1733.25,9.85,3995.88
2020-06-12,8.0,2383.77,511.37,1734.87,9.87,4003.08
2020-06-15,8.02,2347.82,503.41,1733.25,9.8,3954.99
2020-06-16,8.08,2370.11,536.8,1781.41,9.84,4014.57
2020-06-17,8.04,2404.61,531.58,1800.89,9.83,4017.59
2020-06-18,7.97,2393.83,565.89,1794.22,9.83,4044.38
2020-06-19,7.98,2442.0,572.28,1838.41,9.83,4098.71
2020-06-22,7.94,2454.94,563.41,1825.78,9.8,4102.05
2020-06-23,7.92,2465.72,532.63,1861.32,9.78,4121.79
2020-06-24,8.0,2507.42,531.06,1872.14,9.78,4138.99
2020-06-29,8.03,2511.73,524.41,1879.35,9.71,4109.72
2020-06-30,8.02,2529.71,536.54,1866.91,9.7,4163.96
2020-07-01,8.04,2584.35,531.58,1853.02,9.72,4247.78
2020-07-02,8.11,2587.94,541.37,1872.14,9.83,4335.84
2020-07-03,8.21,2562.78,566.28,2041.87,9.92,4419.6
2020-07-06,8.67,2721.66,595.36,2085.16,10.17,4670.09
2020-07-07,8.63,2707.28,604.62,2136.03,10.11,4698.13
2020-07-08,8.54,2796.43,613.75,2121.06,10.09,4774.0
2020-07-09,8.44,2809.37,627.71,2150.82,10.11,4840.77
2020-07-10,8.28,2776.3,599.28,2110.42,9.98,4753.13
2020-07-13,8.27,2840.28,615.32,2145.05,10.04,4852.96
2020-07-14,8.19,2819.43,597.45,2203.49,9.93,4806.69
2020-07-15,8.13,2840.28,570.32,2178.06,9.88,4744.47
2020-07-16,8.11,2671.34,535.76,2053.78,9.79,4516.25
2020-07-17,8.11,2761.2,539.15,2086.79,9.78,4544.7
2020-07-20,8.18,2695.78,551.02,2111.32,9.87,4680.3
2020-07-21,8.15,2740.35,547.63,2156.77,9.84,4691.04
2020-07-22,8.14,2879.82,553.1,2144.51,9.92,4714.45
2020-07-23,8.08,2846.75,531.19,2158.94,9.85,4712.44
2020-07-24,8.02,2738.2,507.72,2082.28,9.81,4505.59
2020-07-27,8.01,2728.85,512.41,2093.1,9.83,4528.45
2020-07-28,8.02,2833.81,513.72,2134.59,9.83,4568.26
2020-07-29,8.07,2870.48,528.85,2153.35,9.84,4679.01
2020-07-30,8.02,2881.26,520.63,2146.31,9.8,4656.15
2020-07-31,8.0,2925.12,524.02,2151.36,9.81,4695.05
2020-08-03,8.02,3030.8,528.32,2269.87,9.83,4771.31
2020-08-04,8.1,3007.07,520.24,2239.03,9.87,4775.8
2020-08-05,8.05,3004.2,523.63,2220.27,9.84,4777.11
2020-08-06,8.07,2961.06,518.02,2185.82,9.85,4762.76
2020-08-07,8.02,2910.74,520.5,2138.2,9.8,4707.93
2020-08-10,8.04,2910.02,513.19,2104.47,9.81,4724.87
2020-08-11,8.02,2879.82,509.15,2094.0,9.8,4681.78
2020-08-12,8.04,2830.94,519.45,2037.55,9.8,4647.64
2020-08-13,8.02,2796.43,513.85,2035.92,9.83,4635.71
2020-08-14,8.07,2825.19,516.19,2048.19,9.84,4704.63
2020-08-17,8.14,2833.09,540.71,2060.45,9.91,4815.23
2020-08-18,8.1,2889.89,534.19,2062.08,9.89,4812.76
2020-08-19,8.08,2807.21,519.85,2032.13,9.89,4740.68
2020-08-20,8.05,2741.07,522.45,2002.01,9.85,4679.15
2020-08-21,8.06,2800.02,522.85,2040.07,9.85,4718.84
2020-08-24,8.04,2823.75,517.76,2055.76,9.87,4755.85
2020-08-25,8.05,2825.9,514.24,2036.82,9.85,4761.95
2020-08-26,8.02,2866.88,511.89,2064.42,9.88,4706.13
2020-08-27,8.01,2944.53,522.85,2102.66,9.85,4731.35
2020-08-28,8.05,3209.81,522.19,2241.91,9.85,4844.27
2020-08-31,8.0,3306.86,524.41,2261.93,9.85,4816.22
2020-09-01,8.0,3276.67,520.11,2331.38,9.85,4842.12
2020-09-02,7.96,3282.42,522.32,2436.72,9.81,4843.89
2020-09-03,7.95,3278.83,506.93,2339.32,9.8,4817.1
2020-09-04,7.94,3237.85,504.59,2213.05,9.79,4770.22
2020-09-07,7.94,3194.71,493.11,2122.86,9.76,4669.37
2020-09-08,7.99,3158.77,488.28,2147.21,9.78,4694.39
2020-09-09,7.98,3107.72,469.11,2086.07,9.74,4584.59
2020-09-10,7.95,3082.56,446.02,2110.78,9.71,4581.98
2020-09-11,7.97,3084.0,455.28,2231.09,9.7,4627.28
2020-09-14,7.97,3096.94,452.41,2176.98,9.71,4651.05
2020-09-15,7.96,3162.36,454.11,2165.25,9.71,4688.48
2020-09-16,7.98,3102.69,454.37,2144.87,9.74,4657.36
2020-09-17,7.98,3035.11,451.11,2086.61,9.72,4632.71
2020-09-18,8.02,3120.66,456.33,2134.59,9.76,4737.09
2020-09-21,8.0,3063.15,468.33,2100.32,9.78,4691.43
2020-09-22,7.97,3068.9,462.72,2081.02,9.72,4635.76
2020-09-23,7.96,3084.72,459.46,2091.3,9.71,4652.33
2020-09-24,7.94,3016.42,448.5,2029.07,9.67,4563.07
2020-09-25,7.93,3031.52,447.59,2029.07,9.67,4570.02
2020-09-28,7.98,3036.55,440.81,1992.99,9.67,4581.91
2020-09-29,7.95,3044.46,444.98,2013.92,9.67,4591.8
2020-09-30,7.96,3059.56,447.46,2013.92,9.7,4587.4
2020-10-09,7.95,3188.96,451.11,2053.78,9.72,4681.14
2020-10-12,8.0,3288.89,470.41,2115.83,9.76,4823.16
2020-10-13,7.96,3273.79,481.89,2117.45,9.74,4839.2
2020-10-14,7.96,3296.8,476.15,2101.22,9.71,4807.1
2020-10-15,7.97,3273.08,469.11,2072.0,9.71,4798.74
2020-10-16,8.04,3254.38,465.33,2083.18,9.72,4791.68
2020-10-19,8.07,3180.33,465.72,2039.89,9.71,4755.49
2020-10-20,8.02,3275.23,470.15,2052.88,9.72,4793.47
2020-10-21,8.1,3300.39,460.89,2032.49,9.72,4792.83
2020-10-22,8.11,3321.24,454.37,2018.25,9.71,4777.98
2020-10-23,8.11,3199.75,451.76,2011.39,9.78,4718.49
2020-10-26,8.07,3268.04,452.54,1969.54,9.78,4691.24
2020-10-27,8.08,3255.1,451.37,1994.8,9.75,4699.28
2020-10-28,8.05,3382.35,465.72,2023.66,9.75,4737.27
2020-10-29,8.0,3465.03,447.2,2060.09,9.76,4772.92
2020-10-30,7.96,3147.98,436.63,2031.95,9.78,4695.33
2020-11-02,7.98,3016.42,421.76,1989.02,9.79,4720.83
2020-11-03,7.99,3103.41,432.59,1997.86,9.84,4777.56
2020-11-04,7.99,3128.57,428.42,1978.56,9.81,4813.66
2020-11-05,7.99,3130.01,469.63,2018.43,9.85,4885.11
2020-11-06,8.0,3086.87,482.67,1991.01,9.88,4885.72
2020-11-09,8.02,3132.17,512.28,2031.05,9.92,4981.35
2020-11-10,8.07,3091.19,492.59,2000.03,9.96,4953.88
2020-11-11,8.12,3114.19,484.24,1978.2,10.06,4904.9
2020-11-12,8.06,3096.22,486.59,1956.56,9.98,4908.46
2020-11-13,8.0,3046.61,482.93,1931.84,9.93,4856.85
2020-11-16,8.02,3039.43,474.46,1925.35,10.04,4904.17
2020-11-17,8.05,3021.45,478.76,1912.9,10.06,4894.79
2020-11-18,8.08,3047.33,481.76,1917.23,10.05,4891.67
2020-11-19,8.09,3101.25,489.2,1911.82,10.06,4927.99
2020-11-20,8.08,3112.04,488.15,1939.78,10.02,4943.29
2020-11-23,8.12,3132.17,482.02,1944.29,10.17,5005.03
2020-11-24,8.1,3073.93,492.85,1934.91,10.15,4974.29
2020-11-25,8.09,3008.51,479.28,1910.02,10.2,4910.7
2020-11-26,8.14,3032.24,481.37,1904.61,10.24,4919.59
2020-11-27,8.45,3045.18,472.11,1912.72,10.27,4980.77
2020-11-30,8.38,3008.51,468.72,1893.24,10.15,4960.25
2020-12-01,8.54,3063.15,473.02,1933.29,10.2,5067.1
2020-12-02,8.52,3062.43,478.5,1951.33,10.19,5067.14
2020-12-03,8.44,3091.19,473.02,1952.59,10.17,5057.06
2020-12-04,8.37,3152.3,469.76,1999.31,10.14,5065.92
2020-12-07,8.24,3180.33,456.72,1981.45,10.05,5022.24
2020-12-08,8.17,3216.28,456.59,1975.68,10.04,5009.88
2020-12-09,8.15,3184.65,444.07,1984.51,10.0,4942.7
2020-12-10,8.11,3126.41,444.07,2042.24,9.98,4940.52
2020-12-11,8.13,3098.38,435.33,2155.33,10.06,4889.63
2020-12-14,8.1,3171.71,439.76,2220.09,9.98,4934.84
2020-12-15,8.06,3196.15,444.59,2213.05,9.94,4945.1
2020-12-16,8.05,3202.62,439.63,2181.49,9.96,4953.87
2020-12-17,8.08,3261.57,443.68,2198.26,10.02,5017.48
2020-12-18,8.05,3217.72,443.68,2229.29,10.04,4999.97
2020-12-21,8.05,3275.23,438.07,2160.74,10.0,5046.84
2020-12-22,7.98,3236.41,426.85,2151.0,9.88,4964.77
2020-12-23,8.0,3280.26,430.37,2138.2,9.89,5007.12
2020-12-24,8.0,3204.06,422.29,2150.46,9.89,5000.02
2020-12-25,8.01,3167.39,420.59,2240.65,9.91,5042.01
2020-12-28,8.01,3303.27,414.46,2194.65,9.89,5064.41
2020-12-29,8.02,3301.83,454.37,2167.96,9.93,5042.94
2020-12-30,8.0,3452.09,451.89,2195.01,9.92,5113.71
2020-12-31,8.04,3481.56,454.63,2223.87,9.94,5211.29
2021-01-04,8.06,3696.52,463.5,2428.78,9.94,5267.72
2021-01-05,8.01,3953.18,465.85,2654.25,9.93,5368.5
2021-01-06,8.01,3926.58,454.37,2638.02,10.05,5417.67
2021-01-07,8.05,4007.82,441.85,2788.09,10.06,5513.66
2021-01-08,8.05,3833.84,457.89,2717.57,10.15,5495.43
2021-01-11,8.04,3788.54,471.33,2639.46,9.98,5441.16
2021-01-12,8.07,3862.59,476.41,2739.75,10.1,5596.35
2021-01-13,8.11,3784.95,494.67,2712.7,10.19,5577.97
2021-01-14,8.13,3667.05,484.11,2636.76,10.2,5470.46
2021-01-15,8.2,3645.48,473.54,2574.17,10.22,5458.08
2021-01-18,8.19,3707.31,489.59,2593.83,10.11,5518.52
2021-01-19,8.25,3608.81,483.46,2546.93,10.13,5437.52
2021-01-20,8.2,3610.25,483.59,2611.68,10.11,5476.43
2021-01-21,8.18,3616.72,476.41,2641.09,10.11,5564.97
2021-01-22,8.09,3601.62,457.63,2677.52,10.0,5569.78
2021-01-25,8.1,3802.2,481.37,2689.07,9.93,5625.92
2021-01-26,8.08,3669.92,459.59,2580.66,9.94,5512.97
2021-01-27,8.12,3613.85,458.15,2618.0,9.94,5528.0
2021-01-28,8.08,3457.84,439.89,2555.77,9.88,5377.14
2021-01-29,8.14,3469.34,435.59,2573.26,9.84,5351.96
2021-02-01,8.19,3472.94,437.28,2572.0,9.84,5417.65
2021-02-02,8.14,3525.42,429.46,2629.72,9.83,5501.09
2021-02-03,8.09,3403.2,432.33,2566.59,9.87,5485.2
2021-02-04,8.12,3435.55,426.46,2507.07,9.89,5473.95
2021-02-05,8.23,3465.75,418.63,2611.68,9.85,5483.41
2021-02-08,8.21,3578.62,419.02,2855.37,9.89,5564.56
2021-02-09,8.2,3600.19,429.2,3066.23,10.05,5686.25
2021-02-10,8.31,3633.98,435.85,3075.25,10.13,5807.72
2021-02-18,8.3,3584.37,439.11,3003.1,10.53,5768.38
2021-02-19,8.3,3759.79,445.5,3016.45,10.39,5778.84
2021-02-22,8.43,3640.45,442.24,2800.18,10.75,5597.33
2021-02-23,8.44,3527.57,437.68,2768.25,10.82,5579.67
2021-02-24,8.36,3469.34,434.15,2663.99,10.63,5437.57
2021-02-25,8.51,3462.15,432.85,2599.06,10.76,5469.56
2021-02-26,8.43,3398.89,429.98,2534.3,10.57,5336.76
2021-03-01,8.4,3440.58,434.02,2546.21,10.65,5418.78
2021-03-02,8.35,3383.07,435.07,2528.71,10.4,5349.63
2021-03-03,8.52,3431.24,437.42,2552.16,10.5,5452.21
2021-03-04,8.52,3275.23,428.29,2456.56,10.49,5280.71
2021-03-05,8.64,3272.36,429.33,2471.17,10.56,5262.8
2021-03-08,8.6,3153.02,427.76,2390.54,10.63,5080.02
2021-03-09,8.53,3020.01,418.37,2364.93,10.58,4971.0
2021-03-10,8.46,3053.8,416.94,2428.6,10.45,5003.61
2021-03-11,8.55,3117.07,425.29,2457.46,10.53,5128.22
2021-03-12,8.51,3130.01,419.29,2460.35,10.53,5146.38
2021-03-15,8.62,3043.74,383.81,2355.73,10.7,5035.54
2021-03-16,8.67,3096.94,388.11,2384.41,10.62,5079.36
2021-03-17,8.6,3137.92,413.94,2438.52,10.5,5100.86
2021-03-18,8.55,3178.18,412.89,2463.96,10.48,5141.77
2021-03-19,8.42,3092.63,400.9,2391.99,10.24,5007.09
2021-03-22,8.48,3113.47,402.59,2415.98,10.28,5057.15
2021-03-23,8.46,3092.63,403.24,2395.41,10.24,5009.25
2021-03-24,8.47,3102.69,394.63,2411.11,10.19,4928.69
2021-03-25,8.42,3112.76,392.42,2452.23,10.2,4926.35
2021-03-26,8.41,3194.71,400.24,2592.56,10.22,5037.99
2021-03-29,8.53,3196.15,397.24,2426.08,10.28,5046.88
2021-03-30,8.55,3186.09,398.16,2386.21,10.32,5094.73
2021-04-01,8.57,3188.96,399.07,2361.5,10.3,5110.78
2021-04-02,8.48,3203.34,401.81,2391.81,10.32,5161.56
2021-04-06,8.48,3223.47,399.2,2323.08,10.28,5140.34
2021-04-07,8.52,3134.32,395.42,2272.22,10.37,5103.74
2021-04-08,8.51,3237.13,392.29,2301.62,10.37,5112.21
2021-04-09,8.48,3153.02,384.98,2252.19,10.41,5035.34
2021-04-12,8.55,3117.79,381.2,2180.58,10.41,4947.75
2021-04-13,8.58,3153.02,380.94,2191.41,10.33,4939.64
2021-04-14,8.52,3144.39,381.98,2195.01,10.36,4980.63
2021-04-15,8.52,3081.84,377.29,2182.39,10.39,4948.97
2021-04-16,8.5,3096.94,385.64,2206.92,10.49,4966.18
2021-04-19,8.51,3174.58,392.94,2249.13,10.45,5087.02
2021-04-20,8.45,3167.39,388.5,2245.52,10.43,5083.37
2021-04-21,8.43,3143.67,384.85,2264.1,10.27,5098.74
2021-04-22,8.39,3165.96,400.9,2249.67,10.24,5089.24
2021-04-23,8.35,3204.06,396.46,2268.79,10.2,5135.45
2021-04-26,8.33,3140.07,395.81,2211.25,10.18,5077.24
2021-04-27,8.3,3147.98,395.68,2249.13,10.17,5090.52
2021-04-28,8.25,3113.47,401.29,2194.83,10.22,5119.24
2021-04-29,8.28,3316.93,396.46,2241.37,10.27,5164.17
2021-04-30,8.18,3235.69,393.33,2114.75,10.27,5123.49
2021-05-06,8.17,3142.23,387.72,2087.33,10.39,5061.12
2021-05-07,8.28,3067.46,382.77,2014.64,10.43,4996.05
2021-05-10,8.31,2989.82,385.24,1996.42,10.56,4992.42
2021-05-11,8.29,3051.65,386.68,2011.93,10.49,5023.06
2021-05-12,8.32,3049.49,388.5,2034.66,10.56,5044.55
2021-05-13,8.3,3078.97,383.29,2077.77,10.46,4992.97
2021-05-14,8.34,3114.91,395.03,2121.96,10.41,5110.59
2021-05-17,8.33,3142.95,395.94,2229.29,10.45,5184.99
2021-05-18,8.32,3108.44,399.98,2234.7,10.59,5187.6
2021-05-19,8.27,3081.12,395.55,2209.26,10.46,5172.27
2021-05-20,8.29,3161.64,395.16,2213.05,10.35,5186.41
2021-05-21,8.22,3095.5,390.2,2192.67,10.37,5134.15
2021-05-24,8.24,3103.41,399.59,2196.82,10.41,5155.59
2021-05-25,8.32,3240.01,405.85,2249.13,10.46,5318.48
2021-05-26,8.32,3242.88,403.9,2405.33,10.52,5320.59
2021-05-27,8.32,3217.72,414.07,2461.61,10.52,5338.23
2021-05-28,8.33,3207.65,424.89,2424.09,10.52,5321.09
2021-05-31,8.27,3202.62,425.81,2440.33,10.45,5331.57
2021-06-01,8.23,3186.09,427.37,2429.5,10.52,5341.68
2021-06-02,8.24,3128.57,416.68,2438.52,10.54,5289.97
2021-06-03,8.2,3131.45,443.28,2429.5,10.58,5255.29
2021-06-04,8.22,3137.2,446.15,2470.45,10.54,5282.28
2021-06-07,8.22,3001.32,454.5,2428.24,10.59,5277.63
2021-06-08,8.25,3013.54,449.02,2298.55,10.56,5232.12
2021-06-09,8.24,3154.45,445.37,2271.49,10.69,5236.45
2021-06-10,8.25,3124.98,447.59,2277.99,10.66,5271.47
2021-06-11,8.24,3101.25,438.98,2225.5,10.76,5224.7
2021-06-15,8.21,3063.87,436.37,2179.32,10.79,5166.56
2021-06-16,8.22,3118.51,432.72,2186.9,10.82,5080.49
2021-06-17,8.23,3096.94,443.55,2180.22,10.71,5101.89
2021-06-18,8.23,3062.43,461.15,2174.09,10.56,5102.47
2021-06-21,8.2,3030.8,451.63,2176.8,10.45,5090.39
2021-06-22,8.21,3012.11,442.37,2256.88,10.63,5122.16
2021-06-23,8.19,3025.05,446.15,2237.94,10.65,5147.39
2021-06-24,8.25,3020.73,436.5,2195.01,10.62,5155.97
2021-06-25,8.29,3040.14,437.42,2245.52,10.62,5239.97
2021-06-28,8.23,3032.24,451.24,2323.08,10.57,5251.76
2021-06-29,8.22,3032.24,440.15,2307.03,10.53,5190.54
2021-06-30,8.22,2998.45,449.15,2332.46,10.54,5224.04
2021-07-01,8.32,3010.67,443.68,2404.25,10.5,5229.66
2021-07-02,8.31,2971.13,429.85,2321.46,10.48,5081.12
2021-07-05,8.25,2881.98,434.29,2326.51,10.46,5085.79
2021-07-06,8.27,2869.76,425.68,2225.68,10.49,5083.1
2021-07-07,8.26,2873.35,422.16,2210.71,10.43,5140.49
2021-07-08,8.21,2810.09,420.46,2155.33,10.33,5088.26
2021-07-09,8.17,2817.28,423.59,2123.04,10.33,5069.44
2021-07-12,8.08,2841.72,464.41,2133.51,10.3,5132.71
2021-07-13,8.06,2879.82,479.93,2176.62,10.35,5142.1
2021-07-14,8.02,2891.33,485.67,2182.57,10.31,5083.08
2021-07-15,8.06,2924.4,482.67,2160.74,10.3,5151.46
2021-07-16,8.05,2874.07,483.59,2132.96,10.27,5094.77
2021-07-19,8.04,2871.2,510.59,2223.87,10.17,5113.49
2021-07-20,8.02,2859.69,501.85,2169.76,10.18,5108.99
2021-07-21,8.0,2863.29,498.19,2166.51,10.11,5144.04
2021-07-22,8.02,2871.2,500.15,2139.46,10.18,5151.75
2021-07-23,8.01,2802.18,490.11,2127.01,10.15,5089.23
2021-07-26,7.98,2728.85,487.24,2140.9,10.13,4925.3
2021-07-27,7.93,2612.38,495.33,2061.54,10.1,4751.31
2021-07-28,7.98,2668.46,502.11,2057.93,10.05,4760.48
2021-07-29,7.93,2705.13,505.5,2075.42,10.05,4850.27
2021-07-30,7.9,2751.14,521.8,2030.51,10.06,4811.17
2021-08-02,7.91,2816.56,547.24,2035.2,10.07,4933.74
2021-08-03,7.88,2902.11,534.84,2058.29,10.05,4934.46
2021-08-04,7.85,2850.35,551.28,2048.55,10.07,4978.85
2021-08-05,7.84,2867.6,541.37,2033.76,10.06,4948.67
2021-08-06,7.83,2895.64,532.89,1986.68,10.04,4921.56
2021-08-09,7.85,2940.93,533.8,2001.47,10.07,4985.56
2021-08-10,7.86,2957.47,536.15,1994.8,10.07,5043.15
2021-08-11,7.96,2904.27,494.67,1984.51,10.13,5015.34
2021-08-12,7.94,2874.79,491.8,1972.43,10.14,4973.35
2021-08-13,7.92,2887.73,478.76,1950.42,10.07,4945.98
2021-08-16,7.93,2880.54,480.2,1944.29,10.18,4941.07
2021-08-17,7.93,2794.99,472.37,1908.58,10.13,4837.4
2021-08-18,7.98,2782.05,474.98,1902.8,10.18,4894.24
2021-08-19,7.95,2750.42,489.06,1906.05,10.01,4862.14
2021-08-20,7.97,2739.63,479.8,1845.08,10.02,4769.27
2021-08-23,7.94,2739.63,481.24,1816.58,10.05,4835.88
2021-08-24,7.94,2744.67,475.37,1817.67,10.07,4888.39
2021-08-25,7.94,2771.27,463.89,1849.59,10.13,4898.16
2021-08-26,7.93,2730.29,460.5,1796.92,10.17,4801.61
2021-08-27,7.95,2759.04,467.28,1783.76,10.2,4827.04
2021-08-30,7.88,2732.44,446.15,1893.79,10.31,4813.27
2021-08-31,7.93,2795.71,451.37,1844.9,10.41,4805.61
2021-09-01,7.99,2951.72,458.15,1888.01,10.43,4869.46
2021-09-02,8.0,2940.21,450.72,1876.47,10.48,4869.41
2021-09-03,8.04,2950.28,451.89,1902.26,10.54,4843.06
2021-09-06,8.04,2980.47,460.89,1954.03,10.54,4933.73
2021-09-07,8.06,2971.13,459.72,1949.52,10.7,4992.83
2021-09-08,8.08,2951.72,470.15,1930.76,10.76,4972.13
2021-09-09,8.06,2939.49,470.28,1931.48,10.92,4970.01
2021-09-10,8.1,2967.53,477.33,1938.7,10.79,5013.52
2021-09-13,8.08,2924.4,464.15,1973.33,10.98,4991.66
2021-09-14,8.02,2900.67,455.28,2014.64,10.92,4917.16
2021-09-15,7.99,2853.22,459.07,1994.8,11.02,4867.32
2021-09-16,7.99,2870.48,460.89,1955.11,10.92,4807.7
2021-09-17,8.01,2902.11,461.81,1976.94,10.92,4855.94
2021-09-22,7.94,2892.05,459.2,1992.27,11.19,4821.77
2021-09-23,7.97,2917.93,475.24,2000.21,11.11,4853.2
2021-09-24,7.95,3016.42,467.94,2031.77,10.98,4849.43
2021-09-27,7.94,3030.8,470.41,2060.81,10.88,4877.37
2021-09-28,7.97,3050.21,464.41,2033.58,11.24,4883.83
2021-09-29,7.99,3060.99,444.2,2010.67,10.88,4833.93
2021-09-30,7.97,3060.99,450.46,2009.05,10.88,4866.38
2021-10-08,8.02,3199.03,459.98,2030.15,11.05,4929.94
2021-10-11,8.05,3188.24,469.63,1995.16,11.09,4936.19
2021-10-12,8.06,3139.36,467.02,1956.92,10.95,4883.84
2021-10-13,8.03,3198.31,473.41,2012.83,10.71,4940.11
2021-10-14,8.02,3155.89,461.54,1997.14,10.72,4913.61
2021-10-15,8.06,3160.2,464.02,1950.42,10.83,4932.11
2021-10-18,8.04,3125.7,458.68,1942.85,10.95,4874.78
2021-10-19,8.03,3103.41,462.85,1939.24,10.97,4922.72
2021-10-20,8.01,3082.56,458.94,1928.24,10.87,4910.18
2021-10-21,8.05,3095.5,454.11,1940.68,10.91,4928.02
2021-10-22,8.04,3218.44,452.15,1940.68,10.75,4959.73
2021-10-25,8.03,3262.29,461.02,1945.37,10.87,4979.52
2021-10-26,8.01,3266.61,463.76,1940.5,10.83,4963.1
2021-10-27,8.01,3246.48,455.68,1902.44,10.74,4898.16
2021-10-28,7.98,3280.98,448.24,1838.95,10.54,4864.14
2021-10-29,7.98,3442.02,443.81,1861.32,10.61,4908.77
2021-11-01,8.04,3410.39,427.76,1870.34,10.57,4890.69
2021-11-02,7.96,3440.58,424.76,1849.59,10.48,4839.85
2021-11-03,7.95,3356.47,423.72,1867.09,10.48,4821.11
2021-11-04,7.96,3431.96,431.42,1867.99,10.46,4868.74
2021-11-05,7.97,3459.28,426.59,1856.27,10.4,4842.35
2021-11-08,7.94,3406.08,424.63,1833.0,10.4,4848.18
2021-11-09,7.95,3386.67,429.07,1837.33,10.35,4846.74
2021-11-10,7.93,3298.24,432.59,1843.28,10.39,4821.19
2021-11-11,7.97,3384.51,437.68,1852.3,10.41,4898.65
2021-11-12,7.96,3370.13,433.37,1837.33,10.43,4888.37
2021-11-15,7.98,3390.26,429.72,1863.12,10.41,4882.38
2021-11-16,7.96,3390.26,431.81,1893.24,10.43,4883.32
2021-11-17,7.96,3329.87,436.76,1886.03,10.43,4885.75
2021-11-18,7.95,3312.62,433.37,1868.53,10.39,4837.62
2021-11-19,7.97,3287.45,435.59,1868.89,10.52,4890.06
2021-11-22,7.94,3242.88,440.94,1864.74,10.45,4912.4
2021-11-23,7.94,3232.1,441.2,1858.61,10.44,4913.35
2021-11-24,7.95,3221.31,444.2,1852.3,10.49,4916.66
2021-11-25,7.94,3249.35,437.81,1879.9,10.44,4896.44
2021-11-26,7.92,3168.11,425.55,1851.04,10.4,4860.13
2021-11-29,7.88,3207.65,422.55,1831.56,10.36,4851.42
2021-11-30,7.88,3166.67,418.5,1838.41,10.33,4832.03
2021-12-01,7.91,3132.89,421.37,1839.67,10.45,4843.85
2021-12-02,7.92,3109.88,417.2,1840.75,10.53,4856.16
2021-12-03,7.92,3219.16,421.89,1849.59,10.54,4901.02
2021-12-06,7.94,3213.4,420.07,1859.51,10.52,4892.62
2021-12-07,7.97,3224.91,422.55,1880.08,10.58,4922.1
2021-12-08,7.95,3304.71,425.02,1886.39,10.57,4995.93
2021-12-09,7.97,3327.71,434.81,1926.25,10.63,5078.69
2021-12-10,7.97,3390.98,437.15,1922.1,10.57,5055.12
2021-12-13,7.94,3391.7,446.94,1924.45,10.57,5083.8
2021-12-14,7.93,3367.97,445.5,1919.04,10.49,5049.7
2021-12-15,7.92,3326.28,451.76,1895.05,10.48,5005.9
2021-12-16,7.93,3323.4,448.63,1899.2,10.57,5034.73
2021-12-17,7.92,3295.36,444.33,1881.88,10.54,4954.76
2021-12-20,7.92,3294.64,434.15,1954.75,10.52,4880.42
2021-12-21,7.96,3338.5,438.98,1968.64,10.56,4913.49
2021-12-22,7.95,3337.78,441.33,2008.32,10.54,4914.45
2021-12-23,7.96,3333.47,445.11,1970.26,10.61,4948.74
2021-12-24,7.96,3396.73,436.37,2041.87,10.56,4921.34
2021-12-27,7.97,3366.54,450.46,2034.12,10.61,4919.32
2021-12-28,7.99,3362.94,448.63,2017.52,10.59,4955.96
2021-12-29,7.97,3305.43,444.46,1994.8,10.59,4883.48
2021-12-30,7.95,3324.12,448.5,1994.8,10.57,4921.51
2021-12-31,7.94,3331.31,455.28,2132.78,10.58,4940.37
2022-01-04,7.98,3276.67,454.24,2130.98,10.62,4917.77
2022-01-05,8.02,3348.56,448.11,2022.93,10.65,4868.12
2022-01-06,8.01,3224.91,449.94,2064.42,10.63,4818.23
2022-01-07,8.05,3235.69,455.28,2092.38,10.74,4822.37
2022-01-10,8.06,3300.39,469.37,2124.67,10.72,4844.05
2022-01-11,8.06,3213.4,463.89,2220.27,10.67,4797.77
2022-01-12,8.03,3220.59,462.85,2158.76,10.7,4845.58
2022-01-13,8.04,3154.45,454.63,2132.78,10.76,4765.92
2022-01-14,7.99,3144.39,448.76,2127.37,10.61,4726.73
2022-01-17,7.96,3165.96,465.59,2088.05,10.58,4767.28
2022-01-18,8.0,3184.65,465.85,2093.46,10.72,4813.35
2022-01-19,8.01,3176.74,457.24,2026.36,10.72,4780.38
2022-01-20,8.06,3230.66,462.07,2040.79,10.74,4823.51
2022-01-21,8.01,3230.66,448.11,2004.0,10.66,4779.31
2022-01-24,8.01,3183.21,434.15,1969.54,10.65,4786.74
2022-01-25,7.98,3130.01,423.07,1913.63,10.53,4678.45
2022-01-26,8.0,3145.83,424.24,1919.76,10.61,4712.31
2022-01-27,7.99,3091.19,410.42,1881.7,10.58,4619.88
2022-01-28,7.97,3087.59,411.46,1873.58,10.53,4563.77
2022-02-07,8.05,3137.2,403.11,1883.5,10.75,4634.09
2022-02-08,8.17,3129.29,407.16,1932.57,10.83,4608.77
2022-02-09,8.16,3221.31,419.81,1963.95,10.79,4652.06
2022-02-10,8.18,3227.06,413.81,1955.11,10.87,4639.86
2022-02-11,8.19,3214.12,410.42,1924.45,10.93,4601.4
2022-02-14,8.11,3226.35,400.5,1907.67,10.85,4551.69
2022-02-15,8.07,3217.72,401.29,1939.96,10.74,4600.1
2022-02-16,8.09,3247.19,401.29,1922.83,10.74,4617.99
2022-02-17,8.09,3257.26,398.03,1920.84,10.74,4629.16
2022-02-18,8.13,3266.61,401.68,1913.99,10.78,4651.24
2022-02-21,8.14,3298.96,412.5,1916.15,10.75,4634.31
2022-02-22,8.09,3261.57,404.16,1897.39,10.8,4574.15
2022-02-23,8.08,3243.6,410.42,1903.35,10.71,4623.05
2022-02-24,8.01,3191.84,398.55,1873.94,10.79,4529.32
2022-02-25,7.98,3190.4,399.2,1891.08,10.67,4573.42
2022-02-28,7.97,3191.84,397.37,1873.04,10.71,4581.65
2022-03-01,7.99,3190.4,401.42,1878.27,10.7,4619.69
2022-03-02,8.01,3171.71,399.2,1884.41,10.75,4578.6
2022-03-03,8.05,3178.18,396.98,1870.52,10.85,4551.63
2022-03-04,8.03,3179.62,393.33,1846.17,10.78,4496.43
2022-03-07,7.96,3050.21,359.42,1791.87,10.74,4352.78
2022-03-08,7.93,2987.66,353.03,1726.76,10.58,4265.39
2022-03-09,7.86,2984.07,348.99,1669.76,10.46,4226.35
2022-03-10,7.86,2992.7,349.64,1691.22,10.48,4292.84
2022-03-11,7.92,3104.13,344.94,1725.13,10.48,4306.52
2022-03-14,7.9,3029.36,332.16,1693.21,10.43,4174.76
2022-03-15,7.84,2895.64,312.47,1616.0,10.26,3983.81
2022-03-16,7.85,3019.3,324.99,1643.6,10.36,4156.08
2022-03-17,7.82,3025.05,326.29,1672.82,10.39,4237.7
2022-03-18,7.85,3068.18,331.38,1693.75,10.45,4265.9
2022-03-21,7.84,3010.67,327.07,1712.87,10.43,4258.75
2022-03-22,7.9,3019.3,326.55,1701.32,10.48,4255.3
2022-03-23,7.87,2997.73,357.33,1712.51,10.45,4276.52
2022-03-24,7.88,2974.72,365.55,1720.62,10.48,4251.31
2022-03-25,7.93,2920.8,349.12,1707.28,10.49,4174.57
2022-03-28,8.0,2940.93,342.46,1704.93,10.66,4148.47
2022-03-29,8.03,2917.21,332.16,1698.98,10.71,4134.14
2022-03-30,8.02,3006.35,335.68,1717.38,10.7,4254.1
2022-03-31,8.08,3002.76,330.07,1720.98,10.7,4222.6
2022-04-01,8.1,3035.11,330.46,1706.19,10.76,4276.16
2022-04-06,8.15,3025.05,328.51,1707.46,10.82,4263.84
2022-04-07,8.14,2997.01,320.68,1668.49,10.75,4209.1
2022-04-08,8.13,3007.79,318.07,1692.3,10.78,4230.77
2022-04-11,8.09,2976.16,303.6,1648.65,10.72,4100.07
2022-04-12,8.09,3043.02,308.42,1668.31,10.74,4179.97
2022-04-13,8.1,3059.56,305.29,1662.0,10.74,4139.74
2022-04-14,8.08,3132.89,309.6,1665.25,10.79,4191.57
2022-04-15,8.07,3126.41,314.29,1654.06,10.74,4188.75
2022-04-18,8.03,3106.29,320.55,1641.44,10.66,4166.38
2022-04-19,8.04,3093.34,313.64,1616.19,10.75,4134.9
2022-04-20,8.05,3142.23,311.03,1606.44,10.67,4070.79
2022-04-21,8.09,3113.47,302.55,1578.67,10.59,3995.83
2022-04-22,8.16,3107.72,315.86,1588.77,10.71,4013.25
2022-04-25,8.06,3034.39,302.55,1525.82,10.53,3814.91
2022-04-26,8.13,3073.21,311.29,1543.85,10.48,3784.12
2022-04-27,8.02,3154.45,327.59,1563.7,10.57,3895.54
2022-04-28,8.08,3086.87,327.59,1575.6,10.7,3921.11
2022-04-29,8.09,3116.35,333.07,1621.06,10.72,4016.24
2022-05-05,8.06,3134.32,328.12,1657.85,10.74,4010.21
2022-05-06,8.05,3066.03,321.33,1657.09,10.65,3908.82
2022-05-09,8.07,3071.06,320.42,1650.02,10.67,3877.44
2022-05-10,8.04,3158.05,327.46,1655.33,10.67,3919.87
2022-05-11,7.97,3132.89,326.81,1676.79,10.66,3976.42
2022-05-12,7.96,3137.92,326.94,1680.07,10.63,3958.74
2022-05-13,8.01,3114.91,325.64,1801.79,10.69,3988.6
2022-05-16,7.99,3033.67,323.81,1845.23,10.71,3956.54
2022-05-17,7.97,3055.24,332.16,1746.24,10.74,4005.89
2022-05-18,7.93,3061.71,332.81,1726.03,10.69,3991.91
2022-05-19,7.92,3005.64,331.25,1712.4,10.66,3999.6
2022-05-20,7.94,3059.56,332.42,1728.81,10.7,4077.6
2022-05-23,7.93,3023.61,326.68,1718.46,10.69,4053.98
2022-05-24,7.98,3017.86,313.9,1673.26,10.65,3959.15
2022-05-25,7.97,3020.73,316.12,1682.6,10.72,3983.18
2022-05-26,7.96,3037.27,337.9,1696.24,10.78,3993.04
2022-05-27,7.98,3053.08,336.59,1694.72,10.82,4001.3
2022-05-30,7.96,3058.84,335.29,1691.44,10.8,4029.02
2022-05-31,7.97,3082.56,339.59,1698.26,10.88,4091.52
2022-06-01,7.96,3050.93,335.94,1678.31,10.8,4083.18
2022-06-02,7.94,3019.3,338.16,1677.04,10.83,4089.57
2022-06-06,7.91,3019.3,344.68,1695.48,10.85,4166.09
2022-06-07,7.92,3035.11,343.77,1719.22,10.91,4179.13
2022-06-08,7.95,3087.59,343.51,1711.14,10.95,4219.81
2022-06-09,7.97,3081.84,338.55,1690.93,10.96,4175.67
2022-06-10,8.0,3103.41,341.42,1703.31,10.98,4238.99
2022-06-13,7.98,3084.72,344.42,1685.13,10.91,4189.35
2022-06-14,8.03,3134.32,345.33,1679.32,11.0,4222.31
2022-06-15,8.04,3156.61,356.03,1731.84,10.95,4278.22
2022-06-16,8.01,3155.89,355.9,1735.88,10.87,4250.06
2022-06-17,8.06,3172.43,357.46,1746.24,10.84,4309.04
2022-06-20,8.01,3144.39,355.12,1766.94,10.78,4330.43
2022-06-21,8.07,3132.89,354.72,1745.73,10.78,4325.57
2022-06-22,8.06,3111.32,347.68,1728.81,10.72,4270.62
2022-06-23,8.08,3122.82,350.42,1741.69,10.78,4343.88
2022-06-24,8.05,3151.58,347.03,1742.2,10.79,4394.77
2022-06-27,8.02,3201.9,350.81,1753.56,10.82,4444.26
2022-06-28,8.04,3209.09,354.85,1758.86,10.82,4490.52
2022-06-29,8.08,3155.17,353.16,1753.31,10.82,4421.36
2022-06-30,8.08,3219.88,355.25,1799.02,10.79,4485.01
2022-07-01,8.08,3183.21,351.72,1789.42,10.79,4466.72
2022-07-04,8.08,3138.64,349.9,1817.7,10.82,4496.03
2022-07-05,8.11,3107.0,346.77,1810.38,10.84,4489.54
2022-07-06,8.09,3081.12,344.03,1777.05,10.78,4423.97
2022-07-07,8.07,3052.37,344.29,1764.17,10.76,4443.47
2022-07-08,8.08,3032.24,344.03,1767.95,10.79,4428.78
2022-07-11,8.1,3015.7,343.77,1744.22,10.79,4354.62
2022-07-12,8.12,3035.11,335.29,1701.03,10.8,4313.62
2022-07-13,8.02,3004.92,332.03,1695.73,10.78,4321.46
2022-07-14,7.97,3014.26,330.46,1707.6,10.76,4322.07
2022-07-15,7.93,2984.79,328.51,1700.53,10.71,4248.53
2022-07-18,7.97,3011.39,340.38,1707.35,10.82,4292.59
2022-07-19,7.99,3019.3,348.72,1698.0,10.82,4269.34
2022-07-20,8.05,3043.74,348.99,1712.65,10.82,4283.8
2022-07-21,7.99,3016.42,348.33,1710.88,10.8,4236.06
2022-07-22,8.01,3027.92,348.33,1702.04,10.83,4238.23
2022-07-25,8.05,3051.65,344.81,1709.12,10.82,4212.64
2022-07-26,8.02,3049.49,343.38,1714.92,10.84,4245.98
2022-07-27,7.99,3037.27,342.46,1709.62,10.82,4225.04
2022-07-28,7.99,3063.15,346.25,1696.49,10.84,4225.67
2022-07-29,7.98,2995.57,340.77,1666.94,10.83,4170.1
2022-08-01,7.97,2996.29,335.29,1654.57,10.83,4188.68
2022-08-02,7.95,2957.47,324.86,1631.08,10.79,4107.02
2022-08-03,7.92,2947.4,325.25,1635.12,10.76,4066.98
2022-08-04,7.97,2977.6,329.68,1644.47,10.78,4101.54
2022-08-05,7.99,3033.67,353.29,1651.03,10.79,4156.91
2022-08-08,7.95,3032.24,349.12,1659.11,10.82,4148.07
2022-08-09,7.94,3035.11,350.29,1642.7,10.83,4156.29
2022-08-10,7.93,3004.2,346.64,1632.6,10.83,4109.74
2022-08-11,7.96,3043.74,351.99,1654.82,10.87,4193.54
2022-08-12,7.96,3052.37,349.12,1662.15,10.88,4191.15
2022-08-15,7.94,3025.77,344.29,1650.53,10.87,4185.68
2022-08-16,7.93,3030.08,339.59,1650.53,10.84,4177.84
2022-08-17,7.94,3032.24,347.29,1663.16,10.88,4216.96
2022-08-18,7.92,3007.79,344.42,1646.24,10.85,4180.1
2022-08-19,7.93,2991.98,344.16,1637.9,10.87,4151.07
2022-08-22,7.93,2998.45,346.51,1645.98,10.91,4181.4
2022-08-23,7.92,2966.81,342.33,1635.12,10.93,4161.08
2022-08-24,7.92,2947.4,334.12,1615.93,10.89,4082.42
2022-08-25,7.94,2993.41,337.38,1617.95,10.98,4116.24
2022-08-26,7.95,3021.45,342.2,1624.01,11.01,4107.55
2022-08-29,7.93,3004.2,336.33,1623.0,11.02,4089.52
2022-08-30,7.96,3017.14,341.81,1569.21,11.06,4075.79
2022-08-31,7.98,2989.1,341.81,1596.24,11.04,4078.84
2022-09-01,7.96,2903.55,335.68,1586.39,10.98,4043.74
2022-09-02,7.95,2856.82,338.81,1579.32,11.02,4023.61
2022-09-05,7.96,2818.72,335.68,1565.43,11.13,4015.43
2022-09-06,7.96,2837.41,343.25,1571.24,11.22,4052.28
2022-09-07,7.95,2807.93,342.86,1564.16,11.22,4054.98
2022-09-08,7.95,2811.53,340.38,1564.42,11.22,4037.68
2022-09-09,7.96,2842.44,345.2,1587.9,11.27,4093.79
2022-09-13,7.98,2845.32,348.59,1605.07,11.24,4111.11
2022-09-14,7.96,2835.25,349.38,1616.19,11.18,4065.36
2022-09-15,7.99,2841.72,344.03,1615.43,11.21,4027.12
2022-09-16,7.96,2783.49,342.59,1591.18,11.08,3932.68
2022-09-19,7.98,2784.93,325.77,1589.67,11.13,3928.0
2022-09-20,7.97,2767.67,323.68,1585.38,11.18,3932.84
2022-09-21,7.97,2754.73,323.03,1585.38,11.22,3903.73
2022-09-22,7.99,2720.22,316.51,1569.47,11.4,3869.34
2022-09-23,8.0,2752.57,313.51,1587.14,11.5,3856.02
2022-09-26,7.95,2746.1,305.55,1564.67,11.24,3836.68
2022-09-27,7.94,2807.93,309.73,1582.85,11.26,3892.3
2022-09-28,7.95,2810.81,302.81,1580.58,11.22,3828.71
2022-09-29,7.93,2813.68,299.29,1600.02,11.23,3827.14
2022-09-30,7.95,2790.68,301.38,1595.98,11.27,3804.89
2022-10-10,7.96,2741.79,290.94,1582.09,11.34,3720.94
2022-10-11,7.97,2746.1,289.9,1576.54,11.31,3727.69
2022-10-12,8.0,2760.48,299.68,1587.14,11.34,3784.31
2022-10-13,7.95,2760.48,300.21,1597.25,11.26,3752.67
2022-10-14,7.94,2778.46,306.2,1636.39,11.32,3842.47
2022-10-17,7.95,2792.83,310.77,1628.31,11.27,3846.41
2022-10-18,7.95,2775.58,310.9,1665.43,11.27,3838.27
2022-10-19,7.94,2756.17,308.16,1646.49,11.23,3776.53
2022-10-20,7.95,2598.01,309.73,1634.11,11.24,3754.93
2022-10-21,7.95,2572.12,309.47,1634.37,11.34,3742.89
2022-10-24,7.96,2497.36,303.99,1604.57,11.32,3633.37
2022-10-25,7.94,2515.33,303.34,1603.56,11.26,3627.45
2022-10-26,7.88,2511.73,311.29,1643.96,11.19,3656.9
2022-10-27,7.85,2487.29,311.16,1665.43,11.26,3631.14
2022-10-28,7.85,2280.24,300.86,1657.35,11.26,3541.33
2022-10-31,7.74,2234.23,311.42,1651.79,10.98,3508.7
2022-11-01,7.67,2327.69,315.07,1662.9,11.04,3634.17
2022-11-02,7.66,2385.2,319.77,1654.57,11.05,3677.81
2022-11-03,7.65,2334.88,313.12,1644.72,11.15,3647.9
2022-11-04,7.68,2413.24,324.86,1660.88,11.19,3767.17
2022-11-07,7.67,2411.8,331.25,1650.02,11.24,3775.3
2022-11-08,7.68,2386.64,328.12,1639.67,11.26,3749.33
2022-11-09,7.69,2375.86,321.6,1650.53,11.26,3714.27
2022-11-10,7.7,2411.8,320.81,1671.49,11.22,3685.69
2022-11-11,7.74,2462.85,333.07,1682.6,11.27,3788.44
2022-11-14,7.74,2458.53,336.86,1713.16,11.27,3794.02
2022-11-15,7.76,2518.92,339.59,1718.46,11.26,3865.97
2022-11-16,7.75,2518.92,337.9,1709.62,11.28,3834.39
2022-11-17,7.76,2521.8,342.33,1720.23,11.3,3818.66
2022-11-18,7.76,2513.17,349.9,1740.43,11.22,3801.57
2022-11-21,7.77,2485.85,349.12,1726.03,11.21,3769.13
2022-11-22,7.83,2480.82,348.46,1699.52,11.31,3769.57
2022-11-23,7.86,2466.44,342.07,1689.92,11.41,3773.53
2022-11-24,7.85,2467.16,338.42,1692.7,11.39,3756.81
2022-11-25,7.92,2468.6,340.51,1711.14,11.53,3775.78
2022-11-28,7.84,2466.44,334.51,1689.17,11.48,3733.24
2022-11-29,7.92,2512.45,342.99,1711.14,11.53,3848.42
2022-11-30,7.9,2493.76,341.81,1702.8,11.58,3853.04
2022-12-01,7.85,2569.97,350.94,1719.97,11.56,3894.77
2022-12-02,7.84,2557.75,348.99,1709.12,11.54,3870.95
2022-12-05,7.9,2622.45,371.29,1728.56,11.7,3946.88
2022-12-06,7.91,2661.27,373.38,1732.35,11.74,3968.2
2022-12-07,7.89,2690.03,369.2,1750.53,11.66,3958.44
2022-12-08,7.9,2664.87,369.98,1761.39,11.58,3959.18
2022-12-09,7.9,2719.5,368.03,1763.66,11.56,3998.24
2022-12-12,7.87,2702.25,369.07,1784.62,11.52,3953.44
2022-12-13,7.9,2669.18,365.94,1763.91,11.52,3945.68
2022-12-14,7.89,2700.09,369.46,1762.4,11.49,3954.89
2022-12-15,7.86,2674.21,368.55,1744.22,11.44,3951.99
2022-12-16,7.89,2678.53,365.81,1764.67,11.48,3954.23
2022-12-19,7.86,2676.37,359.16,1702.3,11.35,3893.22
2022-12-20,7.83,2612.38,353.42,1683.1,11.34,3829.02
2022-12-21,7.85,2643.3,350.16,1682.35,11.36,3830.54
2022-12-22,7.87,2637.55,348.07,1670.98,11.36,3836.03
2022-12-23,7.85,2655.52,350.29,1670.48,11.34,3828.22
2022-12-26,7.86,2617.42,349.25,1662.9,11.3,3843.49
2022-12-27,7.9,2659.83,357.72,1636.89,11.37,3887.85
2022-12-28,7.92,2643.3,350.68,1643.71,11.44,3871.26
2022-12-29,7.9,2638.98,355.51,1643.96,11.34,3856.7
2022-12-30,7.94,2648.33,359.55,1646.74,11.36,3871.63
2023-01-03,7.91,2626.76,360.46,1653.31,11.41,3887.9
2023-01-04,7.96,2618.14,367.11,1659.37,11.43,3892.95
2023-01-05,7.93,2687.15,367.11,1669.97,11.4,3968.58
2023-01-06,7.94,2684.28,361.38,1663.91,11.39,3980.89
2023-01-09,7.93,2691.47,356.68,1666.44,11.39,4013.12
2023-01-10,7.9,2756.89,354.72,1663.41,11.37,4017.47
2023-01-11,7.91,2752.57,365.16,1659.37,11.43,4010.03
2023-01-12,7.9,2736.76,369.2,1667.2,11.47,4017.87
2023-01-13,7.94,2762.64,366.98,1707.35,11.48,4074.38
2023-01-16,7.94,2820.87,371.81,1720.23,11.5,4137.96
2023-01-17,7.93,2846.03,368.29,1714.92,11.48,4137.24
2023-01-18,7.94,2736.76,371.81,1721.24,11.5,4130.31
2023-01-19,7.93,2750.42,371.94,1735.63,11.53,4156.01
2023-01-20,7.93,2743.95,379.11,1744.97,11.6,4181.53
2023-01-30,7.92,2810.09,374.55,1742.2,11.57,4201.35
2023-01-31,7.92,2761.92,369.72,1725.02,11.57,4156.86
2023-02-01,7.91,2761.92,374.16,1728.56,11.57,4195.93
2023-02-02,7.9,2757.61,373.77,1725.53,11.57,4181.15
2023-02-03,7.9,2722.38,375.85,1705.83,11.5,4141.63
2023-02-06,7.89,2656.96,372.2,1685.88,11.53,4086.88
2023-02-07,7.89,2649.77,376.64,1690.43,11.54,4094.23
2023-02-08,7.9,2667.02,371.16,1689.17,11.56,4076.14
2023-02-09,7.9,2684.28,385.24,1694.97,11.56,4130.86
2023-02-10,7.91,2681.4,390.07,1690.18,11.54,4106.31
2023-02-13,7.89,2690.75,389.55,1699.52,11.53,4143.57
2023-02-14,7.9,2693.62,391.11,1700.28,11.56,4145.29
2023-02-15,7.89,2661.27,401.81,1702.04,11.56,4123.69
2023-02-16,7.88,2639.7,411.72,1704.06,11.56,4093.49
2023-02-17,7.88,2626.04,387.07,1708.36,11.57,4034.51
2023-02-20,7.91,2673.49,407.94,1726.03,11.7,4133.49
2023-02-21,7.92,2683.56,415.63,1733.61,11.79,4144.35
2023-02-22,7.9,2652.64,421.89,1733.11,11.74,4106.95
2023-02-23,7.9,2648.33,410.68,1724.01,11.74,4103.65
2023-02-24,7.89,2620.29,414.85,1714.67,11.71,4061.05
2023-02-27,7.89,2612.38,430.37,1700.78,11.69,4043.84
2023-02-28,7.9,2609.51,442.76,1710.88,11.75,4069.46
2023-03-01,7.9,2656.96,451.5,1725.53,11.87,4126.94
2023-03-02,7.92,2658.4,447.33,1717.7,12.0,4117.74
2023-03-03,7.96,2652.64,439.37,1721.49,12.22,4130.55
2023-03-06,7.95,2628.92,449.55,1732.85,12.32,4109.01
2023-03-07,7.99,2572.12,428.55,1655.83,12.53,4048.85
2023-03-08,8.0,2567.09,431.81,1648.26,12.6,4034.11
2023-03-09,7.98,2544.09,447.33,1651.29,12.6,4019.85
2023-03-10,7.94,2512.45,443.41,1636.39,12.47,3967.14
2023-03-13,8.0,2538.33,465.85,1645.23,12.88,4008.69
2023-03-14,8.01,2543.37,462.2,1628.05,12.87,3984.7
2023-03-15,8.07,2518.21,452.81,1638.15,12.88,3986.9
2023-03-16,8.13,2511.73,445.11,1643.21,12.78,3939.15
2023-03-17,8.13,2495.2,474.59,1639.17,13.08,3958.82
2023-03-20,8.12,2471.47,461.81,1600.78,13.05,3939.08
2023-03-21,8.06,2503.11,464.41,1615.43,12.93,3982.38
2023-03-22,8.13,2495.92,488.15,1625.02,13.03,3999.44
2023-03-23,8.13,2505.26,499.63,1631.59,13.1,4039.09
2023-03-24,8.09,2513.89,483.85,1618.46,12.87,4027.05
2023-03-27,8.07,2513.17,469.5,1626.79,12.65,4012.48
2023-03-28,8.1,2504.55,476.15,1644.47,12.92,3999.51
2023-03-29,8.12,2482.98,474.72,1635.12,12.8,4006.14
2023-03-30,8.13,2518.92,434.42,1635.63,12.97,4038.53
2023-03-31,8.07,2513.17,446.94,1655.33,13.0,4050.93
2023-04-03,8.06,2503.83,443.28,1660.88,12.92,4090.57
2023-04-04,8.13,2512.45,446.41,1677.3,13.22,4103.11
2023-04-06,8.14,2498.79,461.02,1675.53,13.25,4096.64
2023-04-07,8.14,2514.61,504.85,1685.88,13.12,4123.28
2023-04-10,8.16,2494.48,486.59,1669.47,13.35,4104.81
2023-04-11,8.16,2470.04,479.41,1688.16,13.49,4100.15
2023-04-12,8.22,2444.16,504.19,1672.25,13.7,4097.29
2023-04-13,8.24,2439.84,473.15,1683.61,13.58,4068.98
2023-04-14,8.24,2426.9,470.94,1683.1,13.62,4092.0
2023-04-17,8.35,2445.59,461.54,1682.85,13.95,4149.38
2023-04-18,8.39,2467.88,476.41,1674.77,13.92,4162.03
2023-04-19,8.38,2448.47,483.33,1649.77,13.86,4124.56
2023-04-20,8.36,2438.4,508.76,1664.17,13.94,4113.02
2023-04-21,8.32,2432.65,499.24,1662.15,13.82,4032.57
2023-04-24,8.34,2386.64,518.28,1639.92,13.91,3982.64
2023-04-25,8.37,2397.43,503.41,1634.11,14.18,3962.67
2023-04-26,8.37,2393.83,482.15,1626.54,14.16,3959.23
2023-04-27,8.37,2418.27,474.46,1728.31,14.26,3988.42
2023-04-28,8.34,2544.81,486.85,1743.46,14.42,4029.09
2023-05-04,8.58,2565.65,460.89,1767.95,14.42,4030.25
2023-05-05,8.62,2555.59,458.54,1755.08,14.26,4016.88
2023-05-08,8.94,2585.78,472.24,1767.7,14.65,4062.66
2023-05-09,8.91,2569.25,454.76,1728.81,14.55,4027.88
2023-05-10,8.66,2564.22,441.2,1723.51,14.1,3996.87
2023-05-11,8.63,2546.24,435.46,1711.64,13.92,3990.66
2023-05-12,8.61,2559.9,427.24,1720.73,13.94,3937.76
2023-05-15,8.67,2595.13,431.29,1731.84,13.99,3998.89
2023-05-16,8.64,2580.03,433.24,1733.61,14.03,3978.21
2023-05-17,8.62,2563.5,435.33,1725.02,14.08,3960.17
2023-05-18,8.76,2552.71,450.85,1716.19,14.26,3956.07
2023-05-19,8.67,2565.65,453.2,1708.36,14.03,3944.54
2023-05-22,8.7,2608.79,446.94,1725.78,13.91,3969.33
2023-05-23,8.56,2624.61,434.55,1719.22,13.79,3913.19
2023-05-24,8.38,2576.44,436.37,1690.18,13.61,3859.09
2023-05-25,8.36,2557.03,446.81,1676.29,13.61,3850.5
2023-05-26,8.42,2538.33,466.37,1702.3,13.73,3850.95
2023-05-29,8.47,2517.49,476.41,1702.55,14.16,3833.94
2023-05-30,8.44,2518.21,483.72,1682.35,14.08,3837.75
2023-05-31,8.45,2490.89,486.33,1672.25,13.96,3798.54
2023-06-01,8.48,2511.02,495.85,1653.81,14.13,3806.87
2023-06-02,8.5,2559.18,497.41,1661.64,14.13,3861.83
2023-06-05,8.59,2541.21,497.67,1659.87,14.23,3844.25
2023-06-06,8.59,2540.49,488.02,1640.18,14.21,3808.16
2023-06-07,8.64,2540.49,492.59,1641.69,14.2,3789.34
2023-06-08,8.72,2548.4,489.06,1644.72,14.36,3820.19
2023-06-09,8.7,2564.94,502.24,1639.42,14.51,3836.7
2023-06-12,8.6,2568.53,496.63,1644.47,14.3,3844.43
2023-06-13,8.63,2574.28,507.19,1652.04,14.23,3864.91
2023-06-14,8.49,2584.35,507.85,1656.59,14.25,3864.02
2023-06-15,8.54,2600.88,519.19,1661.13,14.17,3925.5
2023-06-16,8.5,2605.91,536.15,1659.87,14.16,3963.35
2023-06-19,8.45,2582.91,545.02,1649.01,14.12,3930.91
2023-06-20,8.45,2566.37,596.8,1643.46,13.91,3924.24
2023-06-21,8.47,2564.94,585.97,1634.37,14.02,3864.03
2023-06-26,8.39,2559.9,573.32,1591.18,13.84,3809.7
2023-06-27,8.43,2550.56,606.45,1618.71,14.03,3845.43
2023-06-28,8.44,2545.52,583.1,1620.98,14.16,3840.8
2023-06-29,8.4,2523.96,616.75,1633.1,14.14,3821.84
2023-06-30,8.44,2530.43,621.45,1637.65,14.22,3842.45
2023-07-03,8.5,2588.66,617.67,1649.27,14.44,3892.88
2023-07-04,8.45,2589.38,609.19,1646.24,14.4,3899.01
2023-07-05,8.44,2562.78,596.67,1634.37,14.37,3868.81
2023-07-06,8.39,2551.99,591.97,1620.98,14.38,3842.75
2023-07-07,8.38,2556.31,588.19,1626.03,14.46,3825.7
2023-07-10,8.39,2534.74,580.49,1654.82,14.32,3844.33
2023-07-11,8.45,2543.37,592.36,1664.42,14.33,3869.49
2023-07-12,8.43,2533.3,568.76,1661.89,14.37,3843.44
2023-07-13,8.49,2578.59,581.54,1685.63,14.59,3898.42
2023-07-14,8.49,2512.45,601.49,1683.36,14.61,3899.1
2023-07-17,8.5,2475.07,603.58,1687.15,14.48,3867.17
2023-07-18,8.47,2457.1,586.36,1681.84,14.38,3854.94
2023-07-19,8.49,2452.78,577.76,1675.78,14.44,3850.87
2023-07-20,8.51,2448.47,551.67,1651.54,14.23,3823.69
2023-07-21,8.51,2465.72,551.54,1663.16,14.22,3821.91
2023-07-24,8.5,2454.94,564.58,1656.34,14.22,3805.22
2023-07-25,8.55,2490.17,560.41,1671.99,14.35,3915.12
2023-07-26,8.56,2487.29,540.71,1668.21,14.1,3907.01
2023-07-27,8.63,2490.17,536.41,1668.46,14.05,3902.35
2023-07-28,8.73,2541.93,540.84,1683.36,14.09,3992.74
2023-07-31,8.71,2554.87,538.11,1671.74,14.01,4014.63
2023-08-01,8.72,2525.39,546.97,1666.19,14.1,3998.0
2023-08-02,8.6,2525.39,547.89,1650.28,13.79,3969.9
2023-08-03,8.65,2544.09,546.84,1671.74,13.73,4004.98
2023-08-04,8.68,2529.71,559.89,1679.82,13.81,4020.58
2023-08-07,8.64,2515.33,506.8,1668.21,13.92,3990.15
2023-08-08,8.61,2513.89,515.41,1681.84,13.94,3979.73
2023-08-09,8.64,2518.92,508.63,1687.4,13.92,3967.57
2023-08-10,8.62,2498.08,503.15,1690.93,14.01,3975.72
2023-08-11,8.54,2471.47,493.76,1686.14,13.85,3884.25
2023-08-14,8.49,2462.85,505.11,1679.82,13.88,3855.91
2023-08-15,8.57,2462.13,506.28,1673.76,13.97,3846.54
2023-08-16,8.57,2447.03,491.15,1664.42,13.84,3818.33
2023-08-17,8.53,2457.82,495.85,1657.6,13.9,3831.1
2023-08-18,8.54,2431.93,478.89,1642.7,13.84,3784.0
2023-08-21,8.49,2405.33,478.76,1632.09,13.8,3729.56
2023-08-22,8.55,2416.12,501.32,1629.82,14.01,3758.23
2023-08-23,8.57,2389.52,480.46,1634.87,13.99,3696.63
2023-08-24,8.52,2399.58,483.33,1652.55,13.93,3723.43
2023-08-25,8.59,2417.56,467.15,1649.52,13.96,3709.15
2023-08-28,8.67,2422.59,474.46,1649.77,14.01,3752.62
2023-08-29,8.56,2408.21,482.8,1667.45,13.88,3790.11
2023-08-30,8.52,2403.18,486.59,1680.07,13.85,3788.51
2023-08-31,8.55,2363.64,489.85,1692.45,13.84,3765.27
2023-09-01,8.5,2367.23,482.15,1690.18,13.89,3791.49
2023-09-04,8.53,2395.27,486.85,1699.52,14.14,3848.95
2023-09-05,8.52,2365.79,473.54,1688.66,14.19,3820.32
2023-09-06,8.54,2377.3,469.37,1678.05,14.15,3812.03
2023-09-07,8.55,2355.01,460.11,1648.26,14.15,3758.47
2023-09-08,8.52,2347.82,455.94,1650.02,14.05,3739.99
2023-09-11,8.52,2371.54,473.28,1655.83,14.09,3767.54
2023-09-12,8.53,2378.73,469.63,1661.13,14.1,3760.6
2023-09-13,8.55,2376.58,457.89,1653.31,14.12,3736.65
2023-09-14,8.61,2381.61,462.33,1660.63,14.18,3733.51
2023-09-15,8.56,2372.98,452.68,1662.9,14.05,3708.78
2023-09-18,8.57,2383.77,453.07,1669.22,13.95,3727.71
2023-09-19,8.61,2380.17,449.02,1675.53,14.13,3720.5
2023-09-20,8.62,2373.7,450.46,1676.54,14.12,3705.69
2023-09-21,8.62,2353.57,460.63,1649.27,14.09,3672.44
2023-09-22,8.68,2406.77,480.85,1653.81,14.25,3738.93
2023-09-25,8.67,2411.09,467.94,1653.05,14.12,3714.6
2023-09-26,8.63,2418.99,469.37,1644.72,14.08,3692.89
2023-09-27,8.58,2409.65,457.63,1663.66,14.14,3700.5
2023-09-28,8.61,2401.74,453.72,1658.36,14.03,3689.52
2023-10-09,8.6,2404.61,465.07,1662.9,14.01,3684.73
2023-10-10,8.61,2420.43,456.98,1647.75,13.84,3657.13
2023-10-11,8.65,2439.12,469.89,1660.88,13.68,3667.55
2023-10-12,8.78,2442.72,467.41,1673.51,13.7,3702.38
2023-10-13,8.83,2424.74,448.24,1671.99,13.74,3663.41
2023-10-16,8.86,2397.43,441.46,1651.03,13.75,3626.6
2023-10-17,8.86,2424.74,437.94,1627.8,13.82,3639.4
2023-10-18,8.87,2406.05,423.33,1600.02,13.81,3610.58
2023-10-19,8.77,2375.14,421.5,1567.7,13.64,3533.54
2023-10-20,8.73,2360.76,406.9,1550.53,13.53,3510.59
2023-10-23,8.76,2334.16,392.42,1550.78,13.39,3474.24
2023-10-24,8.7,2335.6,369.07,1558.36,13.43,3487.13
2023-10-25,8.64,2367.23,365.29,1557.85,13.26,3504.46
2023-10-26,8.73,2364.36,362.16,1569.97,13.36,3514.14
2023-10-27,8.71,2426.9,367.38,1587.65,13.42,3562.39
2023-10-30,8.62,2411.8,374.68,1591.69,13.14,3583.77
2023-10-31,8.67,2465.72,368.55,1596.49,13.23,3572.51
2023-11-01,8.71,2458.53,366.98,1600.02,13.25,3571.03
2023-11-02,8.72,2459.97,362.81,1596.99,13.32,3554.19
2023-11-03,8.68,2478.66,370.51,1600.53,13.3,3584.14
2023-11-06,8.64,2475.07,380.42,1610.38,13.12,3632.61
2023-11-07,8.65,2478.66,382.37,1598.51,13.12,3619.76
2023-11-08,8.64,2477.23,383.16,1597.25,13.04,3611.07
2023-11-09,8.72,2480.82,388.64,1593.96,13.16,3612.83
2023-11-10,8.72,2472.91,382.37,1589.67,13.17,3586.49
2023-11-13,8.7,2466.44,391.64,1583.1,13.27,3579.41
2023-11-14,8.73,2454.94,389.81,1582.6,13.21,3582.06
2023-11-15,8.73,2454.22,389.68,1592.19,13.32,3607.25
2023-11-16,8.74,2436.97,385.24,1579.57,13.26,3572.36
2023-11-17,8.72,2431.93,386.94,1582.09,13.21,3568.07
2023-11-20,8.75,2447.03,386.42,1590.43,13.27,3576.32
2023-11-21,8.75,2467.88,382.77,1587.65,13.29,3581.07
2023-11-22,8.74,2449.91,374.03,1578.81,13.25,3544.42
2023-11-23,8.74,2457.82,377.42,1586.39,13.25,3561.52
2023-11-24,8.74,2460.69,369.85,1590.93,13.26,3538.01
2023-11-27,8.72,2448.47,368.03,1569.21,13.21,3511.94
2023-11-28,8.73,2454.94,366.33,1588.91,13.23,3518.52
2023-11-29,8.71,2439.12,363.72,1577.8,13.16,3488.31
2023-11-30,8.75,2453.5,361.77,1583.36,13.25,3496.2
2023-12-01,8.75,2439.12,368.42,1583.86,13.21,3482.88
2023-12-04,8.74,2421.15,363.72,1567.45,13.26,3460.14
2023-12-05,8.7,2394.55,354.59,1557.09,13.13,3394.26
2023-12-06,8.63,2394.55,356.29,1550.02,13.14,3399.6
2023-12-07,8.67,2388.8,355.77,1554.82,13.1,3391.28
2023-12-08,8.67,2389.52,367.9,1567.95,13.25,3399.46
2023-12-11,8.67,2387.36,374.03,1573.51,13.1,3419.45
2023-12-12,8.73,2395.99,372.46,1574.52,13.17,3426.8
2023-12-13,8.73,2351.41,365.03,1569.97,13.05,3369.61
2023-12-14,8.71,2355.01,371.16,1558.86,13.01,3351.96
2023-12-15,8.67,2328.41,375.46,1552.3,12.96,3341.55
2023-12-18,8.71,2334.88,366.2,1550.78,13.01,3329.37
2023-12-19,8.73,2324.1,365.81,1493.96,13.01,3334.04
2023-12-20,8.73,2315.47,355.64,1496.74,13.0,3297.5
2023-12-21,8.73,2339.19,360.98,1519.97,12.95,3330.87
2023-12-22,8.72,2363.64,355.77,1537.14,13.09,3337.23
2023-12-25,8.74,2370.83,357.72,1538.66,13.14,3347.45
2023-12-26,8.76,2349.98,348.85,1534.62,13.16,3324.79
2023-12-27,8.77,2372.98,348.85,1535.88,13.31,3336.36
2023-12-28,8.71,2424.74,370.51,1549.27,13.25,3414.54
2023-12-29,8.72,2417.56,372.85,1553.56,13.39,3431.11
2024-01-02,8.73,2383.05,361.38,1557.85,13.44,3386.35
2024-01-03,8.78,2367.95,357.85,1563.15,13.56,3378.3
2024-01-04,8.83,2361.48,352.77,1556.84,13.53,3347.05
2024-01-05,8.81,2372.26,347.68,1545.22,13.44,3329.11
2024-01-08,8.82,2374.42,332.68,1532.09,13.38,3286.06
2024-01-09,8.82,2385.92,337.51,1535.88,13.39,3292.5
2024-01-10,8.79,2404.61,337.9,1525.78,13.29,3277.13
2024-01-11,8.72,2406.77,342.2,1526.29,13.1,3295.67
2024-01-12,8.75,2417.56,334.77,1523.76,13.12,3284.17
2024-01-15,8.8,2414.68,335.68,1536.39,13.18,3280.92
2024-01-16,8.83,2428.34,341.42,1552.3,13.19,3300.88
2024-01-17,8.78,2392.39,332.29,1529.82,13.1,3229.08
2024-01-18,8.79,2417.56,341.16,1536.64,13.04,3274.73
2024-01-19,8.83,2426.18,337.9,1530.07,13.09,3269.78
2024-01-22,8.83,2412.52,325.77,1507.09,13.01,3218.9
2024-01-23,8.83,2396.71,339.07,1508.61,13.0,3231.93
2024-01-24,8.92,2421.15,340.77,1532.85,13.23,3277.11
2024-01-25,8.96,2440.56,349.9,1551.79,13.79,3342.92
2024-01-26,9.04,2449.91,343.38,1560.12,13.7,3333.82
2024-01-29,9.11,2470.76,335.68,1554.06,13.84,3303.96
2024-01-30,9.08,2455.66,325.51,1530.58,13.84,3245.04
2024-01-31,9.13,2442.0,313.9,1486.89,13.88,3215.35
2024-02-01,9.09,2432.65,317.94,1480.33,13.74,3217.71
2024-02-02,9.13,2432.65,310.51,1478.31,13.79,3179.63
2024-02-05,9.25,2482.26,312.6,1494.21,13.96,3200.42
2024-02-06,9.28,2517.49,328.51,1561.13,13.9,3311.69
2024-02-07,9.19,2527.55,329.42,1560.12,13.96,3343.63
2024-02-08,9.11,2520.36,340.51,1560.38,13.92,3364.93
2024-02-19,9.23,2531.15,349.64,1571.74,14.3,3403.81
2024-02-20,9.31,2556.31,344.29,1575.02,14.26,3410.85
2024-02-21,9.38,2568.53,346.25,1574.27,14.26,3456.87
2024-02-22,9.39,2583.63,357.72,1574.52,14.48,3486.67
2024-02-23,9.45,2577.88,360.33,1567.7,14.42,3489.74
2024-02-26,9.28,2557.03,361.38,1561.39,14.27,3453.36
2024-02-27,9.26,2536.9,394.77,1567.7,14.26,3494.79
2024-02-28,9.29,2521.8,384.59,1562.14,14.18,3450.26
2024-02-29,9.29,2532.58,416.94,1570.73,14.26,3516.08
2024-03-01,9.3,2526.11,425.81,1587.4,14.2,3537.8
2024-03-04,9.28,2517.49,422.29,1591.69,14.38,3540.87
2024-03-05,9.43,2568.53,407.03,1607.85,14.44,3565.51
2024-03-06,9.31,2543.37,413.16,1600.53,14.43,3551.05
2024-03-07,9.34,2546.96,401.03,1591.44,14.49,3529.72
2024-03-08,9.35,2528.99,421.11,1615.17,14.53,3544.91
2024-03-11,9.33,2543.37,418.76,1614.42,14.4,3589.26
2024-03-12,9.16,2554.87,408.59,1625.53,14.1,3597.49
2024-03-13,9.13,2519.64,407.81,1622.25,14.13,3572.36
2024-03-14,9.15,2518.92,403.11,1608.86,14.22,3562.22
2024-03-15,9.17,2566.37,405.72,1611.89,14.2,3569.99
2024-03-18,9.14,2587.22,412.76,1615.68,14.2,3603.53
2024-03-19,9.1,2585.78,406.5,1607.09,14.13,3577.63
2024-03-20,9.16,2579.31,408.07,1606.59,14.25,3585.38
2024-03-21,9.18,2572.12,401.68,1600.28,14.26,3581.09
2024-03-22,9.21,2554.15,391.11,1590.68,14.2,3545.0
2024-03-25,9.25,2534.74,386.42,1598.0,14.23,3525.76
2024-03-26,9.29,2529.71,380.29,1596.74,14.2,3543.75
2024-03-27,9.32,2517.49,368.55,1582.35,14.22,3502.79
2024-03-28,9.21,2493.76,385.5,1587.65,14.22,3520.96
2024-03-29,9.24,2500.23,392.55,1595.23,14.44,3537.48
2024-04-01,9.25,2518.21,394.77,1593.71,14.4,3595.65
2024-04-02,9.3,2490.89,389.29,1578.31,14.55,3580.68
2024-04-03,9.29,2483.7,382.51,1606.59,14.59,3567.8
2024-04-08,9.37,2454.94,377.55,1605.33,14.6,3536.41
2024-04-09,9.29,2461.41,379.9,1601.54,14.36,3533.49
2024-04-10,9.3,2449.19,372.98,1590.17,14.4,3504.71
2024-04-11,9.28,2436.97,376.51,1592.7,14.43,3504.24
2024-04-12,9.28,2404.61,379.11,1590.17,14.43,3475.84
2024-04-15,9.39,2438.4,395.16,1619.22,14.78,3549.08
2024-04-16,9.44,2452.06,387.33,1658.61,14.82,3511.11
2024-04-17,9.47,2461.41,405.59,1728.31,14.77,3565.4
2024-04-18,9.49,2485.85,401.29,1726.54,14.64,3569.8
2024-04-19,9.52,2482.98,393.07,1744.47,14.81,3541.66
2024-04-22,9.45,2499.51,385.9,1737.4,14.59,3530.9
2024-04-23,9.47,2501.67,386.16,1724.52,14.48,3506.22
2024-04-24,9.44,2505.98,395.81,1712.9,14.57,3521.62
2024-04-25,9.46,2513.17,390.07,1709.62,14.64,3530.28
2024-04-26,9.37,2508.14,402.33,1709.62,14.64,3584.27
2024-04-29,9.34,2528.27,404.16,1726.54,14.27,3623.91
2024-04-30,9.4,2551.28,401.42,1758.11,14.39,3604.39
2024-05-06,9.33,2564.94,402.33,1762.65,14.35,3657.88
2024-05-07,9.37,2532.58,398.03,1751.29,14.42,3659.01
2024-05-08,9.38,2523.96,387.85,1749.27,14.48,3630.22
2024-05-09,9.34,2523.24,393.59,1738.91,14.44,3664.56
2024-05-10,9.37,2503.83,392.55,1716.62,14.46,3666.28
2024-05-13,9.38,2507.42,400.37,1746.67,14.44,3664.69
2024-05-14,9.33,2497.36,401.68,1785.56,14.42,3657.05
2024-05-15,9.34,2493.04,395.03,1767.63,14.36,3626.06
2024-05-16,9.38,2490.89,399.59,1759.8,14.33,3640.36
2024-05-17,9.44,2515.33,397.24,1761.57,14.38,3677.97
2024-05-20,9.43,2547.68,390.46,1753.74,14.47,3690.96
2024-05-21,9.47,2590.82,384.98,1758.79,14.4,3676.16
2024-05-22,9.48,2595.85,385.9,1741.36,14.47,3684.45
2024-05-23,9.46,2600.16,379.64,1729.24,14.42,3641.79
2024-05-24,9.41,2570.69,377.03,1726.46,14.48,3601.48
2024-05-27,9.45,2580.75,383.03,1737.83,14.6,3635.71
2024-05-28,9.46,2562.78,379.37,1731.51,14.7,3609.17
2024-05-29,9.44,2575.72,377.16,1720.15,14.74,3613.52
2024-05-30,9.41,2544.09,377.68,1706.77,14.64,3594.31
2024-05-31,9.4,2529.71,379.11,1700.2,14.52,3579.92
2024-06-03,9.41,2549.12,382.64,1700.96,14.46,3588.75
2024-06-04,9.44,2551.99,383.03,1725.96,14.36,3615.67
2024-06-05,9.43,2544.81,381.72,1722.68,14.27,3594.79
2024-06-06,9.43,2555.59,382.77,1725.45,14.36,3592.25
2024-06-07,9.49,2526.11,376.9,1731.26,14.31,3574.11
2024-06-11,9.41,2501.67,378.72,1731.51,14.17,3542.88
2024-06-12,9.37,2523.24,386.42,1711.31,14.22,3544.12
2024-06-13,9.4,2512.45,388.77,1677.47,14.12,3526.13
2024-06-14,9.47,2534.02,390.33,1698.69,14.13,3541.53
2024-06-17,9.4,2513.17,389.42,1695.66,13.92,3536.2
2024-06-18,9.42,2478.66,396.85,1702.22,13.96,3545.59
2024-06-19,9.47,2472.91,395.68,1691.62,14.03,3528.75
2024-06-20,9.49,2424.74,385.77,1666.87,14.16,3503.28
2024-06-21,9.48,2434.09,392.16,1666.87,14.12,3495.62
2024-06-24,9.54,2447.75,379.64,1659.29,14.1,3476.81
2024-06-25,9.57,2433.37,372.59,1663.08,14.08,3457.9
2024-06-26,9.61,2449.19,385.11,1673.43,14.13,3480.26
2024-06-27,9.68,2433.37,378.07,1657.27,14.14,3454.12
2024-06-28,9.68,2438.4,392.29,1656.51,14.35,3461.66
2024-07-01,9.8,2447.75,394.5,1689.34,14.44,3478.18
2024-07-02,9.96,2433.37,389.16,1677.47,14.52,3471.79
2024-07-03,9.88,2436.25,389.03,1657.02,14.49,3463.41
2024-07-04,9.95,2421.87,386.03,1641.61,14.6,3445.81
2024-07-05,9.81,2410.37,386.03,1658.53,14.49,3431.06
2024-07-08,9.88,2392.39,382.24,1648.69,14.59,3401.76
2024-07-09,9.93,2378.01,404.03,1652.98,14.64,3439.81
2024-07-10,9.99,2387.36,403.76,1653.23,14.48,3428.97
2024-07-11,9.92,2428.34,407.29,1672.42,14.48,3468.17
2024-07-12,10.08,2413.96,400.77,1672.68,14.46,3472.4
2024-07-15,10.2,2413.24,398.72,1670.15,14.65,3476.25
2024-07-16,10.2,2416.84,407.2,1670.66,14.83,3498.28
2024-07-17,10.22,2449.91,401.46,1677.22,14.75,3501.58
2024-07-18,10.22,2465.0,398.85,1688.33,14.87,3520.93
2024-07-19,10.22,2478.66,403.02,1712.83,14.85,3539.02
2024-07-22,10.15,2457.1,399.89,1713.58,14.74,3514.92
2024-07-23,10.32,2408.21,389.85,1672.93,14.75,3439.88
2024-07-24,10.38,2381.61,387.63,1674.44,15.05,3418.17
2024-07-25,10.38,2380.89,385.15,1662.32,15.04,3399.27
2024-07-26,10.24,2383.77,387.63,1672.93,14.95,3409.29
2024-07-29,10.29,2359.32,384.11,1646.16,15.11,3390.74
2024-07-30,10.3,2334.88,385.41,1612.83,14.81,3369.38
2024-07-31,10.16,2384.49,394.02,1640.35,14.83,3442.08
2024-08-01,10.19,2342.07,390.63,1640.86,14.92,3419.27
2024-08-02,10.19,2337.76,383.46,1640.86,14.96,3384.39
2024-08-05,10.18,2329.13,373.28,1640.86,14.77,3343.32
2024-08-06,10.1,2328.41,376.15,1652.73,14.77,3342.98
2024-08-07,10.12,2314.03,376.02,1656.26,14.87,3341.49
2024-08-08,10.18,2334.16,374.46,1703.48,14.85,3342.94
2024-08-09,10.23,2319.78,373.02,1703.74,14.92,3331.63
2024-08-12,10.3,2331.28,369.63,1724.7,14.94,3325.86
2024-08-13,10.31,2312.59,373.41,1727.98,15.03,3334.39
2024-08-14,10.33,2294.62,371.85,1716.62,15.04,3309.24
2024-08-15,10.36,2310.44,375.24,1715.35,15.09,3341.95
2024-08-16,10.46,2308.28,376.02,1712.83,15.08,3345.63
2024-08-19,10.59,2299.65,377.59,1720.66,15.13,3356.97
2024-08-20,10.72,2273.05,370.54,1715.61,15.05,3332.7
2024-08-21,10.63,2262.27,365.85,1708.28,15.07,3321.64
2024-08-22,10.75,2236.39,350.46,1709.54,15.16,3313.14
2024-08-23,10.79,2247.89,354.37,1725.96,15.26,3327.19
2024-08-26,10.76,2222.73,355.02,1725.45,15.35,3324.22
2024-08-27,10.87,2208.35,348.11,1709.29,15.73,3305.33
2024-08-28,10.82,2180.31,349.29,1728.99,15.63,3286.5
2024-08-29,10.54,2224.88,353.59,1739.09,15.33,3277.68
2024-08-30,10.29,2207.63,360.24,1730.0,15.25,3321.43
2024-09-02,10.25,2136.46,352.02,1738.59,15.46,3265.01
2024-09-03,10.06,2177.43,354.11,1769.65,15.07,3273.43
2024-09-04,10.01,2174.56,352.42,1719.65,14.96,3252.16
2024-09-05,9.93,2199.72,355.28,1725.2,14.91,3257.76
2024-09-06,9.94,2181.03,350.59,1708.28,14.98,3231.35
2024-09-09,9.91,2167.37,343.29,1703.23,14.69,3192.95
2024-09-10,9.97,2158.74,347.59,1694.14,14.85,3195.76
2024-09-11,9.83,2178.87,346.68,1687.32,14.59,3186.13
2024-09-12,9.83,2152.27,345.76,1645.4,14.62,3172.47
2024-09-13,9.85,2131.42,343.42,1642.88,14.63,3159.25
2024-09-18,9.98,2117.05,344.85,1639.09,14.89,3171.01
2024-09-19,9.95,2165.21,348.5,1642.88,14.8,3196.04
2024-09-20,9.97,2160.9,351.5,1632.78,14.88,3201.05
2024-09-23,10.02,2154.43,361.15,1633.03,15.01,3212.76
2024-09-24,10.31,2252.2,367.94,1669.39,15.37,3351.91
2024-09-25,10.35,2272.33,368.72,1695.66,15.32,3401.53
2024-09-26,10.52,2415.4,379.41,1736.31,15.36,3545.32
2024-09-27,10.32,2564.94,410.19,1790.86,15.24,3703.68
2024-09-30,10.5,2670.62,442.67,1905.25,15.63,4017.85
2024-10-08,10.44,2662.71,483.37,1947.68,15.71,4256.1
2024-10-09,10.35,2488.01,454.41,1830.76,15.14,3955.98
2024-10-10,10.59,2566.37,449.19,1852.98,15.53,3997.79
2024-10-11,10.59,2546.96,425.59,1814.6,15.36,3887.17
2024-10-14,10.8,2547.68,433.02,1823.94,15.43,3961.34
2024-10-15,10.58,2485.85,427.41,1791.62,15.17,3855.99
2024-10-16,10.69,2460.69,420.37,1788.59,15.15,3831.59
2024-10-17,10.62,2415.4,420.5,1761.31,15.04,3788.22
2024-10-18,10.65,2478.66,439.15,1793.89,15.13,3925.23
2024-10-21,10.48,2465.0,449.98,1811.82,15.1,3935.2
2024-10-22,10.46,2493.76,428.72,1822.17,15.17,3957.78
2024-10-23,10.46,2522.52,436.54,1830.51,15.15,3973.21
2024-10-24,10.48,2487.29,447.89,1807.78,15.02,3928.83
2024-10-25,10.44,2498.79,445.93,1814.34,14.97,3956.42
2024-10-28,10.39,2530.43,441.24,1836.06,14.96,3964.16
2024-10-29,10.38,2487.29,437.85,1823.18,14.68,3924.65
2024-10-30,10.32,2481.54,430.93,1827.22,14.63,3889.45
2024-10-31,10.35,2587.22,431.32,1805.76,14.62,3891.04
2024-11-01,10.47,2615.26,422.46,1814.85,14.75,3890.02
2024-11-04,10.45,2653.36,431.59,1826.21,14.7,3944.76
2024-11-05,10.47,2670.62,441.76,1846.67,14.75,4044.57
2024-11-06,10.41,2658.4,444.76,1845.91,14.75,4024.28
2024-11-07,10.47,2751.86,451.8,1905.25,14.88,4145.7
2024-11-08,10.43,2746.82,463.93,1895.4,14.81,4104.05
2024-11-11,10.35,2738.2,506.71,1882.53,14.68,4131.13
2024-11-12,10.31,2723.1,490.28,1886.31,14.62,4085.74
2024-11-13,10.35,2738.2,498.63,1884.55,14.7,4110.89
2024-11-14,10.39,2709.44,469.54,1866.11,14.74,4039.62
2024-11-15,10.36,2686.43,466.02,1853.23,14.8,3968.83
2024-11-18,10.51,2664.15,457.54,1853.74,14.85,3950.38
2024-11-19,10.47,2656.24,460.28,1860.81,14.76,3976.89
2024-11-20,10.46,2668.46,458.98,1867.12,14.83,3985.77
2024-11-21,10.45,2677.81,457.54,1868.13,14.81,3989.3
2024-11-22,10.36,2622.45,440.06,1831.52,14.74,3865.7
2024-11-25,10.39,2609.51,435.89,1835.38,14.81,3848.09
2024-11-26,10.48,2634.67,433.02,1822.75,14.85,3840.18
2024-11-27,10.52,2656.24,440.98,1834.37,14.88,3907.04
2024-11-28,10.51,2630.36,437.32,1833.61,14.91,3872.55
2024-11-29,10.47,2635.39,442.8,1842.7,14.85,3916.58
2024-12-02,10.45,2652.64,448.54,1848.01,14.79,3947.63
2024-12-03,10.53,2684.28,442.54,1847.0,14.84,3951.89
2024-12-04,10.58,2673.49,437.98,1833.61,15.01,3930.56
2024-12-05,10.58,2654.08,437.72,1827.05,14.89,3921.59
2024-12-06,10.65,2682.84,444.63,1850.78,14.92,3973.14
2024-12-09,10.65,2652.64,441.5,1846.24,15.0,3966.57
2024-12-10,10.75,2702.97,442.41,1852.05,14.96,3995.64
2024-12-11,10.64,2720.94,442.67,1862.4,14.96,3988.83
2024-12-12,10.75,2754.01,444.37,1886.39,14.98,4028.5
2024-12-13,10.72,2683.56,434.85,1865.43,14.85,3933.18
2024-12-16,10.87,2679.96,445.28,1862.15,14.97,3911.84
2024-12-17,10.85,2709.44,468.89,1880.33,14.96,3922.03
2024-12-18,10.93,2709.44,487.15,1892.96,15.05,3941.89
2024-12-19,10.82,2692.18,529.41,1901.54,14.98,3945.46
2024-12-20,10.87,2679.96,523.93,1909.87,14.88,3927.74
2024-12-23,11.04,2708.72,507.89,1924.02,15.09,3933.57
2024-12-24,11.13,2744.67,516.49,1916.95,15.18,3983.69
2024-12-25,11.29,2732.44,533.19,1927.3,15.37,3985.63
2024-12-26,11.28,2735.32,571.01,1900.78,15.26,3987.48
2024-12-27,11.27,2748.26,559.14,1907.35,15.23,3981.03
2024-12-30,11.31,2743.23,568.53,1921.49,15.32,3999.05
2024-12-31,11.27,2750.42,563.32,1909.37,15.27,3934.91
2025-01-02,11.15,2705.84,531.1,1861.39,15.11,3820.4
2025-01-03,11.05,2687.15,501.36,1858.36,15.13,3775.16
2025-01-06,11.1,2668.46,490.28,1861.89,15.11,3768.97
2025-01-07,11.18,2656.96,498.49,1849.52,15.07,3796.11
2025-01-08,11.26,2676.37,491.32,1849.27,15.14,3789.22
2025-01-09,11.2,2662.71,536.84,1839.92,14.92,3779.88
2025-01-10,11.16,2631.8,528.23,1825.28,14.76,3732.48
2025-01-13,11.09,2626.04,545.06,1813.41,14.66,3722.51
2025-01-14,11.1,2640.42,577.66,1844.98,14.72,3820.54
2025-01-15,11.12,2626.76,570.1,1847.5,14.72,3796.03
2025-01-16,11.17,2617.42,557.58,1837.9,14.75,3800.38
2025-01-17,11.1,2622.45,574.66,1847.5,14.67,3812.34
2025-01-20,11.06,2579.31,564.49,1833.36,14.61,3829.68
2025-01-21,11.04,2562.78,595.66,1839.92,14.48,3832.61
2025-01-22,10.92,2550.56,597.88,1833.11,14.39,3797.02
2025-01-23,11.15,2562.06,572.45,1834.87,14.42,3803.74
2025-01-24,11.16,2564.22,596.19,1843.71,14.44,3832.86
2025-01-27,11.32,2581.47,557.84,1858.11,14.49,3817.08
2025-02-05,11.18,2511.02,591.49,1845.48,14.41,3795.08
2025-02-06,11.18,2525.39,602.45,1849.02,14.5,3842.83
2025-02-07,11.18,2544.09,596.05,1847.5,14.53,3892.7
2025-02-10,11.16,2531.15,587.45,1841.94,14.53,3901.06
2025-02-11,11.32,2518.21,579.36,1819.22,14.53,3883.14
2025-02-12,11.4,2531.86,583.4,1841.94,14.52,3919.86
2025-02-13,11.47,2557.75,555.1,1836.64,14.48,3905.14
2025-02-14,11.5,2566.37,554.71,1857.6,14.48,3939.01
2025-02-17,11.47,2552.71,569.84,1834.87,14.44,3947.4
2025-02-18,11.6,2540.49,548.84,1822.25,14.4,3912.78
2025-02-19,11.56,2600.88,563.19,1822.0,14.28,3940.16
2025-02-20,11.59,2581.47,555.75,1820.23,14.27,3928.9
2025-02-21,11.43,2571.41,602.58,1808.86,14.27,3978.44
2025-02-24,11.39,2559.18,607.66,1800.53,14.23,3969.72
2025-02-25,11.36,2547.68,590.71,1786.64,14.15,3925.65
2025-02-26,11.38,2552.71,587.84,1786.14,14.11,3959.94
2025-02-27,11.43,2608.07,564.36,1791.69,14.18,3968.12
2025-02-28,11.37,2613.82,540.62,1788.66,14.1,3890.05
2025-03-03,11.35,2586.5,507.76,1787.15,14.05,3888.47
2025-03-04,11.28,2577.16,519.1,1786.39,13.94,3885.22
2025-03-05,11.37,2578.59,519.1,1776.29,13.97,3902.57
2025-03-06,11.33,2592.97,532.01,1791.44,13.98,3956.24
2025-03-07,11.3,2575.72,522.75,1788.66,14.03,3944.01
2025-03-10,11.24,2548.4,521.71,1786.89,13.98,3928.8
2025-03-11,11.28,2567.81,519.75,1789.42,14.0,3941.42
2025-03-12,11.21,2550.56,542.19,1781.09,13.94,3927.23
2025-03-13,11.23,2549.84,521.19,1780.33,14.03,3911.58
2025-03-14,11.25,2719.5,527.58,1803.56,14.13,4006.56
2025-03-17,11.31,2673.49,522.75,1797.5,14.19,3996.79
2025-03-18,11.3,2651.92,524.06,1793.96,14.15,4007.72
2025-03-19,11.37,2639.7,515.84,1794.47,14.19,4010.17
2025-03-20,11.34,2617.42,508.54,1785.88,14.2,3974.99
2025-03-21,11.26,2569.97,494.32,1786.39,14.14,3914.7
2025-03-24,11.32,2594.41,491.45,1792.2,14.03,3934.85
2025-03-25,11.35,2621.01,482.58,1800.78,14.09,3932.3
2025-03-26,11.33,2613.82,484.02,1795.23,14.07,3919.36
2025-03-27,11.37,2623.17,487.28,1813.66,14.16,3932.41
2025-03-28,11.38,2609.51,488.71,1818.46,14.09,3915.17
2025-03-31,11.39,2599.44,482.71,1829.82,14.03,3887.31
2025-04-01,11.3,2598.72,485.58,1836.64,14.03,3887.68
2025-04-02,11.35,2582.19,493.41,1830.08,14.06,3884.39
2025-04-03,11.39,2614.54,489.76,1833.86,14.1,3861.5
2025-04-07,11.26,2564.22,444.37,1784.37,13.58,3589.44
2025-04-08,11.32,2646.17,432.37,1831.34,13.96,3650.76
2025-04-09,11.3,2703.69,440.19,1844.47,13.9,3686.79
2025-04-10,11.25,2714.47,449.06,1850.78,13.85,3735.12
2025-04-11,11.3,2683.56,454.8,1831.84,13.81,3750.52
2025-04-14,11.37,2687.87,461.32,1825.78,13.88,3759.14
2025-04-15,11.47,2692.9,455.71,1840.93,13.93,3761.23
2025-04-16,11.57,2715.91,453.33,1846.74,14.03,3772.82
2025-04-17,11.56,2714.47,451.37,1843.21,14.03,3772.22
2025-04-18,11.65,2709.44,467.15,1846.24,14.03,3772.52
2025-04-21,11.56,2671.34,465.33,1840.18,13.94,3784.88
2025-04-22,11.66,2660.55,458.41,1862.4,13.98,3783.95
2025-04-23,11.62,2665.58,462.85,1851.29,13.97,3786.88
2025-04-24,11.76,2675.65,456.2,1869.72,14.0,3784.36
2025-04-25,11.73,2663.43,456.85,1857.6,13.97,3786.99
2025-04-28,11.81,2636.83,453.72,1857.85,14.01,3781.62
2025-04-29,11.79,2650.49,454.76,1853.31,13.9,3775.08
2025-04-30,11.52,2720.22,461.02,1871.62,13.94,3770.57
2025-05-06,11.49,2715.91,471.72,1859.5,13.92,3808.54
2025-05-07,11.62,2707.28,470.67,1872.12,14.01,3831.63
2025-05-08,11.62,2704.41,475.63,1866.06,13.98,3852.9
2025-05-09,11.69,2702.97,468.46,1866.31,13.98,3846.16
2025-05-12,11.67,2725.97,477.07,1866.57,14.0,3890.61
2025-05-13,11.75,2719.5,471.98,1866.31,14.03,3896.26
2025-05-14,11.75,2733.88,474.85,1868.84,14.16,3943.21
2025-05-15,11.79,2742.51,464.02,1864.04,14.1,3907.2
2025-05-16,11.67,2736.76,463.5,1857.98,13.94,3889.09
2025-05-19,11.63,2733.16,461.67,1850.15,13.97,3877.15
2025-05-20,11.64,2780.61,461.94,1865.81,13.96,3898.17
2025-05-21,11.65,2766.23,461.81,1869.85,14.01,3916.38
2025-05-22,11.63,2777.74,458.02,1857.22,14.1,3913.87
2025-05-23,11.59,2780.61,451.37,1854.19,13.98,3882.27
2025-05-26,11.56,2793.55,454.89,1837.02,13.97,3860.11
2025-05-27,11.57,2782.77,448.76,1843.59,13.97,3839.4
2025-05-28,11.56,2807.93,448.5,1847.12,14.11,3836.24
2025-05-29,11.55,2766.95,455.41,1846.62,14.03,3858.7
2025-05-30,11.58,2759.04,449.94,1851.67,14.1,3840.23
2025-06-03,11.62,2778.46,450.2,1870.35,14.06,3852.01
2025-06-04,11.59,2779.89,456.72,1862.02,14.07,3868.74
2025-06-05,11.6,2751.86,464.41,1848.38,14.02,3877.56
2025-06-06,11.61,2728.85,465.85,1854.7,14.06,3873.98
2025-06-09,11.59,2738.91,467.54,1857.73,14.07,3885.25
2025-06-10,11.61,2720.94,462.2,1854.7,14.06,3865.47
2025-06-11,11.63,2713.03,462.98,1864.55,14.22,3894.63
2025-06-12,11.62,2696.5,461.02,1865.05,14.24,3892.2
2025-06-13,11.6,2681.4,455.02,1852.17,14.29,3864.18
2025-06-16,11.65,2685.71,458.02,1836.26,14.27,3873.8
2025-06-17,11.69,2686.43,455.28,1828.18,14.33,3870.38
2025-06-18,11.77,2675.65,455.41,1821.36,14.26,3874.97
2025-06-19,11.82,2660.55,451.24,1815.05,14.36,3843.09
2025-06-20,11.89,2675.65,448.24,1815.05,14.24,3846.64
2025-06-23,12.05,2650.49,450.46,1814.8,14.19,3857.9
2025-06-24,12.17,2657.68,458.28,1824.39,14.14,3904.03
2025-06-25,12.21,2664.87,464.81,1836.01,14.15,3960.07
2025-06-26,12.26,2681.4,461.94,1847.88,14.19,3946.02
2025-06-27,12.03,2675.65,466.89,1836.52,14.13,3921.76
2025-06-30,12.12,2672.77,468.2,1834.24,14.1,3936.08
2025-07-01,12.2,2657.68,470.15,1833.74,14.13,3942.76
2025-07-02,12.22,2667.74,462.33,1828.94,14.16,3943.68
2025-07-03,12.18,2663.43,470.94,1835.0,14.13,3968.07
2025-07-04,12.29,2664.87,465.98,1834.24,14.15,3982.2
2025-07-07,12.27,2636.11,460.37,1829.95,14.11,3965.17
2025-07-08,12.3,2644.74,471.2,1838.54,14.15,3998.45
2025-07-09,12.4,2659.11,473.02,1840.56,14.15,3991.4
2025-07-10,12.64,2656.96,476.41,1839.55,14.26,4010.02
2025-07-11,12.56,2659.11,480.59,1841.31,14.19,4014.81
2025-07-14,12.56,2644.74,477.33,1839.29,14.27,4017.67
2025-07-15,12.52,2636.83,481.37,1829.44,14.26,4019.06
2025-07-16,12.52,2646.89,477.98,1837.27,14.26,4007.2
2025-07-17,12.46,2688.59,494.8,1845.1,14.22,4034.49
2025-07-18,12.48,2686.43,490.76,1845.35,14.33,4058.55
2025-07-21,12.41,2695.06,491.15,1843.84,14.46,4085.61
2025-07-22,12.31,2708.0,487.24,1852.42,14.61,4118.96
2025-07-23,12.36,2702.25,486.46,1852.93,14.59,4119.77
2025-07-24,12.25,2698.66,496.63,1865.81,14.54,4149.04
2025-07-25,12.19,2669.18,492.98,1852.93,14.52,4127.16
2025-07-28,12.19,2661.99,494.02,1852.17,14.41,4135.82
2025-07-29,12.13,2646.89,502.11,1835.0,14.44,4152.02
2025-07-30,12.19,2672.77,495.72,1875.4,14.58,4151.24
2025-07-31,12.26,2638.98,491.67,1841.57,14.58,4075.59
2025-08-01,12.33,2646.17,486.59,1846.87,14.16,4054.93
2025-08-04,12.39,2644.02,486.2,1842.32,14.11,4070.7
2025-08-05,12.47,2649.05,493.37,1844.09,14.19,4103.45
2025-08-06,12.47,2650.49,495.06,1838.54,14.19,4113.49
2025-08-07,12.56,2650.49,490.37,1835.51,14.22,4114.67
2025-08-08,12.5,2631.08,485.02,1836.77,14.23,4104.97
2025-08-11,12.41,2650.49,487.89,1839.8,14.15,4122.51
2025-08-12,12.49,2643.3,495.06,1838.28,14.26,4143.83
2025-08-13,12.41,2644.02,507.46,1839.55,14.2,4176.58
2025-08-14,12.4,2623.89,498.46,1836.52,14.16,4173.31
2025-08-15,12.25,2621.01,503.67,1838.54,14.15,4202.35
2025-08-18,12.23,2623.89,544.11,1860.76,14.15,4239.41
2025-08-19,12.28,2624.61,537.45,1852.93,14.14,4223.37
2025-08-20,12.28,2642.58,565.37,1863.28,14.2,4271.4
2025-08-21,12.31,2655.52,599.54,1877.42,14.39,4288.07
2025-08-22,12.34,2659.11,651.58,1880.96,14.35,4378.0
2025-08-25,12.3,2693.62,642.32,1889.8,14.36,4469.22
2025-08-26,12.25,2705.13,631.62,1885.76,14.33,4452.59
2025-08-27,12.11,2667.74,619.62,1862.27,14.23,4386.13
2025-08-28,12.08,2659.11,662.93,1869.09,14.26,4463.78
2025-08-29,12.13,2722.38,637.1,1879.45,14.19,4496.76
2025-09-01,12.08,2700.81,670.49,1922.63,14.18,4523.71
2025-09-02,12.28,2700.09,629.14,1932.73,14.32,4490.45
2025-09-03,12.14,2674.93,617.54,1926.16,14.24,4459.83
2025-09-04,12.24,2692.9,577.1,1907.22,14.28,4365.21
2025-09-05,12.14,2694.34,589.89,1922.88,14.16,4460.32
2025-09-08,12.1,2696.5,589.62,1946.62,14.15,4467.57
2025-09-09,12.13,2721.66,574.76,1935.25,14.13,4436.26
2025-09-10,12.17,2712.31,580.36,1926.16,14.06,4445.36
2025-09-11,12.21,2733.16,614.93,1936.01,14.09,4548.03
2025-09-12,12.18,2699.37,619.36,1915.05,14.07,4522.0
2025-09-15,12.13,2697.94,606.06,1915.56,14.06,4533.06
2025-09-16,12.15,2687.15,622.23,1907.48,14.01,4523.34
2025-09-17,12.16,2687.15,620.01,1914.55,14.02,4551.02
2025-09-18,11.98,2664.15,621.58,1902.43,13.9,4498.11
2025-09-19,11.89,2659.83,615.45,1902.17,13.85,4501.92
2025-09-22,11.87,2649.05,631.62,1893.59,13.8,4522.61
2025-09-23,12.1,2636.83,611.8,1888.28,13.85,4519.78
2025-09-24,12.17,2638.98,617.93,1907.96,13.85,4566.07
2025-09-25,12.08,2607.35,641.8,1897.6,13.84,4593.49
2025-09-26,12.11,2628.2,624.45,1893.31,13.84,4550.05
2025-09-29,12.02,2623.17,632.8,1899.62,13.78,4620.05
2025-09-30,11.99,2629.64,639.71,1884.22,13.76,4640.69
2025-10-09,12.0,2654.8,696.31,1899.12,13.85,4709.48
2025-10-10,12.0,2663.43,722.66,1898.86,13.86,4616.83
2025-10-13,11.96,2649.05,744.44,1884.22,13.85,4593.98
2025-10-14,12.2,2659.11,699.18,1893.56,13.93,4539.06
2025-10-15,12.16,2656.24,701.79,1895.33,13.89,4606.29
2025-10-16,12.34,2667.74,749.14,1908.46,13.97,4618.42
2025-10-17,12.33,2634.67,678.71,1892.05,13.91,4514.23
2025-10-20,12.32,2643.3,678.32,1881.19,13.99,4538.22
2025-10-21,12.35,2638.98,712.75,1880.93,13.98,4607.87
2025-10-22,12.47,2627.48,695.79,1876.64,14.03,4592.57
2025-10-23,12.56,2636.11,672.97,1879.67,14.11,4606.34
2025-10-24,12.56,2629.64,694.62,1874.37,14.08,4660.68
2025-10-27,12.63,2638.98,713.79,1877.15,14.14,4716.02
2025-10-28,12.71,2628.92,688.62,1867.8,14.11,4691.97
2025-10-29,12.55,2622.45,647.01,1874.12,14.06,4747.84
2025-10-30,12.56,2635.39,629.14,1877.4,14.07,4709.91
2025-10-31,12.49,2638.98,611.28,1881.95,13.99,4640.67
2025-11-03,12.62,2641.86,602.54,1874.37,14.12,4653.4
2025-11-04,12.86,2614.54,588.71,1863.51,14.14,4618.7
2025-11-05,12.87,2627.48,580.49,1862.0,14.1,4627.26
2025-11-06,12.82,2625.32,600.06,1862.25,14.1,4693.4
2025-11-07,12.78,2630.36,588.58,1866.04,14.17,4678.79
2025-11-10,12.85,2700.81,593.67,1897.6,14.24,4695.05
2025-11-11,12.89,2706.56,577.89,1896.09,14.25,4652.17
2025-11-12,12.92,2715.91,562.63,1893.56,14.3,4645.91
2025-11-13,12.94,2723.1,570.71,1892.05,14.27,4702.07
2025-11-14,12.99,2706.56,563.02,1881.95,14.3,4628.14
2025-11-17,12.9,2722.38,555.71,1873.86,14.4,4598.05
2025-11-18,12.93,2790.68,558.97,1875.13,14.42,4568.19
2025-11-19,12.96,2794.99,556.89,1875.38,14.75,4588.29
2025-11-20,13.01,2782.05,555.58,1866.29,14.75,4564.95
2025-11-21,12.99,2760.48,540.98,1856.69,14.64,4453.61
2025-11-24,12.93,2746.82,548.54,1856.44,14.47,4448.05
2025-11-25,13.05,2764.8,564.32,1861.24,14.42,4490.4
2025-11-26,12.89,2766.23,578.8,1864.77,14.34,4517.63
2025-11-27,12.89,2756.89,596.15,1867.05,14.43,4515.4
2025-11-28,12.84,2780.61,593.41,1866.79,14.4,4526.66
2025-12-01,12.82,2784.21,648.32,1854.67,14.49,4576.49
2025-12-02,12.82,2778.46,637.88,1849.62,14.66,4554.33
2025-12-03,12.78,2772.7,609.19,1857.95,14.62,4531.05
2025-12-04,12.78,2752.57,604.23,1858.46,14.64,4546.57
2025-12-05,12.71,2747.54,591.58,1863.51,14.63,4584.54
2025-12-08,12.71,2741.79,595.23,1867.8,14.63,4621.75
2025-12-09,12.83,2736.04,597.06,1855.43,14.59,4598.22
2025-12-10,12.66,2721.66,592.49,1858.46,14.5,4591.83
2025-12-11,12.72,2709.44,537.71,1860.23,14.45,4552.18
2025-12-12,12.69,2731.73,536.8,1860.99,14.4,4580.95
2025-12-15,12.67,2741.07,524.93,1861.74,14.42,4552.06
2025-12-16,12.65,2749.7,510.98,1862.5,14.45,4497.55
2025-12-17,12.67,2777.02,526.5,1870.33,14.47,4579.88
2025-12-18,12.86,2785.64,520.76,1881.69,14.59,4552.79
2025-12-19,12.75,2800.74,527.41,1878.66,14.54,4568.18
2025-12-22,12.76,2794.99,531.85,1879.17,14.51,4611.62
2025-12-23,12.79,2782.77,529.5,1870.08,14.58,4620.73
2025-12-24,12.78,2779.17,543.58,1877.9,14.56,4634.06
2025-12-25,12.73,2802.18,541.5,1884.47,14.49,4642.54
2025-12-26,12.67,2794.99,538.76,1882.96,14.41,4657.24
2025-12-29,12.74,2778.46,533.28,1882.7,14.68,4639.37
2025-12-30,12.72,2765.51,530.54,1889.02,14.89,4651.28
2025-12-31,12.8,2759.04,537.98,1884.47,14.92,4629.94
2026-01-05,12.68,2759.76,543.32,1898.61,14.8,4717.75
2026-01-06,12.66,2760.48,556.63,1900.38,14.92,4790.69
2026-01-07,12.61,2746.1,552.06,1898.86,14.81,4776.67
2026-01-08,12.55,2662.71,566.02,1895.83,14.77,4737.65
2026-01-09,12.57,2692.9,569.15,1898.61,14.89,4758.92
2026-01-12,12.6,2697.22,597.97,1888.01,14.64,4789.92
2026-01-13,12.67,2682.12,569.8,1893.81,14.64,4761.03
2026-01-14,12.55,2672.77,571.23,1881.44,14.64,4741.93
2026-01-15,12.54,2659.83,564.06,1875.88,14.62,4751.43
2026-01-16,12.46,2641.86,566.41,1870.33,14.47,4731.87
2026-01-19,12.38,2650.49,560.28,1870.83,14.59,4734.46
2026-01-20,12.39,2656.96,547.76,1895.33,14.69,4718.88
2026-01-21,12.19,2632.51,559.89,1882.96,14.63,4723.07
2026-01-22,12.11,2630.36,563.41,1881.69,14.95,4723.71
2026-01-23,12.05,2631.08,567.58,1869.07,14.88,4702.5
2026-01-26,12.08,2621.01,559.63,1869.57,15.18,4706.96
2026-01-27,12.07,2598.72,568.76,1882.45,15.16,4705.69
2026-01-28,12.04,2582.19,561.58,1855.68,15.2,4717.99
2026-01-29,12.1,2631.8,559.76,1867.8,15.25,4753.87
2026-01-30,12.09,2596.57,546.45,1855.43,15.34,4706.34
2026-02-02,12.16,2604.48,528.06,1852.9,15.18,4605.98
2026-02-03,12.02,2615.26,530.41,1865.28,15.07,4660.11
2026-02-04,12.08,2644.74,528.58,1874.12,15.33,4698.68
2026-02-05,12.14,2659.11,521.41,1893.81,15.2,4670.42
2026-02-06,12.1,2649.77,518.02,1890.53,15.33,4643.6
2026-02-09,12.12,2649.77,530.54,1898.86,15.33,4719.06
2026-02-10,12.14,2626.04,534.58,1896.84,15.28,4724.3
2026-02-11,12.13,2634.67,531.58,1895.83,15.38,4713.82
2026-02-12,12.02,2615.98,533.93,1883.97,15.46,4719.58
2026-02-13,11.94,2606.63,529.11,1877.9,15.16,4660.41
2026-02-24,11.89,2598.72,537.06,1880.68,15.44,4707.54
2026-02-25,11.88,2593.69,539.54,1878.91,15.36,4735.89
2026-02-26,11.79,2580.75,547.5,1871.59,15.32,4726.87
2026-02-27,11.74,2577.88,548.54,1866.54,15.28,4710.65
2026-03-02,11.79,2572.12,537.98,1865.53,16.12,4728.67
2026-03-03,11.95,2567.09,523.76,1864.02,17.05,4655.9
2026-03-04,11.91,2544.81,526.63,1850.88,16.5,4602.62
2026-03-05,11.94,2548.4,538.5,1862.5,16.02,4647.69
2026-03-06,11.94,2587.22,532.24,1869.07,15.83,4660.44
2026-03-09,11.93,2592.25,510.06,1870.83,15.98,4615.46
2026-03-10,11.87,2600.88,525.32,1877.9,15.41,4674.76
2026-03-11,11.95,2603.76,528.58,1882.96,15.34,4704.5
2026-03-12,11.99,2623.17,528.58,1872.85,15.28,4687.56
2026-03-13,12.04,2623.17,519.98,1872.85,15.11,4669.14
2026-03-16,12.09,2632.51,520.5,1885.23,15.11,4671.56
2026-03-17,12.23,2634.67,511.76,1892.8,15.01,4637.44
2026-03-18,12.23,2621.01,517.24,1887.0,14.84,4658.33
2026-03-19,12.38,2603.76,505.5,1883.71,15.05,4583.25
2026-03-20,12.35,2600.16,491.41,1883.97,14.79,4567.02
2026-03-23,12.09,2535.46,462.46,1838.51,14.73,4418.0
2026-03-24,12.16,2550.56,473.8,1852.4,14.6,4474.72
2026-03-25,12.18,2563.5,480.72,1849.87,14.58,4537.47
