date,Portfolio,CSI300
2019-01-03,0.9864662962978015,0.9984160094288868
2019-01-04,0.9979648942204258,1.0220534795221412
2019-01-07,1.0129876596967453,1.0282393505661789
2019-01-08,1.0155853759490636,1.0260150364527183
2019-01-09,1.021919058418529,1.036325216227779
2019-01-10,1.0216590794161218,1.0343742622550918
2019-01-11,1.0311831789048613,1.0417839213736049
2019-01-14,1.0176133466188553,1.0326551353302644
2019-01-15,1.0392083901670994,1.052726288091885
2019-01-16,1.0422350886354617,1.0529483879258912
2019-01-17,1.0363773585268838,1.0471335984024608
2019-01-18,1.050598186246995,1.0660604549504833
2019-01-21,1.0672982635876143,1.071922803078737
2019-01-22,1.051464613304731,1.0575872885076145
2019-01-23,1.0555535936066618,1.0568232586209834
2019-01-24,1.0588544134981341,1.0627718400419004
2019-01-25,1.0580984709821455,1.0713802845608045
2019-01-28,1.0565676409999365,1.0711481164143783
2019-01-29,1.05973521636075,1.0745709563168957
2019-01-30,1.0527820802065688,1.0659607636319595
2019-01-31,1.063046881734068,1.077055365863102
2019-02-01,1.07718457022662,1.092343758634202
2019-02-11,1.0918153726775066,1.1120348703317473
2019-02-12,1.0976851461013621,1.120034010524381
2019-02-13,1.1250751387807179,1.1422410587833884
2019-02-14,1.1237820772524478,1.1439579897938963
2019-02-15,1.109390547600105,1.122425113288352
2019-02-18,1.1353666605842185,1.157845679907406
2019-02-19,1.1259046351215394,1.1557840284610508
2019-02-20,1.1270787548262442,1.1599164210466266
2019-02-21,1.1347988229473893,1.156814174728623
2019-02-22,1.1563873306000585,1.182537242789235
2019-02-25,1.2036986759536026,1.2508568346763709
2019-02-26,1.1966196604023185,1.2357434614462854
2019-02-27,1.1949090274158913,1.2336288067890169
2019-03-01,1.209371258854283,1.260347379065133
2019-03-04,1.2227305964173207,1.2751800606645407
2019-03-05,1.229288151505011,1.282522733063671
2019-03-06,1.222484870967311,1.2932594326273645
2019-03-07,1.1990335989619252,1.28000402135156
2019-03-08,1.1689384656609685,1.2281311162792292
2019-03-11,1.1860121867833402,1.2521940147594532
2019-03-12,1.1944290864127647,1.2606922312778353
2019-03-13,1.1696009626299513,1.2501880031587664
2019-03-14,1.1667167301092578,1.2415307634360973
2019-03-15,1.1695938228405238,1.2570494745541057
2019-03-18,1.2061227436636934,1.2923767171844651
2019-03-19,1.1963671306326609,1.2863938157063521
2019-03-20,1.1913127708282987,1.2868902985787747
2019-03-21,1.1888034238089507,1.2873767195109178
2019-03-22,1.1842380565353154,1.286339526174083
2019-03-25,1.163752578756138,1.2554487659561093
2019-03-26,1.1500545195534124,1.2411488551477936
2019-03-27,1.1583428139461462,1.2554715720558898
2019-03-28,1.1749339117322004,1.250434079269287
2019-03-29,1.192277288242001,1.2978002574397955
2019-04-01,1.2137250473279417,1.3314088118925425
2019-04-02,1.206954076440965,1.3305240234555318
2019-04-03,1.2064960056375236,1.3474590567205058
2019-04-04,1.214148517615265,1.3608164347161995
2019-04-08,1.2096316982115691,1.359140440737868
2019-04-09,1.2454934697874276,1.3652236650005407
2019-04-10,1.2645180163476408,1.368709794215352
2019-04-11,1.2359056972077351,1.3388163415459537
2019-04-12,1.230168730298503,1.3358122095549076
2019-04-15,1.2323313818048633,1.331417722334158
2019-04-16,1.2719827304592854,1.3678447026352847
2019-04-17,1.2778120400290964,1.3683300489119117
2019-04-18,1.2723187103042521,1.3632453341533457
2019-04-19,1.2926936030774085,1.3793960904705223
2019-04-22,1.2956388613531475,1.347222009823452
2019-04-23,1.2785226146823763,1.3450114225589658
2019-04-24,1.2783057911483715,1.3487143796535457
2019-04-25,1.2537699897103622,1.3188455316631482
2019-04-26,1.242880032894187,1.3011452184276202
2019-04-29,1.252782635154482,1.3048400617536224
2019-04-30,1.2456279981988814,1.3091419160265847
2019-05-06,1.1849397270958772,1.2303438661958905
2019-05-07,1.1935932049217044,1.2423229370383335
2019-05-08,1.1853621681162012,1.2244279767556117
2019-05-09,1.1578432233515596,1.2015938450705124
2019-05-10,1.1916581734813303,1.2444647442356143
2019-05-13,1.1809181253920236,1.223702944811486
2019-05-14,1.1742651762390601,1.215812463859087
2019-05-15,1.1917283155863019,1.2428402806305408
2019-05-29,1.1830684778626632,1.2400110875162376
2019-05-30,1.1787382375195252,1.2322944014849944
2019-05-31,1.1762978382053888,1.2284336113252414
2019-06-03,1.198096193138198,1.2291846985769144
2019-06-04,1.1960944419049153,1.2177809880366084
2019-06-05,1.204527870364031,1.2173206548422166
2019-06-06,1.1848527265874997,1.2062960426532596
2019-06-10,1.205173083992163,1.2217830131423122
2019-06-11,1.2293590977171303,1.257969004977501
2019-06-12,1.220561942730147,1.248401415342007
2019-06-13,1.2173992871595183,1.2464686875797841
2019-06-14,1.209943559729324,1.2361066767355817
2019-06-17,1.2047476204355831,1.2360863841379086
2019-06-18,1.206345902662213,1.2404078731040376
2019-06-19,1.2196366627662578,1.2566432295155834
2019-06-20,1.239758607228756,1.2941497964215392
2019-06-21,1.2392610339925503,1.2959806165671424
2019-06-24,1.237049999070117,1.2984559992100966
2019-06-25,1.2414452564505172,1.2848776592873552
2019-06-26,1.2468943588820567,1.2825161864986654
2019-06-27,1.2673645130409106,1.2961296474909607
2019-06-28,1.266879812754261,1.2930062422331023
2019-07-01,1.2869153617898061,1.329732794017063
2019-07-02,1.290025127354481,1.3301921973479112
2019-07-03,1.2730659905013209,1.315365888470204
2019-07-04,1.2721153331937263,1.3084457732893218
2019-07-05,1.2741022487925209,1.3152185785542405
2019-07-08,1.2515812935450636,1.2843156324061373
2019-07-09,1.2516610746629433,1.2810490114576722
2019-07-10,1.2496633812269864,1.2788891049889808
2019-07-11,1.2490707704716897,1.2783756549798169
2019-07-12,1.2543439622358001,1.2862910896794597
2019-07-15,1.2585251119990202,1.2915017004129687
2019-07-16,1.2491523200769021,1.285628943232661
2019-07-17,1.2364885464576214,1.2848857543248862
2019-07-18,1.2198804290506302,1.2725882845683667
2019-07-19,1.222406627007166,1.2858780569840023
2019-07-22,1.2206701225233492,1.2769730205411651
2019-07-23,1.2278319096074781,1.2797490536063374
2019-07-24,1.2395897543406655,1.2898125482843548
2019-07-25,1.2461659411499186,1.300318216921676
2019-07-26,1.2449007030553856,1.3028481378267565
2019-07-29,1.2364495046614832,1.3013954310227558
2019-07-30,1.2340861518976032,1.3068034660708667
2019-07-31,1.2259502019360702,1.2949456773650938
2019-08-01,1.222845336299861,1.2841335353069099
2019-08-02,1.206391495015658,1.2650758793240269
2019-08-05,1.19380209246055,1.2406193438068713
2019-08-06,1.1668239407259002,1.2272629117901679
2019-08-07,1.162519979009431,1.2222238245026067
2019-08-08,1.1665854961999738,1.238270654584948
2019-08-09,1.1414963049686624,1.2261435824310392
2019-08-12,1.1586733538170024,1.248073061423647
2019-08-13,1.155565159633705,1.236769770494577
2019-08-14,1.1590061566622247,1.2423745150684726
2019-08-15,1.1556613373942313,1.2462819919555201
2019-08-16,1.1567281415754753,1.2518498026317126
2019-08-19,1.179009155521501,1.2787347269130296
2019-08-20,1.1790594150101976,1.2776008963262298
2019-08-21,1.1731752433250142,1.2755856274157622
2019-08-22,1.1686862093786294,1.2795427518858304
2019-08-23,1.1699293282761825,1.288734751950345
2019-08-26,1.1652951837694103,1.270066145158573
2019-08-27,1.178857013870238,1.2871639565514157
2019-08-28,1.1815815330018318,1.2823089148401605
2019-08-29,1.1687477796721977,1.278123927923126
2019-08-30,1.1620534067172714,1.281289861867307
2019-09-02,1.165083491197565,1.2976180090178575
2019-09-03,1.1663150662781385,1.29940052336092
2019-09-04,1.1707678417593839,1.3102764792968506
2019-09-05,1.1833563669332279,1.3234677213191794
2019-09-06,1.2066623735544655,1.3312634967419246
2019-09-09,1.2356629610003995,1.33947819027016
2019-09-10,1.2434932677790782,1.3348580259756937
2019-09-11,1.2296968242557702,1.3249870258695187
2019-09-12,1.2310471341471036,1.3391651031284368
2019-09-16,1.2314487946365387,1.3342137953829307
2019-09-17,1.2163831992124101,1.3116050506428238
2019-09-18,1.2133324505761973,1.3179467935438964
2019-09-19,1.21874146593349,1.322758014758273
2019-09-20,1.216365947316329,1.3265512555073224
2019-09-23,1.2013797968049615,1.3112995728091272
2019-09-24,1.20666094438935,1.3148068124485726
2019-09-25,1.2024138270166749,1.304622670040772
2019-09-26,1.19472221928273,1.2945268378315182
2019-09-27,1.1981990624763457,1.2984000953597616
2019-09-30,1.1905790195602737,1.2854891112777627
2019-10-08,1.1921037136777484,1.2932670378412376
2019-10-09,1.1910989187397902,1.2951393567786371
2019-10-10,1.1958743170444193,1.305677898499199
2019-10-11,1.200489923126333,1.318117060661291
2019-10-14,1.2260413426948156,1.3320307938949156
2019-10-15,1.2214171208477835,1.3262937340411505
2019-10-16,1.2119369138415241,1.3217168926653902
2019-10-17,1.2103644540897065,1.3225690797710747
2019-10-18,1.2042515568838308,1.303619160373726
2019-10-21,1.2067044531911009,1.3074744022806852
2019-10-22,1.2098019457357667,1.3125316602318744
2019-10-23,1.2081876722817864,1.3041497718749342
2019-10-24,1.202828134387949,1.3040116373686614
2019-10-25,1.2172715398161653,1.3127817919252671
2019-10-28,1.2197752937421906,1.3227828622057392
2019-10-29,1.2396713314551926,1.3172600202717646
2019-10-30,1.2206956800619502,1.3108437879591688
2019-10-31,1.2404048332420088,1.309333735009821
2019-11-01,1.2488744228115733,1.3312613125429316
2019-11-04,1.2586094492495115,1.339899716317709
2019-11-05,1.2634541125089238,1.3481900357501844
2019-11-06,1.2509760268631946,1.3421374503490642
2019-11-07,1.2574726733098307,1.3444896722888993
2019-11-08,1.2475956141667988,1.3381224394840652
2019-11-11,1.231626316215197,1.3143257652633926
2019-11-12,1.2400340005021364,1.3145648355189328
2019-11-13,1.2393355234447154,1.313314901601375
2019-11-14,1.2383678833762013,1.3152934953419708
2019-11-15,1.2251297192201513,1.3055693762815044
2019-11-18,1.2373718346164462,1.3159133369104634
2019-11-19,1.252272300952678,1.3290173451748468
2019-11-20,1.2430001503869936,1.3157590398039558
2019-11-21,1.2352547586282387,1.3095965704906587
2019-11-22,1.2241932698951306,1.296191836375155
2019-11-25,1.2255348806778381,1.3056581276724872
2019-11-26,1.2338633420915555,1.3101750849246452
2019-11-27,1.2323172157553757,1.3047672295445796
2019-11-28,1.232875261420191,1.3002751912025354
2019-11-29,1.2229591587531574,1.2889037950378386
2019-12-02,1.2217002245952133,1.2913892060038619
2019-12-03,1.2276393966193826,1.2964390891203867
2019-12-04,1.2309620683338767,1.2960114831210676
2019-12-05,1.2365256157845466,1.305917932606198
2019-12-06,1.2355448631312143,1.31364765350289
2019-12-09,1.2355522881953,1.3113093862077483
2019-12-10,1.236087503167662,1.3129679026545644
2019-12-11,1.230578075158391,1.3137654631270865
2019-12-12,1.2363163479433923,1.3098108992848703
2019-12-13,1.2485798403546091,1.3355438337212309
2019-12-16,1.2533021149649963,1.3420337430842504
2019-12-17,1.2607640620561886,1.360168819632618
2019-12-18,1.2598729563972983,1.35712996736875
2019-12-19,1.2606990718496034,1.355234009721729
2019-12-20,1.2517902960221157,1.351898316949186
2019-12-23,1.2389626168467025,1.3349154461611643
2019-12-24,1.2524655091544925,1.3435890076381138
2019-12-25,1.2555550601906071,1.3428855605231056
2019-12-26,1.2573349067814668,1.3546513747164963
2019-12-27,1.260545122431486,1.353318271698163
2019-12-30,1.2688734786465496,1.3732251343611832
2019-12-31,1.2812191671636624,1.378245728996614
2020-01-02,1.2918158427225106,1.3968458006605482
2020-01-03,1.3027498182883954,1.3943946026568084
2020-01-06,1.2979376155107136,1.38911648822722
2020-01-07,1.3045271404208778,1.3994827146284199
2020-01-08,1.2933948526455377,1.383272485255066
2020-01-09,1.3064115357095873,1.400670812854878
2020-01-10,1.3063430218485719,1.4002705034532792
2020-01-13,1.3147313696492073,1.4139299587752858
2020-01-14,1.3033483227107798,1.409179728566999
2020-01-15,1.304654422814774,1.4013687509051689
2020-01-16,1.3066081199034207,1.395406524773786
2020-01-17,1.309506108579515,1.3973591790675903
2020-01-20,1.3201389808144324,1.4077397203302655
2020-01-21,1.3077672510231992,1.3834789158843657
2020-01-22,1.316895200013706,1.3893911705838515
2020-01-23,1.2855900162790248,1.3456590775023238
2020-02-03,1.2043795874793002,1.2351979994239948
2020-02-04,1.2409239712429632,1.2673539661197484
2020-02-05,1.248956866788119,1.2816319206512523
2020-02-06,1.2636634163238145,1.305264218440556
2020-02-07,1.2602029987055647,1.305294341274187
2020-02-10,1.259263297713566,1.31068528397404
2020-02-11,1.2612304190443935,1.322828641028215
2020-02-12,1.261510980048267,1.3334854752236571
2020-02-13,1.2492508436634597,1.325257279663624
2020-02-14,1.247611821251815,1.3345318590344204
2020-02-17,1.2788809852340468,1.3642149019986687
2020-02-18,1.2798360190960105,1.3575371376091796
2020-02-19,1.2813350248455422,1.3554611926767843
2020-02-20,1.297377565915291,1.3863392398837455
2020-02-21,1.2984053745513062,1.3879538765338062
2020-02-24,1.3127845194738461,1.382373450934912
2020-02-25,1.3319386422059092,1.3793631545001608
2020-02-26,1.3038325174720449,1.3622556664277201
2020-02-27,1.308979407575428,1.3662165788160232
2020-02-28,1.2816289652905297,1.3168976105175216
2020-03-02,1.3190301394572006,1.359523612800911
2020-03-03,1.3128887676225647,1.3667501850823685
2020-03-04,1.3111735950477221,1.3746411878048332
2020-03-05,1.3278658242535588,1.4049309102366159
2020-03-06,1.3140590303108866,1.381960565046042
2020-03-09,1.2986724649099728,1.3339246991498543
2020-03-10,1.3202097135796176,1.3621896013784938
2020-03-11,1.302019231113783,1.3439510262910919
2020-03-12,1.280947208913844,1.3178369964474546
2020-03-13,1.262793297795612,1.2991597318608121
2020-03-16,1.2284806549701766,1.2420690825430734
2020-03-17,1.2092528286052342,1.236003614654941
2020-03-18,1.1931787636668194,1.2112959782631456
2020-03-19,1.2017624962782902,1.19548009583798
2020-03-20,1.2157195066965945,1.2166523854590903
2020-03-23,1.1967784727333166,1.1750145445070057
2020-03-24,1.2232183918870385,1.2061511925140262
2020-03-25,1.2433649917821175,1.2381337696679382
2020-03-26,1.2386466570614674,1.2299680241355786
2020-03-27,1.2493654814704314,1.2339560666758354
2020-03-30,1.2426053232463299,1.2219408852569755
2020-03-31,1.2567505264297458,1.2259419343550988
2020-04-01,1.2396446833572765,1.2222514020831594
2020-04-02,1.2504555847782892,1.2418649593749664
2020-04-03,1.2406878061323605,1.2347583259611334
2020-04-07,1.2564790423816017,1.2626397290313165
2020-04-08,1.2447753059184508,1.256748345959159
2020-04-09,1.2464280863717518,1.2608870903489366
2020-04-10,1.2319339853510778,1.2530069268142936
2020-04-13,1.2282778466757145,1.2477033550858962
2020-04-14,1.2412271217051165,1.271555277660838
2020-04-15,1.2397996541981315,1.2621007954481414
2020-04-16,1.2332622006057248,1.2637681543090054
2020-04-17,1.2434922386501195,1.2760423240779968
2020-04-20,1.2520199110029724,1.2806767831249153
2020-04-21,1.2385960153082367,1.2654953857942997
2020-04-22,1.2490994578889265,1.2758644097025762
2020-04-23,1.2521116085937687,1.2726602442436457
2020-04-24,1.2454610355018505,1.2617202701272878
2020-04-27,1.2472091425859488,1.2702645268526391
2020-04-28,1.2525398523307176,1.279000204566886
2020-04-29,1.2468480966206976,1.2849276361686115
2020-04-30,1.2554833778201993,1.2999744373983972
2020-05-06,1.2594790941542675,1.3078152208567893
2020-05-07,1.257056793518089,1.3040354150651159
2020-05-08,1.264545730043584,1.3168402913825434
2020-05-11,1.261074627766506,1.3156969180296203
2020-05-12,1.2548586044494088,1.3157168517743165
2020-05-13,1.2574143859321434,1.318375339221051
2020-05-14,1.242643633647749,1.3040013686341123
2020-05-15,1.2378760076290363,1.2998754314199807
2020-05-18,1.233953184381333,1.3032231093905888
2020-05-19,1.2384512194996609,1.3142521322277805
2020-05-20,1.2329325562588167,1.3072474074380025
2020-05-21,1.2255990367547869,1.3001090851395287
2020-05-22,1.203588862707506,1.2699549679675872
2020-05-25,1.2068782172951305,1.271700592563066
2020-05-26,1.2114267890096468,1.2860488998192845
2020-05-27,1.2097829641015474,1.2769979766230692
2020-05-28,1.2013426265804292,1.2806521154982002
2020-05-29,1.2003082006523087,1.2840976324510038
2020-06-01,1.2256532475110615,1.3182795212632636
2020-06-02,1.2251295107122473,1.3223330105542144
2020-06-03,1.2315507193336757,1.3223595660254697
2020-06-04,1.227642582844574,1.3218748349768883
2020-06-05,1.2227498912827173,1.3281866459817144
2020-06-08,1.2450839694323466,1.335040151958235
2020-06-09,1.246188492771737,1.3433393210815867
2020-06-10,1.2437044420223184,1.3409073777976488
2020-06-11,1.2335680904055266,1.3262793160800312
2020-06-12,1.2338283823915464,1.3286669298835094
2020-06-15,1.224836415706168,1.3126086719310872
2020-06-16,1.2524205819546437,1.3322350206077536
2020-06-17,1.254819146268602,1.333236830818662
2020-06-18,1.2662625157123608,1.3420975797837515
2020-06-19,1.2806310624354529,1.360006566048011
2020-06-22,1.2741481772353234,1.3611143712225948
2020-06-23,1.2646977124217185,1.3676486543044615
2020-06-24,1.2722011831535414,1.3733439012055229
2020-06-29,1.2695346062023807,1.3635974209183668
2020-06-30,1.2748875711596515,1.3814764260769636
2020-07-01,1.2772242917726713,1.4090091807418175
2020-07-02,1.2899518186399275,1.4379204563390116
2020-07-03,1.3269396498429622,1.4654333835855957
2020-07-06,1.3828334484010796,1.546221479212646
2020-07-07,1.3893875982108437,1.5554774915070126
2020-07-08,1.3971375973056754,1.580396195366077
2020-07-09,1.405867458744923,1.6023467465173666
2020-07-10,1.3751537640719749,1.5730711494738443
2020-07-13,1.3944770129992772,1.6057681878554293
2020-07-14,1.3859156481942545,1.5903847190326243
2020-07-15,1.3684215329942446,1.5696636470308112
2020-07-16,1.3152719278408596,1.4922827989282925
2020-07-17,1.3295599120734731,1.5016539101579112
2020-07-20,1.3368034864644356,1.5458032733129865
2020-07-21,1.3434358643843822,1.5493464025610657
2020-07-22,1.3597585838604165,1.5570589777021724
2020-07-23,1.3435115505872794,1.5563949859524844
2020-07-24,1.3081117876252295,1.4865331269897253
2020-07-27,1.3111848690638839,1.4940562771669033
2020-07-28,1.3272262026506825,1.5071332599683094
2020-07-29,1.3425863641941311,1.5432353722262429
2020-07-30,1.3357445838203486,1.5356771876580708
2020-07-31,1.3417477302069576,1.548453769740721
2020-08-03,1.3690708975424077,1.5734026707022621
2020-08-04,1.3627825875619155,1.574882611440832
2020-08-05,1.3594819751305405,1.5753145418649475
2020-08-06,1.3493195470070949,1.5705753198995565
2020-08-07,1.336988182607234,1.5523896107423727
2020-08-10,1.3298269311281325,1.5579653694305358
2020-08-11,1.3226900875267973,1.54369180820735
2020-08-12,1.3168891828731975,1.5323938124950338
2020-08-13,1.3107422636178263,1.5284552626726413
2020-08-14,1.3180866263142166,1.551011839534609
2020-08-17,1.336775462899888,1.5870522073465907
2020-08-18,1.337193444788517,1.5862379108967308
2020-08-19,1.3175790978612414,1.5623013606588199
2020-08-20,1.3066276241285253,1.541891274720401
2020-08-21,1.3176339877182102,1.5549149166978211
2020-08-24,1.3191787397400334,1.5670625845925705
2020-08-25,1.3149304950636764,1.569071259512161
2020-08-26,1.3208697842665282,1.550569816242596
2020-08-27,1.3372419431665645,1.5588570844230711
2020-08-28,1.3784572711097154,1.5956242707064854
2020-08-31,1.3885722164319825,1.586358201061282
2020-09-01,1.3921372385314763,1.5948662419655926
2020-09-02,1.4035817687817682,1.5954491266166928
2020-09-03,1.3827887304494373,1.5866007183979345
2020-09-04,1.3620546299375205,1.5710842999419001
2020-09-07,1.3399611143298011,1.5375129519428967
2020-09-08,1.3395786332490618,1.545729451641334
2020-09-09,1.3153099616564423,1.5091459012591293
2020-09-10,1.3011892963526466,1.508286502179925
2020-09-11,1.3214698228434192,1.5231250298418582
2020-09-14,1.3146885794824374,1.5309291845046924
2020-09-15,1.3194205139549224,1.543200248716797
2020-09-16,1.3135255121758826,1.532923041053277
2020-09-17,1.2980742106429892,1.5247881956453262
2020-09-18,1.3165438630893695,1.5587620213823292
2020-09-21,1.314100765994742,1.5436645023031876
2020-09-22,1.306395369644443,1.5252373397130377
2020-09-23,1.3065820176305725,1.5306794078952362
2020-09-24,1.2847920399042119,1.501026280105384
2020-09-25,1.2852294241914535,1.5033107500187197
2020-09-28,1.2787359328244983,1.5072168932856047
2020-09-29,1.283517766312217,1.5104666975304777
2020-09-30,1.2873323881435295,1.5090186292939956
2020-10-09,1.3053420091172254,1.5395434432772008
2020-10-12,1.3348140960408135,1.58555677101706
2020-10-13,1.338340933871142,1.5908209826525197
2020-10-14,1.3341229604552145,1.580233391133139
2020-10-15,1.3248201683837497,1.5774828238771206
2020-10-16,1.325173913124666,1.5751602914440552
2020-10-19,1.3144443305682476,1.5632184649162504
2020-10-20,1.3249684039696907,1.5756536097650058
2020-10-21,1.3217099766580676,1.575443222376389
2020-10-22,1.3178039621495499,1.5705543256943726
2020-10-23,1.3074597607574807,1.5508768036139131
2020-10-26,1.3066419259741273,1.541894290610833
2020-10-27,1.3077796971153206,1.5445345774374777
2020-10-28,1.3287797899889293,1.5569707295479087
2020-10-29,1.3277721408784608,1.5686437384998284
2020-10-30,1.291497595362268,1.5429338571082687
2020-11-02,1.2669171709690261,1.5512907477175661
2020-11-03,1.2832771080288463,1.5698214188251345
2020-11-04,1.2795883054030608,1.5816386476723936
2020-11-05,1.3093569425073228,1.6049426595857106
2020-11-06,1.3104367370913534,1.605143055053367
2020-11-09,1.3367908583739383,1.6362575878962702
2020-11-10,1.3214135926846837,1.6272093604313222
2020-11-11,1.3202265265972273,1.6110407533167737
2020-11-12,1.3130059360166906,1.6122096303035347
2020-11-13,1.300161529233047,1.595168304687413
2020-11-16,1.2975857713146723,1.6106347119921791
2020-11-17,1.2981892341535528,1.60755116879719
2020-11-18,1.3033201602235631,1.6065261689879493
2020-11-19,1.3117318975881538,1.6184103475723752
2020-11-20,1.3145186732195695,1.6234272649623405
2020-11-23,1.3187067744036036,1.6435777398508065
2020-11-24,1.3171716478387872,1.6334520520234543
2020-11-25,1.3017079893790016,1.6124358145020166
2020-11-26,1.306770802028819,1.6153522204877482
2020-11-27,1.3144506709712713,1.6353168494213342
2020-11-30,1.3014034288249436,1.628565681148884
2020-12-01,1.3201154316323316,1.6632745184158926
2020-12-02,1.3246687465127234,1.6632876483557275
2020-12-03,1.3212446651702978,1.6599755950506991
2020-12-04,1.3278570346067082,1.6628813377327207
2020-12-07,1.3138239971872347,1.6484812666114796
2020-12-08,1.3134331492846147,1.644419266004487
2020-12-09,1.3030123029018654,1.6222192406572693
2020-12-10,1.3038712848729457,1.621503595755712
2020-12-11,1.3131183135640834,1.6047146240350019
2020-12-14,1.326627463373409,1.6194837994240925
2020-12-15,1.3283406211541735,1.6228473643354269
2020-12-16,1.322285587676081,1.6257228908010946
2020-12-17,1.3341315162242853,1.6464650442529183
2020-12-18,1.3337994796988528,1.6407091618105354
2020-12-21,1.3257342022437861,1.65601762216737
2020-12-22,1.3089786128043133,1.628866662294587
2020-12-23,1.3140095162063619,1.6427021373924051
2020-12-24,1.304354296541015,1.6403711642807082
2020-12-25,1.3118697268511261,1.6540894237616244
2020-12-28,1.3130659783951644,1.6614217261524353
2020-12-29,1.3352692400378547,1.6543633422809108
2020-12-30,1.3480679185286883,1.6774184221659827
2020-12-31,1.3573991633501648,1.7091254174567498
2021-01-04,1.4035123141432453,1.7275330493980525
2021-01-05,1.4466645656137345,1.7602713701903758
2021-01-06,1.4391926337508725,1.7763202814959542
2021-01-07,1.4546902189038324,1.8075174673141639
2021-01-08,1.4472904564179878,1.8015313097758658
2021-01-11,1.4385331746748982,1.7836518964163113
2021-01-12,1.4624262388083058,1.833812336681251
2021-01-13,1.468627031979765,1.8277796651370217
2021-01-14,1.4456654882572442,1.7922070463335047
2021-01-15,1.4336760376663542,1.7881465711511921
2021-01-18,1.4467847139297034,1.8078387656420092
2021-01-19,1.4327510640167753,1.7811069157934714
2021-01-20,1.4378280035509872,1.7938068390508997
2021-01-21,1.4365592405774836,1.8225762092279272
2021-01-22,1.4214162680646851,1.8241508457687905
2021-01-25,1.4507788737877392,1.8424451349734414
2021-01-26,1.414704596729924,1.8050785192620913
2021-01-27,1.4149223042812873,1.809993005381175
2021-01-28,1.3810062133789964,1.7599114905210231
2021-01-29,1.3820167044605927,1.7516508437395706
2021-02-01,1.3849309239028633,1.7730197458553556
2021-02-02,1.3882564309760994,1.8001187788109871
2021-02-03,1.3729793438275935,1.794911578320004
2021-02-04,1.3669526621199222,1.791226481875657
2021-02-05,1.3780258128038614,1.7943193813931735
2021-02-08,1.4121475804363164,1.8206792713176945
2021-02-09,1.4449350521779667,1.860066142315336
2021-02-10,1.4590689804322854,1.8993825223621836
2021-02-18,1.4612540433990864,1.8864728211527517
2021-02-19,1.4768247888621213,1.8898905288099146
2021-02-22,1.4578050382992014,1.8295779379867285
2021-02-23,1.4444938155586395,1.8237963555813537
2021-02-24,1.418385126329003,1.7767472153758794
2021-02-25,1.4184391045448725,1.7871694449445457
2021-02-26,1.3964286944197006,1.743241807962331
2021-03-01,1.4048649710646006,1.7698296807776666
2021-03-02,1.3905181810160014,1.7470992303786652
2021-03-03,1.4067816944564038,1.7802829892316216
2021-03-04,1.3767447082151072,1.7233843033691085
2021-03-05,1.3844862765627213,1.7175293570445662
2021-03-08,1.3645440855314492,1.6568181191656444
2021-03-09,1.3402674463429856,1.6208748227806422
2021-03-10,1.3439305561648018,1.631473115102599
2021-03-11,1.3628416743144711,1.6716056708642162
2021-03-12,1.35914026080104,1.6775146873891167
2021-03-15,1.3235420005626826,1.6409905203964728
2021-03-16,1.3338255797612906,1.655208882312114
2021-03-17,1.3553127366179254,1.6622002919042886
2021-03-18,1.3587958196127632,1.6754783221649845
2021-03-19,1.3248561685798799,1.631006988820938
2021-03-22,1.3333090851482134,1.6472325325732708
2021-03-23,1.3279989772661778,1.6315560178645074
2021-03-24,1.3238778493794707,1.6051036480687846
2021-03-25,1.3264184180862955,1.6043414101464495
2021-03-26,1.3535136172819384,1.6402928469725397
2021-03-29,1.3390525296505147,1.6431847448724122
2021-03-30,1.336057275446068,1.6586905616985803
2021-04-01,1.3377500125866,1.6790735405259314
2021-04-02,1.3418910562174908,1.6956742466791406
2021-04-06,1.3329561008820037,1.6886886889852175
2021-04-07,1.3206198217785186,1.6766219599083925
2021-04-08,1.3301307299091536,1.679402120589356
2021-04-09,1.3124324979276578,1.6539579275695147
2021-04-12,1.3005694557847403,1.624934069740676
2021-04-13,1.3035077864991365,1.6222684080724339
2021-04-14,1.3028584750840864,1.6356747287639253
2021-04-15,1.2936546534796372,1.625244170151147
2021-04-16,1.3053450450005064,1.6308861383024476
2021-04-19,1.3209607262048555,1.6700947033522848
2021-04-20,1.3145596783738107,1.6688959595619388
2021-04-21,1.3075806218421593,1.6739343946959948
2021-04-22,1.3164325099827143,1.6708126018855125
2021-04-23,1.3165893739993164,1.685915020836241
2021-04-26,1.3029326575380806,1.6666961517384145
2021-04-27,1.306732571021388,1.671049861401279
2021-04-28,1.3008466860718777,1.6804511947543488
2021-04-29,1.3218385766092098,1.6951356530471342
2021-04-30,1.2946020505117013,1.6817295961242686
2021-05-06,1.2826056702150423,1.661131696714659
2021-05-07,1.2684557800577088,1.6396363162459593
2021-05-10,1.2653389975840854,1.638444566140087
2021-05-11,1.2711288325487706,1.6484694672176932
2021-05-12,1.2776077858007036,1.655507018861996
2021-05-13,1.278927398704593,1.6384924966155991
2021-05-14,1.294999954213386,1.67664304833087
2021-05-17,1.311379335866559,1.7008756635399858
2021-05-18,1.3149572576470092,1.701731628265388
2021-05-19,1.3018618640495332,1.6966953556283297
2021-05-20,1.3066445961811186,1.7013274684515518
2021-05-21,1.293689558099915,1.6840973698069435
2021-05-24,1.3026166712446223,1.6911154479822574
2021-05-25,1.3277846901543333,1.743719260307968
2021-05-26,1.3460901882584289,1.7444109086733777
2021-05-27,1.3569147532787749,1.7501848004404759
2021-05-28,1.3592222161221534,1.744556262534852
2021-05-31,1.3574186566301516,1.747988824079054
2021-06-01,1.356295278503999,1.7513003125754047
2021-06-02,1.3463317847631147,1.7342643015559112
2021-06-03,1.3619543707979695,1.7228573750679839
2021-06-04,1.3683967246733464,1.731682943436825
2021-06-07,1.3579321067115318,1.730157868657317
2021-06-08,1.3410531943015982,1.715173691724237
2021-06-09,1.3509010196585063,1.7165925488381861
2021-06-10,1.3500488679926521,1.7280344504950031
2021-06-11,1.3386452767912425,1.7126344129280202
2021-06-15,1.327957082118326,1.6934695370945445
2021-06-16,1.3324038141961407,1.665020305171235
2021-06-17,1.3339273009356172,1.6720189610831806
2021-06-18,1.336805066827596,1.6722090310137736
2021-06-21,1.3250091912857316,1.6682454144130965
2021-06-22,1.3323025711801144,1.6786248647536468
2021-06-23,1.333317390943503,1.686872897149658
2021-06-24,1.3231343898421208,1.689682344320887
2021-06-25,1.3326868343313327,1.716988466879292
2021-06-28,1.346140886565033,1.720847373379091
2021-06-29,1.3362268393095869,1.7006695422064084
2021-06-30,1.341824811060339,1.7116104781172685
2021-07-01,1.3499879608692047,1.7134508316406616
2021-07-02,1.3275677670204145,1.6640785055467573
2021-07-05,1.3203531724542195,1.6656072388919818
2021-07-06,1.3036387397804592,1.6647260249980111
2021-07-07,1.298229124428861,1.6834160605153559
2021-07-08,1.2807360942933421,1.666224207158067
2021-07-09,1.2781728778803099,1.6600499008759186
2021-07-12,1.3015822208159538,1.680640208560227
2021-07-13,1.3194294587745867,1.6837120348911863
2021-07-14,1.3220051019772892,1.6642749613340744
2021-07-15,1.3217747935936466,1.6865143224155703
2021-07-16,1.3131688914756425,1.667851951469563
2021-07-19,1.3352408468491765,1.6739690024714284
2021-07-20,1.322576700988877,1.6724952190064186
2021-07-21,1.3180911830004265,1.683930118890442
2021-07-22,1.3190185950368278,1.686452140735005
2021-07-23,1.3046028396858942,1.6658606938747733
2021-07-26,1.2963561516872637,1.6113181564654384
2021-07-27,1.2771245798894857,1.5533673938761783
2021-07-28,1.2859124202858119,1.5563624943598666
2021-07-29,1.2917131214158757,1.5854444816140918
2021-07-30,1.2978951155784217,1.5726117739286398
2021-08-02,1.3175373737605576,1.6121740050536384
2021-08-03,1.3208300174095526,1.6124092587545562
2021-08-04,1.322338228401555,1.6268495063370185
2021-08-05,1.3166203313750255,1.6169581196957434
2021-08-06,1.3079977866686048,1.6080756833475685
2021-08-09,1.3158922163585307,1.628852311751886
2021-08-10,1.3179808030394353,1.6475599293377432
2021-08-11,1.295505550065986,1.6384494647679038
2021-08-12,1.2893762605892025,1.6246741051784874
2021-08-13,1.278274082290095,1.6157082893199421
2021-08-16,1.2806998829773186,1.6141035379830484
2021-08-17,1.2627571727425895,1.5798772462156956
2021-08-18,1.2650416778884945,1.5983327673513146
2021-08-19,1.264757725719485,1.5878152051066932
2021-08-20,1.2515926303889857,1.5571935269829407
2021-08-23,1.2482503905770248,1.5787915912811703
2021-08-24,1.2462914456538057,1.5958423626502518
2021-08-25,1.2484221055120823,1.5990286509873386
2021-08-26,1.2363269626387614,1.567194635259665
2021-08-27,1.2420646491431504,1.5754728159472606
2021-08-30,1.243499961051179,1.570972073662085
2021-08-31,1.2495548061117714,1.5684699843069705
2021-09-01,1.2749873925369983,1.5891723177100154
2021-09-02,1.2697968674836106,1.5891559998793254
2021-09-03,1.2775066330511302,1.5805331957245679
2021-09-06,1.292007047247655,1.6098497819544642
2021-09-07,1.2944772367638362,1.629019211505017
2021-09-08,1.2981744015670678,1.6222513476739806
2021-09-09,1.3004538543424637,1.621559510120055
2021-09-10,1.3059363297301603,1.6356936893101697
2021-09-13,1.3033368290060445,1.6285461275582696
2021-09-14,1.29821272995599,1.6040570415267317
2021-09-15,1.2949069539136164,1.5877154690763442
2021-09-16,1.2899279358740543,1.5681473866376834
2021-09-17,1.2967791770503185,1.5838036110618519
2021-09-22,1.3004701716438896,1.5726193961429324
2021-09-23,1.3118666453401977,1.582837019866111
2021-09-24,1.316875039318598,1.5816069830894437
2021-09-27,1.3205107766030637,1.5906932644250051
2021-09-28,1.3248868054690766,1.5927987186700592
2021-09-29,1.3030682935088767,1.5764407607371413
2021-09-30,1.3058521889657901,1.5869879893328391
2021-10-08,1.3312454765072699,1.6075815126220474
2021-10-11,1.3332011161908375,1.6096182556606824
2021-10-12,1.3193788951920993,1.5924565333596705
2021-10-13,1.3284753815166521,1.6106994008627442
2021-10-14,1.3160186760992223,1.602035944416473
2021-10-15,1.3155544679219993,1.6080563674736705
2021-10-18,1.310843267651611,1.5892551120812761
2021-10-19,1.3110042173136167,1.604807956812518
2021-10-20,1.3024657922877696,1.6007146979186817
2021-10-21,1.3047305684380366,1.60651998374557
2021-10-22,1.3095854177462094,1.6168242336167034
2021-10-25,1.3214319876790583,1.6232627463549787
2021-10-26,1.3210519894745587,1.6179011819932774
2021-10-27,1.3073365221199444,1.5965919331537175
2021-10-28,1.2910252525933554,1.585464170753425
2021-10-29,1.3056640991466335,1.599944966716333
2021-11-01,1.295866847949618,1.5940411642984373
2021-11-02,1.2886276113058677,1.5773839612582405
2021-11-03,1.283720085883532,1.5712644425956361
2021-11-04,1.294010309644215,1.5867115193114594
2021-11-05,1.290355810066119,1.5780876840733118
2021-11-08,1.2809388153770556,1.5799864971017303
2021-11-09,1.2818318272551334,1.5795171418986842
2021-11-10,1.2783154373468455,1.571168559124811
2021-11-11,1.2909333952082682,1.5962112127287187
2021-11-12,1.2853553263873596,1.5928579842073831
2021-11-15,1.2884469552363234,1.590904967188073
2021-11-16,1.293677782639412,1.5912112331339396
2021-11-17,1.2909893291900074,1.5920028424429657
2021-11-18,1.283912790272574,1.5762421087431477
2021-11-19,1.287153887178585,1.5932366926313766
2021-11-22,1.2835206452190617,1.6004987410020801
2021-11-23,1.2817261806481715,1.6008082285849496
2021-11-24,1.2832817756751578,1.6018862896320647
2021-11-25,1.2840340258265153,1.5952848718097372
2021-11-26,1.2646312076091515,1.5834108092811505
2021-11-29,1.2610478162683476,1.5805705805129941
2021-11-30,1.2555860009929234,1.5742407487863264
2021-12-01,1.2586356861953252,1.5780869177976453
2021-12-02,1.2566619732324695,1.5820923281811439
2021-12-03,1.2695943624657577,1.5966402122888155
2021-12-06,1.269558207225452,1.5939013366364507
2021-12-07,1.2771556621924989,1.6034764142164164
2021-12-08,1.2848606284454003,1.6273494717558135
2021-12-09,1.299968456084758,1.654086454759509
2021-12-10,1.304228363067759,1.6463920361664401
2021-12-13,1.3093959594737659,1.6557063713300555
2021-12-14,1.3036553159559352,1.6445631729533852
2021-12-15,1.300188317905551,1.630236365496817
2021-12-16,1.301275715928775,1.639598296686765
2021-12-17,1.293111653639413,1.6133464105786182
2021-12-20,1.2963950578476005,1.5889567285777286
2021-12-21,1.3068185828737462,1.5996872741344808
2021-12-22,1.312549282487414,1.5999997912617838
2021-12-23,1.3114939609968226,1.6111248357720602
2021-12-24,1.319348585383072,1.6021796329161477
2021-12-27,1.3259525814877167,1.6015218715660051
2021-12-28,1.3225805535393513,1.6134060977633284
2021-12-29,1.3118890875150464,1.5896360886651109
2021-12-30,1.3145874077953739,1.6019673941752952
2021-12-31,1.3366025525279253,1.6080946522411625
2022-01-04,1.3336966506730827,1.6007214555104385
2022-01-05,1.3240678035415385,1.5844783744569673
2022-01-06,1.319731519071026,1.56815636975431
2022-01-07,1.3313094218183248,1.569503208699991
2022-01-10,1.3486082049522585,1.5765434338544884
2022-01-11,1.348846162030872,1.5614087413461917
2022-01-12,1.341015947815224,1.576891237278116
2022-01-13,1.3292308674897158,1.5507521263630843
2022-01-14,1.3188610954276507,1.5379476258039892
2022-01-17,1.323715681809752,1.5510852052783062
2022-01-18,1.330914099467606,1.5660026055324203
2022-01-19,1.3169474720142238,1.5552390528440732
2022-01-20,1.3281472018855078,1.5692079573808437
2022-01-21,1.3115270527899954,1.5547623088039888
2022-01-24,1.2945483730994785,1.5571774929766382
2022-01-25,1.2721298153638918,1.521545010443608
2022-01-26,1.2774913903506544,1.5325174423493397
2022-01-27,1.2583937100665321,1.5021590335869979
2022-01-28,1.2558259713062883,1.4838031092695265
2022-02-07,1.2637083475155464,1.5064916623948195
2022-02-08,1.2777108197119211,1.4982378395934695
2022-02-09,1.295792976367168,1.5122450481257173
2022-02-10,1.2939041534184306,1.508273985053995
2022-02-11,1.2883859872421306,1.495719733279707
2022-02-14,1.2763809979271998,1.4794732069226508
2022-02-15,1.276621604377078,1.495125219471508
2022-02-16,1.2773168337078433,1.500928552647542
2022-02-17,1.2757595026577764,1.5045546169132458
2022-02-18,1.2801154349884731,1.5117139265604087
2022-02-21,1.28933362641997,1.5062014162327326
2022-02-22,1.2781979778997925,1.4865207385935235
2022-02-23,1.2790611352099248,1.5023280601889142
2022-02-24,1.2631327623533761,1.4715561110234352
2022-02-25,1.2619573405114017,1.4858147039804015
2022-02-28,1.2591202407706994,1.488486067128412
2022-03-01,1.262658282265943,1.5007934772623532
2022-03-02,1.2624068885402342,1.4873848949750001
2022-03-03,1.2632409700402076,1.478597627339008
2022-03-04,1.2554474597705758,1.4605562788853055
2022-03-07,1.2117490886800326,1.4131334374089968
2022-03-08,1.1888574218251557,1.384473533032131
2022-03-09,1.1730331550543445,1.3717434618013569
2022-03-10,1.1775913538898624,1.3931560784399315
2022-03-11,1.1894804988271215,1.3975885923084208
2022-03-14,1.1685163937461287,1.3541609281973914
2022-03-15,1.1271548712754054,1.2907615188018722
2022-03-16,1.1517299808566166,1.3454041968060357
2022-03-17,1.1569310105023987,1.3715700843503322
2022-03-18,1.1688838338503416,1.380667035798489
2022-03-21,1.1632782104681552,1.3783509825597373
2022-03-22,1.164886247466358,1.377233932237012
2022-03-23,1.1841747321700358,1.3840847481950833
2022-03-24,1.1898348571563675,1.3759014522928903
2022-03-25,1.174418384287796,1.350838290452597
2022-03-28,1.17702431583414,1.3423661468728367
2022-03-29,1.1690888670962933,1.3377212037744153
2022-03-30,1.1806002156500806,1.37598524410091
2022-03-31,1.1785929705760356,1.365758685486464
2022-04-01,1.1812635662843007,1.3829731976356974
2022-04-06,1.1820243624205735,1.3789829771170434
2022-04-07,1.1668372029229221,1.3611647042573014
2022-04-08,1.1694381500455748,1.3681545048014723
2022-04-11,1.1475047455172709,1.3252218672624736
2022-04-12,1.1593668026079076,1.350798679439058
2022-04-13,1.1576662931377848,1.3377349898565551
2022-04-14,1.167351294745942,1.3543795989312917
2022-04-15,1.1674304397456432,1.353468094212344
2022-04-18,1.1658336889888934,1.3462205340631974
2022-04-19,1.1584141833387027,1.336010247080852
2022-04-20,1.1572667061981206,1.315133670033355
2022-04-21,1.1441097889589367,1.2906909027597386
2022-04-22,1.1595471655987426,1.2963054979395583
2022-04-25,1.1278591118748198,1.230603143681075
2022-04-26,1.140677376977372,1.2206306924212176
2022-04-27,1.160030916918945,1.2560521083678207
2022-04-28,1.1613306653716848,1.2642697890808683
2022-04-29,1.1747191916298705,1.2945760611166683
2022-05-05,1.1773897045684552,1.2926309184652696
2022-05-06,1.164896508504138,1.2595291343139356
2022-05-09,1.1646367686356311,1.2493768305829671
2022-05-10,1.1760860381354965,1.2629742333210483
2022-05-11,1.1744895800147304,1.2810643525942265
2022-05-12,1.1744619684348807,1.2753557707300354
2022-05-13,1.1910198522769286,1.284939430801117
2022-05-16,1.1889069281622051,1.2745694733826571
2022-05-17,1.1836036446852716,1.2903688735485792
2022-05-18,1.1795158701067314,1.2858577891941454
2022-05-19,1.1712164063618509,1.288332477820191
2022-05-20,1.1799094675367057,1.3132156197855491
2022-05-23,1.1710748269981015,1.3055865390466146
2022-05-24,1.1556334268567576,1.2746836205009142
2022-05-25,1.1599928734901022,1.2823969088849607
2022-05-26,1.1795940629213104,1.2855674432890718
2022-05-27,1.1811567958471267,1.2882240205325524
2022-05-30,1.1792003866239784,1.2971177412523751
2022-05-31,1.1870131553579852,1.3170847532129362
2022-06-01,1.1771436498613606,1.314397317428658
2022-06-02,1.1761233818315346,1.3164526844886681
2022-06-06,1.182731400830032,1.3408572370735725
2022-06-07,1.1882339372979827,1.3450476101498738
2022-06-08,1.1927768105360874,1.358077103075263
2022-06-09,1.1868453190249995,1.3437965436117871
2022-06-10,1.1935607821774679,1.3640209622469628
2022-06-13,1.1895213822828934,1.3479535555000244
2022-06-14,1.1965628299362754,1.3585171723297977
2022-06-15,1.2121385251239087,1.376388008713236
2022-06-16,1.2098756229370375,1.3672984321072723
2022-06-17,1.2144756883252192,1.386142595162114
2022-06-20,1.210726712541501,1.3930063612711252
2022-06-21,1.208449399638918,1.3914421256825935
2022-06-22,1.1979320497757346,1.3736526663352522
2022-06-23,1.204406059440237,1.3970170451086181
2022-06-24,1.2036705238381116,1.4132884374021524
2022-06-27,1.2114260507166164,1.4291146933763754
2022-06-28,1.2160783989139101,1.443913364740013
2022-06-29,1.2112343607292566,1.4215021444221854
2022-06-30,1.2231438025945733,1.4418202205613615
2022-07-01,1.2165899877627562,1.4359284145015239
2022-07-04,1.2163876379724174,1.445319998972678
2022-07-05,1.2121059297620544,1.4432321785173365
2022-07-06,1.2017063067586455,1.4219982446352384
2022-07-07,1.196845167438689,1.428252363178631
2022-07-08,1.1965557207020776,1.4235227745426595
2022-07-11,1.1924236050091084,1.3994840292636326
2022-07-12,1.1828264133954705,1.3862450619300652
2022-07-13,1.1740419994219375,1.3887622741091852
2022-07-14,1.1733911860720225,1.388958292400002
2022-07-15,1.166449087354821,1.3651218049394462
2022-07-18,1.1812910030597004,1.3792060937114516
2022-07-19,1.1869245353443916,1.3717155815258586
2022-07-20,1.1928373397063288,1.3763536504002265
2022-07-21,1.1877618697065262,1.3609290281715674
2022-07-22,1.1886880434626825,1.3616260107047777
2022-07-25,1.190080799875355,1.353379731655806
2022-07-26,1.189280343843153,1.3640485910966909
2022-07-27,1.1856202588097744,1.357304837528194
2022-07-28,1.1888517657736082,1.3575072115415554
2022-07-29,1.1750587917779802,1.3395367865854324
2022-08-01,1.1692601162306795,1.3454918744057893
2022-08-02,1.1540237630404864,1.319001905994883
2022-08-03,1.1525692145157518,1.3060796503709646
2022-08-04,1.161230725177668,1.3171314399359166
2022-08-05,1.1833491363515634,1.3347935098504329
2022-08-08,1.1810521627428185,1.33195194272243
2022-08-09,1.1796388631177699,1.3345887861504504
2022-08-10,1.1730001866873454,1.3195572015216628
2022-08-11,1.1845830266233621,1.3461930967604898
2022-08-12,1.184579116539883,1.3454256500001693
2022-08-15,1.176728941019238,1.3436685463340992
2022-08-16,1.1728820151601544,1.3411494241250603
2022-08-17,1.1812564397850267,1.3536491013672618
2022-08-18,1.1737192932373448,1.3417649832695702
2022-08-19,1.171841129513649,1.332414172972347
2022-08-22,1.175956457985956,1.3421141299711499
2022-08-23,1.1691841802637573,1.3355760710118219
2022-08-24,1.1583550165643357,1.3100869941837068
2022-08-25,1.1669734799142903,1.3208954417735006
2022-08-26,1.1742635082443986,1.318103885651245
2022-08-29,1.1683308400131092,1.312305362182536
2022-08-30,1.1669651630413231,1.307892065050046
2022-08-31,1.1689352308172554,1.308870422372062
2022-09-01,1.154607872283659,1.2975583422717132
2022-09-02,1.1525223783001697,1.2910828816459559
2022-09-05,1.1478312007115503,1.2884554381659494
2022-09-06,1.1571671563053028,1.3002257950795275
2022-09-07,1.153150814186494,1.3010918360789536
2022-09-08,1.151810371304776,1.2955290364426706
2022-09-09,1.1623139782163163,1.3134085312964718
2022-09-13,1.1672849852206681,1.3189535762211313
2022-09-14,1.166762194640764,1.3041934766066574
2022-09-15,1.1650865539397088,1.2918677792300481
2022-09-16,1.1521657337969833,1.2612113008372243
2022-09-19,1.1420812603699817,1.2597095301035675
2022-09-20,1.1393112330891981,1.2612607625154106
2022-09-21,1.1385991362916295,1.2518904717707504
2022-09-22,1.1329832334533854,1.2408130482481161
2022-09-23,1.138303454357428,1.2365342454012136
2022-09-26,1.1220330814288257,1.230316760593351
2022-09-27,1.1327876693248422,1.2480245045692893
2022-09-28,1.127054521346347,1.227466657157597
2022-09-29,1.1270374420680995,1.226963219217002
2022-09-30,1.127555264694119,1.2198091569371559
2022-10-10,1.1153277538845174,1.1925942912148377
2022-10-11,1.1137845878482324,1.194755766189239
2022-10-12,1.125258617631979,1.2127665096787228
2022-10-13,1.124081022911689,1.2025841401415078
2022-10-14,1.1363365378010268,1.2310226121998489
2022-10-17,1.1390308341275956,1.2322842340528617
2022-10-18,1.1428496002131574,1.2296736380575186
2022-10-19,1.1355075458801374,1.2097330712431225
2022-10-20,1.1220147292940899,1.2027940963347294
2022-10-21,1.1216021532787601,1.1989311992880378
2022-10-24,1.1067359013496,1.163326002293678
2022-10-25,1.1059765679160007,1.161429001277361
2022-10-26,1.1138287255189219,1.170820167392784
2022-10-27,1.1149874220738039,1.162543469374759
2022-10-28,1.087014911993674,1.1334283985195228
2022-10-31,1.0808102240398116,1.1229365189867808
2022-11-01,1.0928504743684246,1.1623910629019232
2022-11-02,1.100236529544513,1.1762661961219851
2022-11-03,1.0913012381623142,1.1666610336401808
2022-11-04,1.1103095036633361,1.2041953154454648
2022-11-07,1.1137464418108778,1.2067913116393254
2022-11-08,1.1085803252108786,1.1984612024371053
2022-11-09,1.104878727404946,1.1872016604410744
2022-11-10,1.1099422116511588,1.1780312346108903
2022-11-11,1.1265252030151947,1.210423054279655
2022-11-14,1.1327342792576216,1.212204576862602
2022-11-15,1.1411437179190747,1.2349776312557426
2022-11-16,1.13893873186132,1.2248480237442474
2022-11-17,1.1442725491653325,1.2198129366756072
2022-11-18,1.149539308034704,1.2143415432822098
2022-11-21,1.1446942260632584,1.2039347167634569
2022-11-22,1.1440480516309612,1.2040752532686836
2022-11-23,1.1400761263157986,1.2053394916961175
2022-11-24,1.1373810877950479,1.1999869287522031
2022-11-25,1.146177461550165,1.2060310119064368
2022-11-28,1.1356156796846002,1.1923660840945363
2022-11-29,1.1517273227303237,1.2285975406757284
2022-11-30,1.148502441381859,1.2300715784085212
2022-12-01,1.1619210644829832,1.2433221313609428
2022-12-02,1.1573494185851945,1.23569475719603
2022-12-05,1.1850389499777623,1.2596986696175876
2022-12-06,1.191479842326388,1.2664849157677487
2022-12-07,1.1916135689969412,1.2633660913920768
2022-12-08,1.1900120318161418,1.2636022459209255
2022-12-09,1.1934791524994983,1.2760074476416787
2022-12-12,1.1937183252312678,1.2616291682047311
2022-12-13,1.1868667957675259,1.2591503489198623
2022-12-14,1.190749341809108,1.2620860307672959
2022-12-15,1.1834531740209568,1.2611602421747432
2022-12-16,1.1865557113921552,1.2618748691439041
2022-12-19,1.1698645649330028,1.24225358148307
2022-12-20,1.156678079778338,1.2215977827968265
2022-12-21,1.1581509765242333,1.222082622305682
2022-12-22,1.1552785122379814,1.223832879524562
2022-12-23,1.1572521656203059,1.2213386659753005
2022-12-26,1.1516433764915945,1.2262006500853746
2022-12-27,1.159825212934713,1.2402719127008506
2022-12-28,1.156743186518372,1.2349681749301282
2022-12-29,1.1569485184313173,1.2303146420694573
2022-12-30,1.1623488964404107,1.235068222844873
2023-01-03,1.1621019342926706,1.2402475544369027
2023-01-04,1.1683086595353331,1.2418574687854245
2023-01-05,1.174379325391265,1.2657522012339797
2023-01-06,1.1696693931744897,1.2696723171792383
2023-01-09,1.1672933461084856,1.2799104230894296
2023-01-10,1.1698935612529617,1.2812970237962222
2023-01-11,1.1772721146042575,1.278921974880229
2023-01-12,1.1801396194915754,1.2814199510559874
2023-01-13,1.1879520770212175,1.2993171288626326
2023-01-16,1.1982137046137453,1.3194361774250791
2023-01-17,1.196602092396294,1.3192065771616066
2023-01-18,1.1911076333045467,1.316995014190513
2023-01-19,1.1946807241834654,1.3251643536301154
2023-01-20,1.201408778422239,1.33327665052286
2023-01-30,1.2029169934305963,1.339581307741893
2023-01-31,1.1932504000986468,1.3253202314440968
2023-02-01,1.1962870253160445,1.3377186370253809
2023-02-02,1.1949414247964727,1.332998256661162
2023-02-03,1.1890003357017982,1.3203389079718646
2023-02-06,1.17841630465952,1.3027683825625247
2023-02-07,1.181412048692677,1.3051092263326385
2023-02-08,1.1800144120686518,1.299329937393684
2023-02-09,1.1911329395264474,1.3166567042469697
2023-02-10,1.193060100865982,1.3088083733765128
2023-02-13,1.1940763943066968,1.320630734811077
2023-02-14,1.1963152662811465,1.3211788161869182
2023-02-15,1.1998266650081446,1.314276507235191
2023-02-16,1.2037006329217386,1.3046159353050146
2023-02-17,1.188403684416412,1.2856819789935683
2023-02-20,1.2111463042272077,1.3168433482147717
2023-02-21,1.219804337526244,1.320298579764651
2023-02-22,1.2189000894463249,1.3083296766714732
2023-02-23,1.210655224540171,1.3072779902744993
2023-02-24,1.2082825439000948,1.2936362036204503
2023-02-27,1.2140489283661695,1.2881423566896653
2023-02-28,1.2236618450209216,1.2962777188415788
2023-03-01,1.2374292688102295,1.3144591801610341
2023-03-02,1.237462890974064,1.3115256449657886
2023-03-03,1.238770974410957,1.3155993758892974
2023-03-06,1.245557738480144,1.3087208350176602
2023-03-07,1.2223338821775538,1.2894182059653403
2023-03-08,1.2242554836209318,1.2847154620635988
2023-03-09,1.2305345542325752,1.280166131887452
2023-03-10,1.2192685743149085,1.2632690188429019
2023-03-13,1.2448446052525433,1.2764311104542307
2023-03-14,1.240884231893395,1.2687693613639521
2023-03-15,1.2369027974912088,1.2694696706283075
2023-03-16,1.2326897871637719,1.2541738019087794
2023-03-17,1.2519858756638467,1.2604208881067316
2023-03-20,1.235940554718752,1.254120286645256
2023-03-21,1.2386078877428477,1.2678308776889198
2023-03-22,1.2557623361218917,1.2732505007096464
2023-03-23,1.264897486435723,1.2858112031711586
2023-03-24,1.2498757229532556,1.2819726438643009
2023-03-27,1.238632720992077,1.2773260135587299
2023-03-28,1.2500945484960033,1.2731904784750412
2023-03-29,1.2440379447431094,1.275299302818379
2023-03-30,1.2292074922060625,1.285568752684481
2023-03-31,1.2373208681349204,1.289509946538863
2023-04-03,1.2333585546854688,1.3020669884124003
2023-04-04,1.2461638947644593,1.306052482789248
2023-04-06,1.2534394994570803,1.3039914049960641
2023-04-07,1.276861123867686,1.312443665517901
2023-04-10,1.2679675846618683,1.3065514413886195
2023-04-11,1.2671696803030528,1.305067331686312
2023-04-12,1.280644309050033,1.3041566833082656
2023-04-13,1.2640197366881374,1.2951144097587077
2023-04-14,1.2621587725031678,1.302420790312073
2023-04-17,1.2683591432677102,1.3205571006270567
2023-04-18,1.2781499549812043,1.3245768903431243
2023-04-19,1.2745640935359162,1.3125979618939245
2023-04-20,1.2896579989524175,1.3089203307475832
2023-04-21,1.2803965383093845,1.2830643608939312
2023-04-24,1.283920619760456,1.2670786955827036
2023-04-25,1.2825509739814225,1.2607092487430598
2023-04-26,1.2695440853338475,1.2596143497697665
2023-04-27,1.2852372196038957,1.2688669736767375
2023-04-28,1.3091624182544817,1.28174011320602
2023-05-04,1.3080310238781823,1.2821090810226365
2023-05-05,1.3020524315858504,1.2778487262908609
2023-05-08,1.3311614126547207,1.2923298825835112
2023-05-09,1.3107713889925752,1.281218755218548
2023-05-10,1.2858202460459445,1.2713166918860417
2023-05-11,1.2746693003701592,1.2693398909858158
2023-05-12,1.272299846809207,1.2524010616357
2023-05-15,1.2824945008294526,1.2716940355981359
2023-05-16,1.2822600491070242,1.265100488677324
2023-05-17,1.2808899968668157,1.2593505870341861
2023-05-18,1.2948502404219122,1.2580460945305436
2023-05-19,1.2894363810553064,1.254374154827738
2023-05-22,1.2914414818704003,1.2622327719158024
2023-05-23,1.278329963249662,1.2442530025056515
2023-05-24,1.2615145459701875,1.2269311420993443
2023-05-25,1.262886888911127,1.2241970556247235
2023-05-26,1.2797673629735908,1.2243401166523633
2023-05-29,1.2925550300249824,1.218920114701709
2023-05-30,1.2910980407690034,1.2201308221257114
2023-05-31,1.2862115451769347,1.2076007191597948
2023-06-01,1.2944419676633105,1.210246025070473
2023-06-02,1.3020061912321181,1.227593492145006
2023-06-05,1.3046089092677726,1.2219924262253916
2023-06-06,1.2959452749412463,1.21046611395527
2023-06-07,1.2999214612841208,1.2044691363018762
2023-06-08,1.3046484810691992,1.2142353311737895
2023-06-09,1.3145455292696198,1.219471675534516
2023-06-12,1.3058963781883746,1.2219261371135195
2023-06-13,1.3128031225831434,1.2284182897897062
2023-06-14,1.3109662375595121,1.228135380698087
2023-06-15,1.3192092197642367,1.2475222828733963
2023-06-16,1.3265747721085035,1.2594933764386018
2023-06-19,1.3245187111940806,1.2491420084531928
2023-06-20,1.3419970012982982,1.2470206538771955
2023-06-21,1.3381921066391782,1.2277391935700808
2023-06-26,1.3186585407530622,1.2103541187894715
2023-06-27,1.3418848276986721,1.2216527555751437
2023-06-28,1.3339860968144923,1.2201809669499142
2023-06-29,1.3470282965198324,1.21414266204547
2023-06-30,1.3533125765351453,1.22067256646763
2023-07-03,1.3658055565304201,1.236588988828689
2023-07-04,1.3592336973765178,1.2385346764770997
2023-07-05,1.3479254174948714,1.2289041918141987
2023-07-06,1.3410240288616446,1.2205983846497745
2023-07-07,1.341761926648434,1.2151706289099058
2023-07-10,1.3383707940513854,1.2210737800937452
2023-07-11,1.3483414860490313,1.229039308263815
2023-07-12,1.3360104730717253,1.2207372503636709
2023-07-13,1.3564276269255684,1.2380760455263236
2023-07-14,1.358534990758206,1.2382919838536615
2023-07-17,1.3539070680981933,1.2281097764811726
2023-07-18,1.3404087461581613,1.2242197010679847
2023-07-19,1.336756795477424,1.222926501612854
2023-07-20,1.3167496706129296,1.2142643030543179
2023-07-21,1.3201977302818542,1.2136989084486656
2023-07-24,1.323815430061133,1.2083871680917062
2023-07-25,1.3320773751848691,1.2427925753988842
2023-07-26,1.3172613816353562,1.2402155148289356
2023-07-27,1.3167120002503778,1.2387353922618956
2023-07-28,1.3304194703910863,1.2671009168327898
2023-07-31,1.3264555866934116,1.2740287615970283
2023-08-01,1.3288300980166583,1.2687403285289316
2023-08-02,1.3171358158959128,1.2597914835294766
2023-08-03,1.3223558647235802,1.27087472748722
2023-08-04,1.3308214098430295,1.2758153598463464
2023-08-07,1.3018240731252702,1.2661225482953837
2023-08-08,1.3076479970039783,1.2628118323321795
2023-08-09,1.306104968387241,1.258947424579976
2023-08-10,1.302729130139693,1.2615308440726025
2023-08-11,1.2888693756899647,1.232167516749771
2023-08-14,1.2919031745991978,1.223144503408875
2023-08-15,1.2955848815766675,1.2201686010270492
2023-08-16,1.282256634565818,1.2111870757948813
2023-08-17,1.2846839958540042,1.2152310041205723
2023-08-18,1.2698906231944238,1.2001982113307632
2023-08-21,1.2631561993223752,1.182805674623452
2023-08-22,1.2811623037878,1.1918634084568627
2023-08-23,1.2684609911366558,1.172166068198731
2023-08-24,1.271191670855953,1.1806334356407502
2023-08-25,1.2665935905355366,1.176096796625679
2023-08-28,1.274345706764914,1.1898001153108626
2023-08-29,1.2743559816422492,1.2016276561737138
2023-08-30,1.2759924819733852,1.2011202803510859
2023-08-31,1.2760490516965985,1.193729510858382
2023-09-01,1.2714738224066893,1.2020134085557894
2023-09-04,1.2837686666845418,1.2200932554262132
2023-09-05,1.2724310972322734,1.2109838011573468
2023-09-06,1.2696895831491115,1.2083531409650132
2023-09-07,1.2579860572408232,1.191255069749855
2023-09-08,1.2525258813427813,1.1853833472203201
2023-09-11,1.2659870694535982,1.1940832679155193
2023-09-12,1.2660790717441486,1.191881677555379
2023-09-13,1.2591967112669469,1.1842667085256111
2023-09-14,1.266100943559026,1.183271121367163
2023-09-15,1.2563793485224444,1.1754073045758984
2023-09-18,1.2571874325942212,1.181391447185038
2023-09-19,1.25989284786623,1.1791042305263308
2023-09-20,1.2602797036424491,1.1744012652628935
2023-09-21,1.259090744105723,1.16381616946703
2023-09-22,1.2808200074430585,1.184698735914358
2023-09-25,1.2715471206406885,1.1769644616525547
2023-09-26,1.2699727879417027,1.170065506237477
2023-09-27,1.2650688119466604,1.1724741987714833
2023-09-28,1.2601656689893823,1.1689901009812884
2023-10-09,1.2667304195590239,1.167471448000655
2023-10-10,1.258828691075602,1.1586937366972463
2023-10-11,1.268016864728676,1.1619904259399325
2023-10-12,1.2731235967730095,1.1729735500267364
2023-10-13,1.2625361720030537,1.160561790866571
2023-10-16,1.2536821900815702,1.1488414660397033
2023-10-17,1.2522353253488696,1.1528891362783613
2023-10-18,1.2375899570336677,1.1437231965312358
2023-10-19,1.2223940572867147,1.1190551196306957
2023-10-20,1.2065013404552871,1.111763259353631
2023-10-23,1.1933804445794858,1.1001916221583996
2023-10-24,1.1791210506927656,1.1042659598870852
2023-10-25,1.1751521573472798,1.1097402420680709
2023-10-26,1.1788673391267581,1.112801334694649
2023-10-27,1.1915528455603992,1.1279764265740848
2023-10-30,1.1878599402275165,1.1347258438708658
2023-10-31,1.1929048651370489,1.1311549876309988
2023-11-01,1.1931751662565508,1.1306862818056944
2023-11-02,1.1916666380036298,1.1253416629901267
2023-11-03,1.1975496503018626,1.1347848186241833
2023-11-06,1.2006240504223977,1.1500282030351516
2023-11-07,1.2007010683690005,1.1459528792793146
2023-11-08,1.1991222255125171,1.1431984692557688
2023-11-09,1.206787990605462,1.1437555172065157
2023-11-10,1.201624448068472,1.1353862115642768
2023-11-13,1.20702242573324,1.1331426589069602
2023-11-14,1.2044243400210763,1.133981265557036
2023-11-15,1.2077261558406367,1.1419278153580357
2023-11-16,1.2005183181837271,1.1308291135864887
2023-11-17,1.200004045830463,1.1294702997668733
2023-11-20,1.2043406052168384,1.1320788175311165
2023-11-21,1.2040396173611891,1.1335814253735639
2023-11-22,1.1943716994749425,1.1219201569922579
2023-11-23,1.1984410916684893,1.1273198287365858
2023-11-24,1.1947302629198437,1.1198535919428532
2023-11-27,1.1876271659324993,1.1115713442059563
2023-11-28,1.1907492052956241,1.1136520449226965
2023-11-29,1.1840260842331933,1.1040489471605355
2023-11-30,1.1876771005725375,1.1065433096565225
2023-12-01,1.1899643251697833,1.1023194936862304
2023-12-04,1.183297100109321,1.095098764113645
2023-12-05,1.1696796410114643,1.0740473728199313
2023-12-06,1.1680221481440232,1.075735783871079
2023-12-07,1.1682096686745504,1.0730998585712657
2023-12-08,1.1807381662569292,1.0756851323672791
2023-12-11,1.182574196823922,1.0819920076289138
2023-12-12,1.1854761229498876,1.0843152194051162
2023-12-13,1.1733892926954987,1.0660663347427917
2023-12-14,1.1747312684073326,1.0604676088334117
2023-12-15,1.1717917800239068,1.0571690474781308
2023-12-18,1.1683412019252173,1.0533086104449194
2023-12-19,1.1588245187361559,1.0547850172744981
2023-12-20,1.151680341404632,1.0431611004806167
2023-12-21,1.1601205956239908,1.053664611908283
2023-12-22,1.1639953048052545,1.0556745724559211
2023-12-25,1.1676258410042102,1.0589025512183214
2023-12-26,1.1599745521765488,1.0517101168747554
2023-12-27,1.16531856723813,1.0553636296433628
2023-12-28,1.1837570317734407,1.0798083754750538
2023-12-29,1.187960197305561,1.0850357708940477
2024-01-02,1.1789334001020322,1.070787972168312
2024-01-03,1.1793633867714814,1.068239474538759
2024-01-04,1.175208536233157,1.058312043599164
2024-01-05,1.1690004415716606,1.0526242938264418
2024-01-08,1.1561263171732823,1.038923628360558
2024-01-09,1.1613204377645334,1.0409577118997848
2024-01-10,1.159336110669731,1.0360869507691968
2024-01-11,1.1573611403829316,1.0419319796800741
2024-01-12,1.154079457000749,1.0382898759307622
2024-01-15,1.1587045258203255,1.0372618801614946
2024-01-16,1.167292869958981,1.0435531107054328
2024-01-17,1.151153107504629,1.020603465335132
2024-01-18,1.159857012561147,1.0349308559946466
2024-01-19,1.1594024072788205,1.0333652968575755
2024-01-22,1.144685491854336,1.017159010231366
2024-01-23,1.1523959117604456,1.0212681248501436
2024-01-24,1.1659401271197725,1.0354458330562308
2024-01-25,1.187541703517243,1.056033333452769
2024-01-26,1.1858099828918731,1.0531547102669323
2024-01-29,1.185758732201691,1.0436794303457848
2024-01-30,1.1726162555730384,1.0248993872061787
2024-01-31,1.1579633696773677,1.0154790652022996
2024-02-01,1.1556478911213814,1.0162241323092092
2024-02-02,1.151721258499743,1.0041258939744149
2024-02-05,1.1662110421177094,1.0106699966775636
2024-02-06,1.191046396257007,1.045211242608432
2024-02-07,1.1912057116539092,1.0552436087134676
2024-02-08,1.1956885113475464,1.0619445294459928
2024-02-19,1.2143423714375612,1.0741443945333422
2024-02-20,1.2149215992567695,1.0763637214631179
2024-02-21,1.2191641162490965,1.0907891784944272
2024-02-22,1.2325713687110795,1.1001520444378783
2024-02-23,1.233290696380474,1.1011202980222972
2024-02-26,1.223953652082626,1.0895810365828744
2024-02-27,1.2439394265939825,1.1025749636989746
2024-02-28,1.2344756083990682,1.0884358758701331
2024-02-29,1.258212057437953,1.1090042033595158
2024-03-01,1.2647319387174745,1.1158338198043083
2024-03-04,1.2650919495289854,1.116801688073793
2024-03-05,1.2685243609275663,1.1245463073794577
2024-03-06,1.265236709177898,1.1199764135029964
2024-03-07,1.2584759965351184,1.1132287944839852
2024-03-08,1.2736796770192744,1.1180092484084054
2024-03-11,1.2707453193419596,1.1319097719207099
2024-03-12,1.257362217289901,1.1345022153743074
2024-03-13,1.252591517756142,1.126549424892203
2024-03-14,1.2496783640215927,1.123347212888181
2024-03-15,1.2566199516586392,1.125794816449274
2024-03-18,1.2627437499980163,1.1363222655378376
2024-03-19,1.255041596875763,1.128125574671715
2024-03-20,1.2590745030652677,1.130566720674651
2024-03-21,1.2541320794903732,1.1292131583738145
2024-03-22,1.243936312611557,1.1177752867446864
2024-03-25,1.2417825585972684,1.1116921925382892
2024-03-26,1.2376694320038104,1.1173501195271598
2024-03-27,1.2276142437813262,1.1043601481745424
2024-03-28,1.2342347960994084,1.1100739815698653
2024-03-29,1.2451161991035136,1.1152701596659056
2024-04-01,1.2476461375854706,1.1334604080890207
2024-04-02,1.2429441718705192,1.1287315489309027
2024-04-03,1.2426877089155905,1.124664088972292
2024-04-08,1.2386555061358557,1.1147253525049283
2024-04-09,1.2340288553875134,1.1138045479067307
2024-04-10,1.2274570328898877,1.1046955502782227
2024-04-11,1.2289142670497477,1.1045473948742295
2024-04-12,1.226929397600897,1.095559154304996
2024-04-15,1.2537431092526128,1.1184040151329318
2024-04-16,1.258161660905505,1.1063742510956263
2024-04-17,1.2810172185756032,1.1233504827575502
2024-04-18,1.2788308625550697,1.1247359359335396
2024-04-19,1.2796444261382676,1.1158347442151482
2024-04-22,1.2698726522333255,1.1124395404668617
2024-04-23,1.266988140864528,1.1046365982337143
2024-04-24,1.2727317197588432,1.109477753080988
2024-04-25,1.2710134085527023,1.1122027157638372
2024-04-26,1.2759407941411651,1.129083327282878
2024-04-29,1.2743013084052266,1.141501805813228
2024-04-30,1.283260877634572,1.135336547200505
2024-05-06,1.2832416328606828,1.1520614142552126
2024-05-07,1.2779127828801606,1.1524172565347761
2024-05-08,1.2714584694262019,1.1433138902418987
2024-05-09,1.2718210747697811,1.1540782145971011
2024-05-10,1.2670699625826616,1.154619766333473
2024-05-13,1.2767489678117108,1.1541189197995882
2024-05-14,1.2804609095512494,1.1517103470429764
2024-05-15,1.2723642681417249,1.1419091167825999
2024-05-16,1.2744909552844805,1.146403578002945
2024-05-17,1.2782456464645735,1.1581867630065763
2024-05-20,1.277296812646061,1.1622700862666364
2024-05-21,1.2785526608810078,1.157600250450891
2024-05-22,1.2786221014666153,1.16020778165656
2024-05-23,1.2716526849990566,1.1466960694093593
2024-05-24,1.2662981568022909,1.133932829667637
2024-05-27,1.2761128116426115,1.144659316106598
2024-05-28,1.27296119016982,1.1362728710190269
2024-05-29,1.2712331821551752,1.1376415543175102
2024-05-30,1.2639165958839047,1.1315775528073946
2024-05-31,1.2601147868296534,1.1270381324592749
2024-06-03,1.2637139536132445,1.1298145893871476
2024-06-04,1.2669940380373774,1.1382579478527897
2024-06-05,1.2630682238550381,1.131665610502698
2024-06-06,1.2668240474592662,1.1308657177038963
2024-06-07,1.2615437206187983,1.1251406500454317
2024-06-11,1.2557260810821214,1.1152661474717729
2024-06-12,1.2598048824267698,1.1156564198118255
2024-06-13,1.2542477769025655,1.1099789112917395
2024-06-14,1.262588793098818,1.1148160716209798
2024-06-17,1.2538076818678976,1.1131370104573048
2024-06-18,1.2573005863444726,1.1160889089613981
2024-06-19,1.2569922748838984,1.110775346783916
2024-06-20,1.2448140577569082,1.1027288589842779
2024-06-21,1.2488955785326767,1.1003150778379562
2024-06-24,1.2422723602921826,1.0943782733595253
2024-06-25,1.2371454662185946,1.0884098206215806
2024-06-26,1.2503706970031585,1.0954252044827393
2024-06-27,1.2437016013565818,1.0871664847475704
2024-06-28,1.2569521345839856,1.089537074483776
2024-07-01,1.2689290138154083,1.094724279511119
2024-07-02,1.2676975613821373,1.0927112376944697
2024-07-03,1.2622337911962302,1.0900705280888554
2024-07-04,1.2601178060458822,1.0845169973600033
2024-07-05,1.2560253073225776,1.0798646918076793
2024-07-08,1.2536849328100321,1.0706034411367178
2024-07-09,1.268849351533074,1.0825120764216667
2024-07-10,1.2684539482391555,1.0790953297358663
2024-07-11,1.2761239395862156,1.09136157122243
2024-07-12,1.2742599086166695,1.0926918538988823
2024-07-15,1.2788340680564476,1.0939026974636024
2024-07-16,1.287799422213038,1.100813200843646
2024-07-17,1.2877640124361855,1.1018511312685144
2024-07-18,1.29145291911388,1.107923283062898
2024-07-19,1.2989403161990545,1.1136010502012033
2024-07-22,1.2910419641710285,1.1059917170530518
2024-07-23,1.2775517536100232,1.0821242185498572
2024-07-24,1.280111060327831,1.075273001291109
2024-07-25,1.2763603332588127,1.0693110238365313
2024-07-26,1.2749329525886046,1.072458386625174
2024-07-29,1.2698212355972038,1.0666071911392465
2024-07-30,1.2579936338213569,1.0598668358135388
2024-07-31,1.2699954069409556,1.0824920130939009
2024-08-01,1.265605983877924,1.075294673275554
2024-08-02,1.2611282502853172,1.0642692526060618
2024-08-05,1.2499373474284592,1.051275208219731
2024-08-06,1.2516043638314656,1.051168293013682
2024-08-07,1.2526854450621132,1.0506996722307238
2024-08-08,1.2620006059181956,1.0511555120102207
2024-08-09,1.2619304980065398,1.0475931611113896
2024-08-12,1.266019600823166,1.0457772773314373
2024-08-13,1.2688052345782457,1.0484560011189805
2024-08-14,1.2647501138017687,1.0405179328072143
2024-08-15,1.2701695205980985,1.0507523768624811
2024-08-16,1.2723578528763675,1.0519087799670845
2024-08-19,1.2776110946188084,1.0554681918211726
2024-08-20,1.2708342055111135,1.0478097197574103
2024-08-21,1.2634947760886686,1.0443266436982321
2024-08-22,1.2542547454414925,1.0416508107910707
2024-08-23,1.263303387395171,1.0460587892293618
2024-08-26,1.2616301230570153,1.045124612923739
2024-08-27,1.2613953183291358,1.0391687162589314
2024-08-28,1.2591441772834566,1.0332317912620919
2024-08-29,1.2573050267803771,1.030455173349957
2024-08-30,1.2513633110121012,1.0441185535176292
2024-09-02,1.241072838749948,1.0262301009611758
2024-09-03,1.2406661171665356,1.028873196937163
2024-09-04,1.2289858643084177,1.022165999457803
2024-09-05,1.2317969345304052,1.0239245866628357
2024-09-06,1.225394749734046,1.0155900083792935
2024-09-09,1.212440636642305,1.0034488814761344
2024-09-10,1.2172846328911309,1.004331592238958
2024-09-11,1.2101808755507495,1.0013006028066902
2024-09-12,1.200972747216945,0.9969984648279887
2024-09-13,1.1972877270005826,0.9928351920182247
2024-09-18,1.2034676988771813,0.9965240627091533
2024-09-19,1.209788026962741,1.0043591278591861
2024-09-20,1.2116779805404196,1.0059322932388632
2024-09-23,1.2208720206039898,1.0096054548205866
2024-09-24,1.2543876545673207,1.0524126774610407
2024-09-25,1.2612224293812844,1.067877879425349
2024-09-26,1.2945763170260247,1.112091327103928
2024-09-27,1.3313343587917015,1.1606880455908888
2024-09-30,1.3901945270634102,1.255191282195235
2024-10-08,1.4197756146757783,1.327498225721566
2024-10-09,1.3524309023783296,1.2304250641657701
2024-10-10,1.3740363494010188,1.2433609538827124
2024-10-11,1.3483422865763155,1.2084718451630867
2024-10-14,1.3609916185926532,1.2313131297237547
2024-10-15,1.3356602974397158,1.1981236156459119
2024-10-16,1.33046460015987,1.1905180195049958
2024-10-17,1.317826686627196,1.176965628019975
2024-10-18,1.343225273474677,1.2187816825673838
2024-10-21,1.3461011817367636,1.2218734370620996
2024-10-22,1.338458491688123,1.2288644537565618
2024-10-23,1.3472361106967385,1.233646051626455
2024-10-24,1.3451883956594715,1.2197889242455602
2024-10-25,1.3442981016971451,1.2283248904502988
2024-10-28,1.346567490122266,1.2307255322412562
2024-10-29,1.3326157952505855,1.2183975962515394
2024-10-30,1.3258885854447617,1.207420545667344
2024-10-31,1.3346431847890383,1.20791403610158
2024-11-01,1.338760684481317,1.2075973511450624
2024-11-04,1.348607768425381,1.2244720954672028
2024-11-05,1.3610752291901107,1.2550681325740378
2024-11-06,1.3599926481770943,1.2487561089065409
2024-11-07,1.3862188398181179,1.2858761829653698
2024-11-08,1.3892503380921337,1.27289222634636
2024-11-11,1.406402696470774,1.2812636391710368
2024-11-12,1.3938986817595538,1.2671080913446853
2024-11-13,1.4024888057702298,1.274883937883106
2024-11-14,1.381752172506378,1.252587592217835
2024-11-15,1.3757252461156835,1.230442736422798
2024-11-18,1.3733398578318152,1.2247094095982798
2024-11-19,1.372491592406977,1.2329006702666923
2024-11-20,1.3749408324322219,1.235650545934032
2024-11-21,1.3745531627676795,1.236744416385829
2024-11-22,1.348980227219599,1.197820360945606
2024-11-25,1.3477032654719794,1.1923512846027937
2024-11-26,1.3496995878622848,1.1898978062548704
2024-11-27,1.3601062305356328,1.210436410436694
2024-11-28,1.3553522456558489,1.1997036532302598
2024-11-29,1.3584595886951374,1.2132670459300645
2024-12-02,1.3628937955536913,1.222847699938937
2024-12-03,1.3653046954520964,1.2241665982281302
2024-12-04,1.3637936032613476,1.2175413643797142
2024-12-05,1.3584771749451163,1.214759616504484
2024-12-06,1.371505687445281,1.230623806472771
2024-12-09,1.367255817288831,1.228587157715089
2024-12-10,1.3756432374160812,1.2375583321420738
2024-12-11,1.3763314255370391,1.2354472905111384
2024-12-12,1.3874339738057058,1.247673454082521
2024-12-13,1.3679393508258526,1.2177968661241625
2024-12-16,1.3795788115718493,1.2111715549784927
2024-12-17,1.398840688546237,1.214322448497522
2024-12-18,1.4151351048789567,1.2204559023216757
2024-12-19,1.433969335741274,1.2215607164528675
2024-12-20,1.4303353922034645,1.2160620393088255
2024-12-23,1.4350541499089235,1.2178657190998254
2024-12-24,1.446637891762865,1.2332852569812762
2024-12-25,1.4638392023373636,1.2338857030534138
2024-12-26,1.4777919150622645,1.234458299842274
2024-12-27,1.4731541484566972,1.2324598690759438
2024-12-30,1.4824772429623374,1.23802596981416
2024-12-31,1.4766279060206307,1.218008547077158
2025-01-02,1.4406198184780656,1.182037245885807
2025-01-03,1.4193353435817775,1.1679563888145257
2025-01-06,1.4124550520488468,1.1660397591516842
2025-01-07,1.415323069866951,1.1744062152450867
2025-01-08,1.4165742481119172,1.1722727125369836
2025-01-09,1.4331306246377131,1.1693796254612825
2025-01-10,1.4187440077224778,1.1546227901068173
2025-01-13,1.4214562045367962,1.151534497277367
2025-01-14,1.4458471642190946,1.1814670266259444
2025-01-15,1.4414531169685245,1.173863116524729
2025-01-16,1.4344028816625822,1.1752075160805793
2025-01-17,1.4417404919362569,1.1789001498452034
2025-01-20,1.4273708171385637,1.184250087081854
2025-01-21,1.438830321228164,1.1851557831398927
2025-01-22,1.4325191266998603,1.174098890403974
2025-01-23,1.4281985931002743,1.1761749845312186
2025-01-24,1.442070800732003,1.1851450449134175
2025-01-27,1.432175072907383,1.1802556953672017
2025-02-05,1.4339226839600963,1.173433532513756
2025-02-06,1.4431597157988558,1.1881056564770305
2025-02-07,1.4425656624092273,1.2034250075684303
2025-02-10,1.435515204082539,1.2060067234338947
2025-02-11,1.4305859567685875,1.2004540195819446
2025-02-12,1.4394899898273552,1.2117524937577813
2025-02-13,1.4282419244968367,1.207193511585707
2025-02-14,1.4329897666089602,1.2176185795262868
2025-02-17,1.4341026839233546,1.2202093207472673
2025-02-18,1.4224139965253322,1.2094604778823164
2025-02-19,1.4330375160634754,1.2178943031938771
2025-02-20,1.4273426236093363,1.2144088807384414
2025-02-21,1.4435658091701669,1.2296257812658722
2025-02-24,1.4414579490659354,1.2269277125016256
2025-02-25,1.4273854210324868,1.2132307569841523
2025-02-26,1.4261722178510576,1.2237821411860124
2025-02-27,1.424212010877593,1.2263074857134753
2025-02-28,1.4090051540124682,1.2019402410671176
2025-03-03,1.3866379282255898,1.201451956507329
2025-03-04,1.3877467443621043,1.2004473578968498
2025-03-05,1.3891293969522442,1.2057961914215733
2025-03-06,1.3990786526610004,1.2222658828137474
2025-03-07,1.3921201951816444,1.218481616825236
2025-03-10,1.3858448091586228,1.2137734812420868
2025-03-11,1.3886776405568317,1.217666087665278
2025-03-12,1.3943273845234183,1.2132743049542176
2025-03-13,1.3854056576755247,1.2084297512271955
2025-03-14,1.4126839330347112,1.2374219547390808
2025-03-17,1.407013503897246,1.234400815215473
2025-03-18,1.4038401928913424,1.2377719170807353
2025-03-19,1.4007108990842856,1.238528360806262
2025-03-20,1.3924565383013447,1.2276151894627036
2025-03-21,1.3763920135541257,1.2088528906985778
2025-03-24,1.377601533047425,1.2150592182592614
2025-03-25,1.3786146780265751,1.2142715375578463
2025-03-26,1.376949766603444,1.2102691513307944
2025-03-27,1.385320971548736,1.2142922001383867
2025-03-28,1.3842891176516405,1.2089569423370854
2025-03-31,1.3805844540379817,1.2003233582569537
2025-04-01,1.3809815472965283,1.2004376013988458
2025-04-02,1.3844583494009592,1.1994212852965707
2025-04-03,1.388181877639233,1.1923324076752848
2025-04-07,1.3345688457177918,1.1052211891316897
2025-04-08,1.3513785624247856,1.123942711694171
2025-04-09,1.3623240189242372,1.1349807233953504
2025-04-10,1.367584297188656,1.1497624692561375
2025-04-11,1.3655342576025398,1.154493224944772
2025-04-14,1.3720224317100722,1.157143607510622
2025-04-15,1.3748351765322584,1.157786775387192
2025-04-16,1.38095507585498,1.161348938981007
2025-04-17,1.378844626271509,1.1611642323751155
2025-04-18,1.3904010237482336,1.161256574661237
2025-04-21,1.3805169750651862,1.1650550090593392
2025-04-22,1.3817459203358746,1.1647687029423097
2025-04-23,1.382130756130192,1.1656702612839995
2025-04-24,1.3858144925395748,1.1648943014235518
2025-04-25,1.381835384735501,1.1657035817067152
2025-04-28,1.3798672527220166,1.1640494261129744
2025-04-29,1.3786067491176013,1.1620345558263403
2025-04-30,1.3866516065662775,1.1606454703344748
2025-05-06,1.389651885390259,1.172274824495092
2025-05-07,1.3949459588317887,1.1793605066479522
2025-05-08,1.3960721033793493,1.1858892239638106
2025-05-09,1.3933966316734983,1.1838128937595045
2025-05-12,1.4007934045001933,1.1974157440733457
2025-05-13,1.3995971687113031,1.1991533870906987
2025-05-14,1.4057313374307763,1.21351683886733
2025-05-15,1.399169621039374,1.2023839049552179
2025-05-16,1.3913009570068795,1.1967978603919323
2025-05-19,1.3883015358959594,1.1931178871457113
2025-05-20,1.395623021601749,1.199568914006498
2025-05-21,1.395938580935268,1.2051595595236937
2025-05-22,1.3942130113092415,1.204386927590355
2025-05-23,1.3866234897833325,1.1946234201783668
2025-05-26,1.3865681586243381,1.187784973271821
2025-05-27,1.3829633532892793,1.181395193631103
2025-05-28,1.3883405932480912,1.1804224515476314
2025-05-29,1.3866094651751317,1.18731330802
2025-05-30,1.3853213668462072,1.1816164855081992
2025-06-03,1.3903741118003003,1.1852355751571755
2025-06-04,1.3927531408611202,1.1903721285250488
2025-06-05,1.3917818544023284,1.1930828644146212
2025-06-06,1.3922893593010273,1.1919808287008693
2025-06-09,1.3944947928266562,1.1954434489315424
2025-06-10,1.3892824413554548,1.189341842176618
2025-06-11,1.3940361016913119,1.198280224762998
2025-06-12,1.391376142932479,1.1975323412107188
2025-06-13,1.384735620341437,1.1888801085537206
2025-06-16,1.3854144308295597,1.1918361856013788
2025-06-17,1.3847165312260639,1.1907835034530447
2025-06-18,1.3831796404175478,1.1921948526937332
2025-06-19,1.3812151224323248,1.1823459041080109
2025-06-20,1.3802488157017228,1.1834375752740383
2025-06-23,1.3816855041006157,1.1868967088718827
2025-06-24,1.3904094479960647,1.2010045892089027
2025-06-25,1.3979697943761535,1.2181217256811794
2025-06-26,1.4017006596860773,1.213792245935176
2025-06-27,1.3958610940340552,1.206306857881511
2025-06-30,1.3974832853839874,1.2107035708021208
2025-07-01,1.3994191218295338,1.2127565384447723
2025-07-02,1.396100567264649,1.2130394889320464
2025-07-03,1.400217166290647,1.220518523749403
2025-07-04,1.4002013050401543,1.2248569788960477
2025-07-07,1.3918661203942948,1.2196076080279705
2025-07-08,1.4020202098414831,1.2298011575640067
2025-07-09,1.4071990095010407,1.2276308789202433
2025-07-10,1.4164012746321737,1.2333444968100027
2025-07-11,1.4161833479316426,1.234816857181832
2025-07-14,1.4140021803979461,1.235696181216446
2025-07-15,1.4129196982424932,1.2361236231509185
2025-07-16,1.4132055257820952,1.2324705053000942
2025-07-17,1.426448995863378,1.2408354756493383
2025-07-18,1.4265753801862586,1.248213318709242
2025-07-21,1.4284553972196248,1.2565080419714163
2025-07-22,1.4295036009627393,1.2667230255704527
2025-07-23,1.4292837987696383,1.26697210416728
2025-07-24,1.4332617521728461,1.2759418176766644
2025-07-25,1.4242109098775484,1.2691953224222243
2025-07-28,1.4217599017089642,1.271855678738336
2025-07-29,1.4213011507617768,1.2768278037399123
2025-07-30,1.4307620009564084,1.276587915866993
2025-07-31,1.4212033905835448,1.253109468398672
2025-08-01,1.4131515759447515,1.2467410448934748
2025-08-04,1.4123703139371688,1.251580332668869
2025-08-05,1.4207287242677524,1.261609381614883
2025-08-06,1.4209983384023,1.2646924184862633
2025-08-07,1.4204683540698637,1.2650551574373883
2025-08-08,1.4142979792929506,1.2620693719958087
2025-08-11,1.4148734306615502,1.2674505410345291
2025-08-12,1.422008807812658,1.2739884055432174
2025-08-13,1.4262918192190124,1.284017559335992
2025-08-14,1.4175022718237211,1.2830118604265026
2025-08-15,1.4167997686269154,1.2919087864546202
2025-08-18,1.441935947541813,1.3032520246446444
2025-08-19,1.438220031660496,1.298311759741794
2025-08-20,1.457570580455024,1.3129933999342778
2025-08-21,1.4828911415959143,1.3181076482813943
2025-08-22,1.5084332791086172,1.3454653031536858
2025-08-25,1.5086503597552683,1.3732113509325985
2025-08-26,1.5023624722737168,1.3680920912277394
2025-08-27,1.4830926252574586,1.3475178193898785
2025-08-28,1.5031452153748261,1.3711649398456522
2025-08-29,1.4996907918576834,1.3812583547327077
2025-09-01,1.5179890436743106,1.3895118101330928
2025-09-02,1.5081413139029534,1.379257860228694
2025-09-03,1.493528818720127,1.3698206045345809
2025-09-04,1.4756345599514367,1.3404456912131604
2025-09-05,1.479763424216354,1.369337944814786
2025-09-08,1.482310753510868,1.371561919859766
2025-09-09,1.4760748138846485,1.3619157831480817
2025-09-10,1.4760371623528767,1.3647065888712369
2025-09-11,1.4984821404372801,1.3958673664946488
2025-09-12,1.4924799124810562,1.3878553693339326
2025-09-15,1.4844814626971798,1.391245670009582
2025-09-16,1.489285646624852,1.3882592928387592
2025-09-17,1.489780579291987,1.3967286805222523
2025-09-18,1.479075911269389,1.380395230421393
2025-09-19,1.4723269090333593,1.3815639612238633
2025-09-22,1.475875844122973,1.3878988303948718
2025-09-23,1.4710035603382208,1.3870300879897646
2025-09-24,1.4789238826064615,1.401163312354187
2025-09-25,1.4825483617268616,1.4095523644032635
2025-09-26,1.4768483814351072,1.3961589926025586
2025-09-29,1.477702116780366,1.4174745786540983
2025-09-30,1.478066417541916,1.4237930205381468
2025-10-09,1.5104455737210856,1.4447433324674217
2025-10-10,1.5228234259918423,1.416037472723879
2025-10-13,1.5266241807146579,1.4090117013468104
2025-10-14,1.5179648106867516,1.3920657873062547
2025-10-15,1.5171817555499463,1.4125330780752856
2025-10-16,1.5466006919643023,1.4162478910314555
2025-10-17,1.507949196667306,1.3839319104403847
2025-10-20,1.5085109067152709,1.391267074789311
2025-10-21,1.523431512746315,1.4124572500474988
2025-10-22,1.5181014397362953,1.4077595147551083
2025-10-23,1.5133718110987298,1.4119741147451335
2025-10-24,1.5207131016780266,1.428533386832337
2025-10-27,1.5335058097112362,1.4453955996636891
2025-10-28,1.5210777519769136,1.438005744892728
2025-10-29,1.4974607943569445,1.4550277652694745
2025-10-30,1.4915219683599332,1.4433570192623397
2025-10-31,1.4806912294364731,1.4219808336809068
2025-11-03,1.481359843122232,1.4258761835831035
2025-11-04,1.4756797471178347,1.4152037071080747
2025-11-05,1.4721409851871192,1.4178241266629839
2025-11-06,1.480554666126556,1.4379464059370197
2025-11-07,1.4765457652284557,1.4334632672025223
2025-11-10,1.494914989231655,1.4384362848989882
2025-11-11,1.4883973408039821,1.4252386538206827
2025-11-12,1.482794832154968,1.4233195489472126
2025-11-13,1.4874068499868878,1.440421551211137
2025-11-14,1.4817385488666015,1.4175940705768115
2025-11-17,1.4783209535769652,1.4083474461696281
2025-11-18,1.4886740336374906,1.39917173104545
2025-11-19,1.4954900553564832,1.4053145713000765
2025-11-20,1.4930961393325468,1.3981476854358645
2025-11-21,1.478584738411198,1.3636238428649852
2025-11-24,1.4763588567917252,1.3619203966420828
2025-11-25,1.489127728992721,1.3748259362800617
2025-11-26,1.4920606513275385,1.3831377701156655
2025-11-27,1.5020967378595018,1.3824548547948887
2025-11-28,1.5014518547084907,1.3858979749935063
2025-12-01,1.5278626305899339,1.4010707417540964
2025-12-02,1.5250011862102268,1.3942700845085965
2025-12-03,1.5099161970037795,1.387124829471326
2025-12-04,1.505742689851137,1.3918679666217169
2025-12-05,1.4977775850001493,1.4034436745719852
2025-12-08,1.4996813948873133,1.4147886188445185
2025-12-09,1.499976772586248,1.4075673266982625
2025-12-10,1.4907225131163337,1.4056099147870995
2025-12-11,1.4611201103427736,1.3934199057153285
2025-12-12,1.4614358072517342,1.4021986755976068
2025-12-15,1.455960143323787,1.3933276342095724
2025-12-16,1.4492963972963413,1.376542113528226
2025-12-17,1.462909811238305,1.4015125776134394
2025-12-18,1.4691523868930416,1.3931980130704313
2025-12-19,1.470462894339567,1.3978995607719062
2025-12-22,1.472026924309733,1.4111297423002194
2025-12-23,1.4701138763891604,1.41391460122014
2025-12-24,1.4780428715878384,1.4179876260359874
2025-12-25,1.4777959498979005,1.4205800712029968
2025-12-26,1.4722676947513773,1.4250710472129182
2025-12-29,1.4745585077750205,1.4195924800839625
2025-12-30,1.4763754531277873,1.423232129774651
2025-12-31,1.481529348423725,1.4166873377815776
2026-01-05,1.481564548318539,1.4433041756184288
2026-01-06,1.491014514587319,1.4654480123824285
2026-01-07,1.4833732864785336,1.4611530771359014
2026-01-08,1.4789422636413776,1.4491680876195692
2026-01-09,1.4872060885351057,1.455659664423918
2026-01-12,1.4963828273258926,1.4651112016016592
2026-01-13,1.4828370430168558,1.4562477499645283
2026-01-14,1.4777790292815398,1.4503939171633278
2026-01-15,1.4710970380990456,1.4532967348827432
2026-01-16,1.4645367220605132,1.4473016647183206
2026-01-19,1.462915376739225,1.4480936319126092
2026-01-20,1.463058010636098,1.4433204365737442
2026-01-21,1.4588864712365823,1.4446014247226364
2026-01-22,1.4646718971930617,1.4447971622995115
2026-01-23,1.4621111518314445,1.4382952491171106
2026-01-26,1.4635072416338266,1.4396587274232961
2026-01-27,1.46712535080097,1.4392702360643435
2026-01-28,1.4573654711133024,1.4430273742431852
2026-01-29,1.4662697343924138,1.4539599830108345
2026-01-30,1.4547949199431758,1.439349884613644
2026-02-02,1.4439516029406319,1.4083245875066053
2026-02-03,1.4429054162203256,1.4247788799009427
2026-02-04,1.4528805387445027,1.4365227127097857
2026-02-05,1.4524885569343433,1.4278567245194294
2026-02-06,1.4505831843752686,1.4196335892468142
2026-02-09,1.459266237605081,1.4425176564460733
2026-02-10,1.4580718964241597,1.4441185259026144
2026-02-11,1.4588941767229253,1.4409114532289202
2026-02-12,1.4551286809968984,1.442671084115355
2026-02-13,1.4428620658850422,1.4244697895865153
2026-02-24,1.4507857843505263,1.4388028779585453
2026-02-25,1.449535745217133,1.4474417272180415
2026-02-26,1.4482393882618223,1.4446822937475199
2026-02-27,1.4456959539892411,1.4397164192642307
2026-03-02,1.4559745302035636,1.4452133663730815
2026-03-03,1.4676263917367298,1.4227999186404707
2026-03-04,1.4539864827823332,1.4064241660359809
2026-03-05,1.4548445549663005,1.4201292286243927
2026-03-06,1.453394217429395,1.4240197327297923
2026-03-09,1.4443571665360904,1.4102091246748645
2026-03-10,1.442973902725516,1.4282122584755765
2026-03-11,1.4464798565120447,1.4372695135080304
2026-03-12,1.4469039535311332,1.4320848422089132
2026-03-13,1.4401236594601623,1.4264463079241074
2026-03-16,1.444526552883995,1.4271854388548537
2026-03-17,1.4424367822231265,1.4167233515763984
2026-03-18,1.4398385685160546,1.423090850048309
2026-03-19,1.438379986325133,1.3999675287580193
2026-03-20,1.4241780828868824,1.3950012279123363
2026-03-23,1.385530196199002,1.3487237244071622
2026-03-24,1.3951175753909002,1.36592895454183
2026-03-25,1.4002700548642124,1.3849506189891376
