date,close,return
2019-01-02,2969.54,
2019-01-03,2964.84,-0.001583990571113351
2019-01-04,3035.87,0.02367497102412801
2019-01-07,3054.3,0.006052394681861487
2019-01-08,3047.7,-0.0021632260156508655
2019-01-09,3078.48,0.010048760894095994
2019-01-10,3072.69,-0.0018825692380513182
2019-01-11,3094.78,0.00716342177961698
2019-01-14,3067.78,-0.008762648238325736
2019-01-15,3127.99,0.01943645276620025
2019-01-16,3128.65,0.00021097586002980133
2019-01-17,3111.42,-0.005522387982267904
2019-01-18,3168.17,0.018074920503838153
2019-01-21,3185.64,0.005499076624623633
2019-01-22,3143.32,-0.013373644566519828
2019-01-23,3141.05,-0.0007224272596064109
2019-01-24,3158.78,0.005628738175841233
2019-01-25,3184.47,0.008099993050780028
2019-01-28,3183.78,-0.00021670003617943419
2019-01-29,3193.97,0.0031954870200165734
2019-01-30,3168.48,-0.008012679511130574
2019-01-31,3201.63,0.010408077491840053
2019-02-01,3247.4,0.014194621052603537
2019-02-11,3306.47,0.018026478882587203
2019-02-12,3330.34,0.0071932458289255905
2019-02-13,3397.03,0.019827119578815833
2019-02-14,3402.14,0.0015031249291077603
2019-02-15,3338.7,-0.018823135724961238
2019-02-18,3445.74,0.03155717579704081
2019-02-19,3439.61,-0.001780592597210491
2019-02-20,3451.93,0.0035754020507433077
2019-02-21,3442.71,-0.0026745429771607636
2019-02-22,3520.12,0.022236127999249938
2019-02-25,3729.48,0.05777373381153839
2019-02-26,3684.69,-0.012082416477338733
2019-02-27,3678.39,-0.001711240822422538
2019-02-28,3669.37,-0.0024551712442826656
2019-03-01,3749.71,0.02165851845310052
2019-03-04,3794.1,0.011768724913293477
2019-03-05,3816.01,0.005758145555776511
2019-03-06,3848.09,0.008371547175655868
2019-03-07,3808.85,-0.010249614997104752
2019-03-08,3657.58,-0.04052557976931822
2019-03-11,3729.95,0.019593102203228616
2019-03-12,3755.35,0.006786661186856559
2019-03-13,3724.19,-0.008332111405510772
2019-03-14,3698.49,-0.006924750278194517
2019-03-15,3745.01,0.012499658949294532
2019-03-18,3851.75,0.028103303287160222
2019-03-19,3833.96,-0.004629378878897755
2019-03-20,3835.44,0.00038594936197661623
2019-03-21,3836.89,0.00037798166065925213
2019-03-22,3833.8,-0.0008056642015624652
2019-03-25,3742.83,-0.0240144686448772
2019-03-26,3700.44,-0.011390278278242095
2019-03-27,3743.39,0.011539886492012022
2019-03-28,3728.4,-0.0040124307859506474
2019-03-29,3872.34,0.037879788271755865
2019-04-01,3973.93,0.02589655400365487
2019-04-02,3971.29,-0.0006645505340715587
2019-04-03,4022.16,0.01272809281638654
2019-04-04,4062.23,0.009913012146137885
2019-04-08,4057.23,-0.0012316091543096263
2019-04-09,4075.43,0.004475787843800844
2019-04-10,4085.85,0.002553522403825479
2019-04-11,3997.58,-0.02184060696850315
2019-04-12,3988.62,-0.002243871618400822
2019-04-15,3975.52,-0.0032897492546605377
2019-04-16,4085.79,0.027359542906838775
2019-04-17,4087.24,0.00035482557025077067
2019-04-18,4072.08,-0.0037160002169135185
2019-04-19,4120.61,0.011847285233664148
2019-04-22,4025.61,-0.023324758471727696
2019-04-23,4019.01,-0.001640848537484885
2019-04-24,4030.09,0.002753104570320159
2019-04-25,3941.82,-0.022146162627902005
2019-04-26,3889.27,-0.013421066236018436
2019-04-29,3900.33,0.0028396855890284833
2019-04-30,3913.21,0.0032968441106726826
2019-05-06,3684.62,-0.060190609487057345
2019-05-07,3720.67,0.009736360030371979
2019-05-08,3667.46,-0.01440443523113488
2019-05-09,3599.7,-0.01864881570707284
2019-05-10,3730.45,0.03567836115421021
2019-05-13,3668.73,-0.016683316679156582
2019-05-14,3645.15,-0.006448036254104657
2019-05-15,3727.09,0.022230251436693806
2019-05-16,3743.96,0.004516106483631396
2019-05-17,3648.76,-0.025756490950546974
2019-05-20,3617.79,-0.008524041676251221
2019-05-21,3666.78,0.013450550572702084
2019-05-22,3649.38,-0.00475660259114804
2019-05-23,3583.96,-0.018088955816228772
2019-05-24,3593.91,0.002772411975473591
2019-05-27,3637.2,0.011973408558029952
2019-05-28,3672.26,0.009593121482207626
2019-05-29,3663.91,-0.0022763931604050983
2019-05-30,3641.18,-0.006223078252227522
2019-05-31,3629.79,-0.003133009575553198
2019-06-03,3632.01,0.0006114186755788103
2019-06-04,3598.47,-0.009277458915253807
2019-06-05,3597.11,-0.0003780098383157753
2019-06-06,3564.68,-0.009056457019030972
2019-06-10,3610.74,0.01283844922096306
2019-06-11,3719.28,0.029617363677468235
2019-06-12,3691.1,-0.0076055845554518706
2019-06-13,3685.39,-0.0015481621043288184
2019-06-14,3654.88,-0.008313093579849114
2019-06-17,3654.82,-1.6416542402959227e-05
2019-06-18,3667.62,0.0034961059530988067
2019-06-19,3715.94,0.013088724091147416
2019-06-20,3828.52,0.029846631108189754
2019-06-21,3833.94,0.0014146895132741448
2019-06-24,3841.27,0.001910046038737154
2019-06-25,3801.31,-0.010457296921113626
2019-06-26,3794.33,-0.0018378969948000814
2019-06-27,3834.82,0.010614650431399735
2019-06-28,3825.59,-0.002409793853496681
2019-07-01,3935.81,0.028404001917679424
2019-07-02,3937.17,0.000345485448591896
2019-07-03,3893.53,-0.011145989960899962
2019-07-04,3873.1,-0.005260981177587326
2019-07-05,3893.2,0.005176221592961067
2019-07-08,3802.79,-0.023496433712237627
2019-07-09,3793.13,-0.0025434720765215033
2019-07-10,3786.74,-0.0016860451468861317
2019-07-11,3785.22,-0.00040148125991610234
2019-07-12,3808.73,0.006191790862731726
2019-07-15,3824.19,0.004050879909933546
2019-07-16,3806.84,-0.004547231473586017
2019-07-17,3804.64,-0.0005780741882694428
2019-07-18,3768.4,-0.009570866293074323
2019-07-19,3807.96,0.010443104479893118
2019-07-22,3781.68,-0.00692525733250602
2019-07-23,3789.91,0.0021739167707678663
2019-07-24,3819.83,0.007863646899881215
2019-07-25,3851.07,0.008145112754016482
2019-07-26,3858.57,0.0019456167514669775
2019-07-29,3854.27,-0.0011150238940541646
2019-07-30,3870.32,0.004155566339940884
2019-07-31,3835.36,-0.009073888318819308
2019-08-01,3803.47,-0.008349494690915685
2019-08-02,3747.44,-0.014840867759386235
2019-08-05,3675.69,-0.019332070049603373
2019-08-06,3636.33,-0.010765938870273386
2019-08-07,3621.43,-0.004105955813665704
2019-08-08,3669.29,0.013129207401002575
2019-08-09,3633.53,-0.009793555317656926
2019-08-12,3699.1,0.0178849192760353
2019-08-13,3665.75,-0.00905659394344809
2019-08-14,3682.4,0.004531760645843127
2019-08-15,3694.0,0.0031451682561536294
2019-08-16,3710.54,0.004467536811196349
2019-08-19,3791.09,0.021476158102032718
2019-08-20,3787.73,-0.0008866816259358183
2019-08-21,3781.76,-0.0015773853292233974
2019-08-22,3793.51,0.003102202145445344
2019-08-23,3820.86,0.007183816289816898
2019-08-26,3765.91,-0.014485996256032647
2019-08-27,3816.95,0.013462142470310266
2019-08-28,3802.58,-0.003771890664389813
2019-08-29,3790.19,-0.0032636339563747916
2019-08-30,3799.59,0.002477016410548916
2019-09-02,3848.32,0.012743523254569922
2019-09-03,3853.61,0.0013736818776211904
2019-09-04,3886.0,0.008369979648614956
2019-09-05,3925.32,0.010067525618263105
2019-09-06,3948.51,0.005890415986099523
2019-09-09,3972.95,0.006170599245258103
2019-09-10,3959.27,-0.003449226966162596
2019-09-11,3930.1,-0.0073947939886416965
2019-09-12,3972.38,0.010700540444623445
2019-09-16,3957.72,-0.0036973094160976743
2019-09-17,3891.22,-0.016945368739511545
2019-09-18,3910.08,0.004835101006941372
2019-09-19,3924.38,0.003650542827635376
2019-09-20,3935.65,0.0028676754982601945
2019-09-23,3890.66,-0.011497243423408151
2019-09-24,3901.08,0.002674628827897986
2019-09-25,3870.98,-0.007745732917853233
2019-09-26,3841.14,-0.007738507417580179
2019-09-27,3852.65,0.0029920256691871013
2019-09-30,3814.53,-0.009943763966238573
2019-10-08,3837.68,0.006050558106823558
2019-10-09,3843.24,0.0014477434919588537
2019-10-10,3874.64,0.008136994421028427
2019-10-11,3911.73,0.009526976122051481
2019-10-14,3953.24,0.010555764468023806
2019-10-15,3936.25,-0.00430700242070961
2019-10-16,3922.69,-0.003450850485295526
2019-10-17,3925.22,0.0006447576711878128
2019-10-18,3869.38,-0.014328113130112537
2019-10-21,3880.84,0.002957337560038659
2019-10-22,3895.88,0.0038679594356627292
2019-10-23,3871.08,-0.006386046608170533
2019-10-24,3870.67,-0.0001059192044133123
2019-10-25,3896.79,0.006725518626737745
2019-10-28,3926.59,0.007618227447994214
2019-10-29,3910.23,-0.004175168950076346
2019-10-30,3891.23,-0.0048708927727663
2019-10-31,3886.75,-0.001151970176170855
2019-11-01,3952.39,0.01674712637946819
2019-11-04,3978.12,0.006488886662135988
2019-11-05,4002.81,0.0061872685929501795
2019-11-06,3984.88,-0.00448941561695525
2019-11-07,3991.87,0.0017525939233894723
2019-11-08,3973.01,-0.004735798969726966
2019-11-11,3902.98,-0.017783629897012973
2019-11-12,3903.69,0.00018189573837692306
2019-11-13,3899.98,-0.000950834743015415
2019-11-14,3905.86,0.0015065646009067987
2019-11-15,3877.09,-0.007393117273752109
2019-11-18,3907.93,0.007922949800201994
2019-11-19,3947.04,0.00995810886387801
2019-11-20,3907.86,-0.009976021320584661
2019-11-21,3889.6,-0.004683585008251484
2019-11-22,3849.99,-0.010235773685999669
2019-11-25,3878.21,0.007303156085140395
2019-11-26,3891.65,0.0034595252435720425
2019-11-27,3875.62,-0.004127582215759026
2019-11-28,3862.3,-0.0034427890587137955
2019-11-29,3828.67,-0.008745376549236796
2019-12-02,3836.06,0.0019283137931565629
2019-12-03,3851.09,0.0039104269209061845
2019-12-04,3849.82,-0.00032983115281527714
2019-12-05,3879.36,0.007643797616108898
2019-12-06,3902.39,0.005918994374528634
2019-12-09,3895.45,-0.0017799805670163332
2019-12-10,3900.38,0.0012647789028740356
2019-12-11,3902.75,0.000607448568171012
2019-12-12,3891.02,-0.0030100987986116687
2019-12-13,3968.22,0.019646297378049293
2019-12-16,3987.55,0.0048593757832243074
2019-12-17,4041.8,0.01351313008471005
2019-12-18,4032.78,-0.0022341728614900256
2019-12-19,4027.15,-0.0013970346927766374
2019-12-20,4017.25,-0.0024613408080187997
2019-12-23,3967.1,-0.012562239759530705
2019-12-24,3992.96,0.0064974613200350665
2019-12-25,3990.87,-0.0005235582540564129
2019-12-26,4025.99,0.008761591113398704
2019-12-27,4022.03,-0.0009840930612956438
2019-12-30,4081.63,0.01470966813892251
2019-12-31,4096.58,0.0036560608379529206
2020-01-02,4152.24,0.013495468386087764
2020-01-03,4144.96,-0.0017548093014853469
2020-01-06,4129.3,-0.0037852372775481944
2020-01-07,4160.23,0.007462460124153688
2020-01-08,4112.32,-0.011583015069720355
2020-01-09,4164.37,0.012577657536941334
2020-01-10,4163.18,-0.00028579834599605
2020-01-13,4203.99,0.00975486899732629
2020-01-14,4189.89,-0.0033595937187734354
2020-01-15,4166.73,-0.005542925081510483
2020-01-16,4149.04,-0.004254573343049076
2020-01-17,4154.85,0.001399344391141593
2020-01-20,4185.83,0.007428685064066208
2020-01-21,4114.31,-0.017233870789841923
2020-01-22,4131.93,0.004273469318256041
2020-01-23,4003.9,-0.03147572404908151
2020-02-03,3688.36,-0.0820869713028323
2020-02-04,3785.64,0.026033046289541395
2020-02-05,3828.53,0.011265956404601776
2020-02-06,3899.78,0.018439223780643103
2020-02-07,3899.87,2.3077958627396613e-05
2020-02-10,3916.01,0.004130059044453116
2020-02-11,3952.46,0.009264891582025061
2020-02-12,3984.43,0.008056095751872112
2020-02-13,3959.92,-0.0061704425829259574
2020-02-14,3987.73,0.006998323656181289
2020-02-17,4077.42,0.022242288757141352
2020-02-18,4057.51,-0.004894950480093559
2020-02-19,4051.31,-0.0015291993676514136
2020-02-20,4144.66,0.022780473077198795
2020-02-21,4149.49,0.001164676439654321
2020-02-24,4132.84,-0.004020613143738295
2020-02-25,4123.85,-0.002177628941524686
2020-02-26,4073.02,-0.012402453999606782
2020-02-27,4084.88,0.002907613075811262
2020-02-28,3940.05,-0.03609893853084558
2020-03-02,4069.67,0.03236850150152354
2020-03-03,4091.36,0.005315518033974686
2020-03-04,4115.05,0.0057735516033525615
2020-03-05,4206.73,0.022034639075635697
2020-03-06,4138.51,-0.016349804124321927
2020-03-09,3997.13,-0.03475921608123999
2020-03-10,4082.73,0.02118927871015016
2020-03-11,4028.43,-0.013389160414192703
2020-03-12,3950.91,-0.019430789763005208
2020-03-13,3895.31,-0.014172666753924475
2020-03-16,3727.84,-0.04394428792521675
2020-03-17,3709.68,-0.0048833579173501625
2020-03-18,3636.26,-0.019989938620602606
2020-03-19,3589.09,-0.01305699243536139
2020-03-20,3653.22,0.017710281998688793
2020-03-23,3530.31,-0.034223284686507274
2020-03-24,3625.11,0.02649894688757616
2020-03-25,3722.52,0.026516225621142597
2020-03-26,3698.05,-0.006595204599378345
2020-03-27,3710.06,0.003242395299715043
2020-03-30,3674.11,-0.009737122530810759
2020-03-31,3686.16,0.0032743393288473524
2020-04-01,3675.08,-0.003010364657997298
2020-04-02,3734.53,0.016047072851279782
2020-04-03,3713.22,-0.0057225492676835545
2020-04-07,3798.02,0.022580453586721384
2020-04-08,3780.34,-0.004665925629219196
2020-04-09,3792.81,0.0032932165004115922
2020-04-10,3769.18,-0.006249698006236416
2020-04-13,3753.26,-0.004232675506336994
2020-04-14,3825.7,0.01911666140650868
2020-04-15,3797.36,-0.007435368622030554
2020-04-16,3802.38,0.0013210980191736468
2020-04-17,3839.49,0.009712358811337921
2020-04-20,3853.46,0.003631900728894147
2020-04-21,3808.05,-0.011854198913149913
2020-04-22,3839.38,0.0081936481354836
2020-04-23,3829.75,-0.0025113683198338143
2020-04-24,3796.97,-0.008596146666669599
2020-04-27,3822.77,0.006771910484159291
2020-04-28,3849.15,0.006877053975435729
2020-04-29,3867.03,0.004634425843374275
2020-04-30,3912.58,0.011710232394605792
2020-05-06,3936.25,0.006031490491523513
2020-05-07,3924.89,-0.0028901680691537277
2020-05-08,3963.62,0.00981942374378546
2020-05-11,3960.18,-0.0008682703289119561
2020-05-12,3960.24,1.5150711705015675e-05
2020-05-13,3968.25,0.0020205619796916604
2020-05-14,3925.22,-0.010902790851224144
2020-05-15,3912.82,-0.00316405895988696
2020-05-18,3922.91,0.0025753836788432326
2020-05-19,3956.25,0.008462881572403387
2020-05-20,3935.22,-0.005329818090463651
2020-05-21,3913.79,-0.0054605748367585385
2020-05-22,3824.06,-0.023193528540495858
2020-05-25,3829.32,0.0013745562949152152
2020-05-26,3872.77,0.01128277154239577
2020-05-27,3845.61,-0.007037775311255476
2020-05-28,3856.63,0.002861507177007524
2020-05-29,3867.02,0.002690439434024838
2020-06-01,3971.34,0.026619384654588657
2020-06-02,3983.57,0.003074832936088278
2020-06-03,3983.65,2.00822871723135e-05
2020-06-04,3982.19,-0.000366565237651919
2020-06-05,4001.25,0.004774893082019146
2020-06-08,4021.95,0.005160047345194557
2020-06-09,4047.03,0.006216419117566227
2020-06-10,4039.71,-0.0018103715463193989
2020-06-11,3995.88,-0.01090907691301034
2020-06-12,4003.08,0.001800234516613723
2020-06-15,3954.99,-0.012085992050566133
2020-06-16,4014.57,0.014952170510798538
2020-06-17,4017.59,0.0007519770876849419
2020-06-18,4044.38,0.006646042743695108
2020-06-19,4098.71,0.013344026942619956
2020-06-22,4102.05,0.0008145586957002768
2020-06-23,4121.79,0.004800686275906099
2020-06-24,4138.99,0.00416426169333509
2020-06-29,4109.72,-0.007096897054409066
2020-06-30,4163.96,0.013111644891903317
2020-07-01,4247.78,0.019929948962675935
2020-07-02,4335.84,0.020518869566181763
2020-07-03,4419.6,0.019133831169376996
2020-07-06,4670.09,0.05512914918682948
2020-07-07,4698.13,0.005986213759674365
2020-07-08,4774.0,0.016019970713251654
2020-07-09,4840.77,0.013889271067376375
2020-07-10,4753.13,-0.018270450579533883
2020-07-13,4852.96,0.020785479660294606
2020-07-14,4806.69,-0.009580130518932624
2020-07-15,4744.47,-0.013028968245128192
2020-07-16,4516.25,-0.0492977258210018
2020-07-17,4544.7,0.006279715370537513
2020-07-20,4680.3,0.029400491588925822
2020-07-21,4691.04,0.002292095837321857
2020-07-22,4714.45,0.00497795401232275
2020-07-23,4712.44,-0.0004264396912364675
2020-07-24,4505.59,-0.044886972518743316
2020-07-27,4528.45,0.005060869509455634
2020-07-28,4568.26,0.008752670833928281
2020-07-29,4679.01,0.023954160668375638
2020-07-30,4656.15,-0.004897622685558886
2020-07-31,4695.05,0.008319835825740592
2020-08-03,4771.31,0.01611213808838408
2020-08-04,4775.8,0.0009405988474071107
2020-08-05,4777.11,0.00027426198052968895
2020-08-06,4762.76,-0.003008429008584218
2020-08-07,4707.93,-0.011579011160284154
2020-08-10,4724.87,0.0035917263614619775
2020-08-11,4681.78,-0.009161667841437968
2020-08-12,4647.64,-0.007318815616075828
2020-08-13,4635.71,-0.002570194287054564
2020-08-14,4704.63,0.014757760604995238
2020-08-17,4815.23,0.023236681302700988
2020-08-18,4812.76,-0.000513087374246735
2020-08-19,4740.68,-0.015090138795370902
2020-08-20,4679.15,-0.01306411583089969
2020-08-21,4718.84,0.008446537178687763
2020-08-24,4755.85,0.007812432541677361
2020-08-25,4761.95,0.0012818089968709189
2020-08-26,4706.13,-0.011791333986524832
2020-08-27,4731.35,0.005344659810647774
2020-08-28,4844.27,0.023585989152444788
2020-08-31,4816.22,-0.005807175169816673
2020-09-01,4842.12,0.005363253329934331
2020-09-02,4843.89,0.0003654755714070797
2020-09-03,4817.1,-0.005546029686024726
2020-09-04,4770.22,-0.009779661811638442
2020-09-07,4669.37,-0.021368266489738913
2020-09-08,4694.39,0.0053440198263399186
2020-09-09,4584.59,-0.023667499084887415
2020-09-10,4581.98,-0.0005694605660640005
2020-09-11,4627.28,0.009838003350482105
2020-09-14,4651.05,0.005123778094333147
2020-09-15,4688.48,0.008015435551367392
2020-09-16,4657.36,-0.006659672114533293
2020-09-17,4632.71,-0.005306753953128388
2020-09-18,4737.09,0.022281013083672693
2020-09-21,4691.43,-0.009685583092249796
2020-09-22,4635.76,-0.011937284664288283
2020-09-23,4652.33,0.0035680140005111584
2020-09-24,4563.07,-0.019372526759621624
2020-09-25,4570.02,0.0015219386519837582
2020-09-28,4581.91,0.0025983604965482297
2020-09-29,4591.8,0.0021561623010930317
2020-09-30,4587.4,-0.0009586892838152851
2020-10-09,4681.14,0.020228255232002362
2020-10-12,4823.16,0.029887644899393863
2020-10-13,4839.2,0.003320102901193016
2020-10-14,4807.1,-0.006655426119491584
2020-10-15,4798.74,-0.0017406082363860492
2020-10-16,4791.68,-0.001472302834560968
2020-10-19,4755.49,-0.007581340510340659
2020-10-20,4793.47,0.007954834930523617
2020-10-21,4792.83,-0.000133523883239854
2020-10-22,4777.98,-0.0031031881140356596
2020-10-23,4718.49,-0.012529029883611013
2020-10-26,4691.24,-0.0057918933226344445
2020-10-27,4699.28,0.0017123656548457438
2020-10-28,4737.27,0.008051714925711606
2020-10-29,4772.92,0.0074972565189516975
2020-10-30,4695.33,-0.016389879206190873
2020-11-02,4720.83,0.005416233865630309
2020-11-03,4777.56,0.011945324327391692
2020-11-04,4813.66,0.007527753606587577
2020-11-05,4885.11,0.014734093623478625
2020-11-06,4885.72,0.00012486145000849657
2020-11-09,4981.35,0.019384274033985533
2020-11-10,4953.88,-0.005529830713623282
2020-11-11,4904.9,-0.00993640247390343
2020-11-12,4908.46,0.0007255415385083981
2020-11-13,4856.85,-0.010570167362735125
2020-11-16,4904.17,0.009695783986754391
2020-11-17,4894.79,-0.001914489469294552
2020-11-18,4891.67,-0.0006376156660740876
2020-11-19,4927.99,0.007397438531557068
2020-11-20,4943.29,0.003099904420093935
2020-11-23,5005.03,0.0124123053267393
2020-11-24,4974.29,-0.006160759897047174
2020-11-25,4910.7,-0.012866149021885103
2020-11-26,4919.59,0.001808695862186712
2020-11-27,4980.77,0.012359303859784624
2020-11-30,4960.25,-0.004128354865810372
2020-12-01,5067.1,0.021312519150301096
2020-12-02,5067.14,7.894030534163135e-06
2020-12-03,5057.06,-0.00199126910387545
2020-12-04,5065.92,0.0017504731338733603
2020-12-07,5022.24,-0.008659710584565897
2020-12-08,5009.88,-0.0024640866046007357
2020-12-09,4942.7,-0.01350022211863164
2020-12-10,4940.52,-0.0004411517775288925
2020-12-11,4889.63,-0.01035395281555667
2020-12-14,4934.84,0.009203614878235615
2020-12-15,4945.1,0.00207693643649318
2020-12-16,4953.87,0.0017719019846610367
2020-12-17,5017.48,0.012758726329800806
2020-12-18,4999.97,-0.0034959032154822474
2020-12-21,5046.84,0.009330392438317079
2020-12-22,4964.77,-0.01639533270017278
2020-12-23,5007.12,0.008493927353346534
2020-12-24,5000.02,-0.001418987081490702
2020-12-25,5042.01,0.008362899677605362
2020-12-28,5064.41,0.004432833125875603
2020-12-29,5042.94,-0.004248399885723489
2020-12-30,5113.71,0.013935922838622276
2020-12-31,5211.29,0.018902257702538613
2021-01-04,5267.72,0.010770205482459091
2021-01-05,5368.5,0.018950908524575497
2021-01-06,5417.67,0.00911729383171359
2021-01-07,5513.66,0.01756281575073632
2021-01-08,5495.43,-0.0033118117232875397
2021-01-11,5441.16,-0.00992456432066068
2021-01-12,5596.35,0.028122326091611038
2021-01-13,5577.97,-0.003289688603113591
2021-01-14,5470.46,-0.019462202956968697
2021-01-15,5458.08,-0.0022656283996982086
2021-01-18,5518.52,0.011012628835084536
2021-01-19,5437.52,-0.014786633828512256
2021-01-20,5476.43,0.00713035424477634
2021-01-21,5564.97,0.016038165063663984
2021-01-22,5569.78,0.0008639619747535671
2021-01-25,5625.92,0.01002893442013607
2021-01-26,5512.97,-0.020280992362841185
2021-01-27,5528.0,0.0027225885559221848
2021-01-28,5377.14,-0.027669452153272312
2021-01-29,5351.96,-0.0046937853556528976
2021-02-01,5417.65,0.012199293136619115
2021-02-02,5501.09,0.015284112328122013
2021-02-03,5485.2,-0.0028926982776228405
2021-02-04,5473.95,-0.002053079655208675
2021-02-05,5483.41,0.0017266937200918658
2021-02-08,5564.56,0.014690745804715138
2021-02-09,5686.25,0.02163306388891657
2021-02-10,5807.72,0.02113708709191822
2021-02-18,5768.38,-0.006796788460165884
2021-02-19,5778.84,0.0018116919675919534
2021-02-22,5597.33,-0.03191327217305319
2021-02-23,5579.67,-0.003160063468920589
2021-02-24,5437.57,-0.025797364964290113
2021-02-25,5469.56,0.005865904546506717
2021-02-26,5336.76,-0.02457944718475071
2021-03-01,5418.78,0.01525197060665604
2021-03-02,5349.63,-0.012843298225744358
2021-03-03,5452.21,0.01899363142971801
2021-03-04,5280.71,-0.03196047269264258
2021-03-05,5262.8,-0.0033973538653544045
2021-03-08,5080.02,-0.03534800591903153
2021-03-09,4971.0,-0.021694171477979068
2021-03-10,5003.61,0.0065386248049525714
2021-03-11,5128.22,0.024598968496697255
2021-03-12,5146.38,0.0035349344811960847
2021-03-15,5035.54,-0.02177278522043246
2021-03-16,5079.36,0.008664499726790622
2021-03-17,5100.86,0.004223883563510434
2021-03-18,5141.77,0.007988225200877629
2021-03-19,5007.09,-0.026542470144634525
2021-03-22,5057.15,0.009948175491303411
2021-03-23,5009.25,-0.009516880221078472
2021-03-24,4928.69,-0.016212970628091208
2021-03-25,4926.35,-0.0004748839261889654
2021-03-26,5037.99,0.022408844276361837
2021-03-29,5046.88,0.0017630375607685738
2021-03-30,5094.73,0.009436441565414132
2021-03-31,5048.36,-0.009143234071465979
2021-04-01,5110.78,0.012288596377179602
2021-04-02,5161.56,0.009886824938000938
2021-04-06,5140.34,-0.004119634244374363
2021-04-07,5103.74,-0.007145620833213715
2021-04-08,5112.21,0.0016581917375789715
2021-04-09,5035.34,-0.0151507448441902
2021-04-12,4947.75,-0.01754812341054481
2021-04-13,4939.64,-0.001640473738523719
2021-04-14,4980.63,0.008263935009016603
2021-04-15,4948.97,-0.006376914938742514
2021-04-16,4966.18,0.0034714587844211593
2021-04-19,5087.02,0.024041264518103324
2021-04-20,5083.37,-0.0007177699491770654
2021-04-21,5098.74,0.0030190229086411945
2021-04-22,5089.24,-0.0018649433456734987
2021-04-23,5135.45,0.009038966388980845
2021-04-26,5077.24,-0.011399666566998087
2021-04-27,5090.52,0.0026121795855371297
2021-04-28,5119.24,0.005626004088942163
2021-04-29,5164.17,0.008738402125943488
2021-04-30,5123.49,-0.007908545194461067
2021-05-06,5061.12,-0.012248044785011743
2021-05-07,4996.05,-0.012940202460294304
2021-05-10,4992.42,-0.0007268380762637467
2021-05-11,5023.06,0.0061185476059305
2021-05-12,5044.55,0.004269142852964632
2021-05-13,4992.97,-0.010277529513642856
2021-05-14,5110.59,0.02328393434457176
2021-05-17,5184.99,0.014453055606105146
2021-05-18,5187.6,0.0005032494401271955
2021-05-19,5172.27,-0.002959498756094731
2021-05-20,5186.41,0.002730079273133101
2021-05-21,5134.15,-0.01012744398953972
2021-05-24,5155.59,0.004167263901206997
2021-05-25,5318.48,0.031105985335581038
2021-05-26,5320.59,0.0003966512162557023
2021-05-27,5338.23,0.003309937892723463
2021-05-28,5321.09,-0.0032159677676364042
2021-05-31,5331.57,0.001967584318097451
2021-06-01,5341.68,0.0018944563321768907
2021-06-02,5289.97,-0.009727635458730175
2021-06-03,5255.29,-0.0065773864327908155
2021-06-04,5282.28,0.005122634349516513
2021-06-07,5277.63,-0.0008806893809795677
2021-06-08,5232.12,-0.008660583640675722
2021-06-09,5236.45,0.0008272381513284209
2021-06-10,5271.47,0.006665473215854983
2021-06-11,5224.7,-0.008911881104321598
2021-06-15,5166.56,-0.01119029005186836
2021-06-16,5080.49,-0.016799376251030493
2021-06-17,5101.89,0.004203345683058261
2021-06-18,5102.47,0.00011367689901670989
2021-06-21,5090.39,-0.002370287761377726
2021-06-22,5122.16,0.006221776634825583
2021-06-23,5147.39,0.00491356500740387
2021-06-24,5155.97,0.001665476501505399
2021-06-25,5239.97,0.016160506529634064
2021-06-28,5251.76,0.0022474853933134083
2021-06-29,5190.54,-0.011725520510898669
2021-06-30,5224.04,0.006433310904519282
2021-07-01,5229.66,0.0010752174907326677
2021-07-02,5081.12,-0.028814556672530595
2021-07-05,5085.79,0.0009186666014426244
2021-07-06,5083.1,-0.0005290646398468206
2021-07-07,5140.49,0.011227093970232957
2021-07-08,5088.26,-0.01021248030152798
2021-07-09,5069.44,-0.003705567507436169
2021-07-12,5132.71,0.012403426953276406
2021-07-13,5142.1,0.0018277715333200573
2021-07-14,5083.08,-0.01154417926244028
2021-07-15,5151.46,0.013362792566241035
2021-07-16,5094.77,-0.011065646284745139
2021-07-19,5113.49,0.003667622294937904
2021-07-20,5108.99,-0.0008804126377693433
2021-07-21,5144.04,0.006837029938307932
2021-07-22,5151.75,0.0014976998251120264
2021-07-23,5089.23,-0.012209920674806345
2021-07-26,4925.3,-0.03274135563068574
2021-07-27,4751.31,-0.035964816977163666
2021-07-28,4760.48,0.0019281339981101948
2021-07-29,4850.27,0.018685870007543865
2021-07-30,4811.17,-0.008094075720890206
2021-08-02,4933.74,0.025157023354954046
2021-08-03,4934.46,0.0001459232689402895
2021-08-04,4978.85,0.008955696268834535
2021-08-05,4948.67,-0.006080087065672337
2021-08-06,4921.56,-0.00549330019125448
2021-08-09,4985.56,0.012920180697631359
2021-08-10,5043.15,0.011485152736614034
2021-08-11,5015.34,-0.005529671126137167
2021-08-12,4973.35,-0.008407558417657848
2021-08-13,4945.98,-0.005518531888929404
2021-08-16,4941.07,-0.0009932184834982863
2021-08-17,4837.4,-0.021204520628287107
2021-08-18,4894.24,0.011681617150842432
2021-08-19,4862.14,-0.006580333244403601
2021-08-20,4769.27,-0.019285416857873564
2021-08-23,4835.88,0.013869865192720078
2021-08-24,4888.39,0.010799887371610011
2021-08-25,4898.16,0.001996618470382873
2021-08-26,4801.61,-0.019908346049970507
2021-08-27,4827.04,0.005282165023634251
2021-08-30,4813.27,-0.00285675654928364
2021-08-31,4805.61,-0.0015927013580082808
2021-09-01,4869.46,0.013199062532390388
2021-09-02,4869.41,-1.0268131723809663e-05
2021-09-03,4843.06,-0.005426027498503923
2021-09-06,4933.73,0.018548541915601333
2021-09-07,4992.83,0.011907588997080212
2021-09-08,4972.13,-0.004154563545499115
2021-09-09,4970.01,-0.00042646754765696593
2021-09-10,5013.52,0.008716411024019849
2021-09-13,4991.66,-0.004369743429721545
2021-09-14,4917.16,-0.015037391706095098
2021-09-15,4867.32,-0.010187650455892578
2021-09-16,4807.7,-0.012324678331719355
2021-09-17,4855.94,0.009983898552888865
2021-09-22,4821.77,-0.007061617261638239
2021-09-23,4853.2,0.006497200624791112
2021-09-24,4849.43,-0.000777108926079727
2021-09-27,4877.37,0.005744967891968223
2021-09-28,4883.83,0.0013236079463849841
2021-09-29,4833.93,-0.010269946692684625
2021-09-30,4866.38,0.006690532786507023
2021-10-08,4929.94,0.012976483393466472
2021-10-11,4936.19,0.001266960973762974
2021-10-12,4883.84,-0.010661982889829814
2021-10-13,4940.11,0.011455802479321663
2021-10-14,4913.61,-0.005378692288350533
2021-10-15,4932.11,0.003757982508557735
2021-10-18,4874.78,-0.011691913152231186
2021-10-19,4922.72,0.009786248043509081
2021-10-20,4910.18,-0.002550622257610413
2021-10-21,4928.02,0.003626683652268934
2021-10-22,4959.73,0.006414019106758536
2021-10-25,4979.52,0.00398219707770767
2021-10-26,4963.1,-0.0033029553433297915
2021-10-27,4898.16,-0.013170921114790618
2021-10-28,4864.14,-0.006969697246504388
2021-10-29,4908.77,0.009133474114414477
2021-11-01,4890.69,-0.003690003431813255
2021-11-02,4839.85,-0.010449669314235055
2021-11-03,4821.11,-0.00387953650658591
2021-11-04,4868.74,0.009830984713372522
2021-11-05,4842.35,-0.0054350366359537505
2021-11-08,4848.18,0.0012032367070488861
2021-11-09,4846.74,-0.00029706279383222506
2021-11-10,4821.19,-0.005285528439303767
2021-11-11,4898.65,0.015938871395095516
2021-11-12,4888.37,-0.002100742367047616
2021-11-15,4882.38,-0.0012261086918441593
2021-11-16,4883.32,0.00019251052211375825
2021-11-17,4885.75,0.0004974885122366621
2021-11-18,4837.62,-0.009899940678267275
2021-11-19,4890.06,0.010781709100374235
2021-11-22,4912.4,0.0045580474039358535
2021-11-23,4913.35,0.0001933694634935144
2021-11-24,4916.66,0.0006734479670110573
2021-11-25,4896.44,-0.004121027731527677
2021-11-26,4860.13,-0.007443223927220215
2021-11-29,4851.42,-0.0017937409240283036
2021-11-30,4832.03,-0.004004776379308226
2021-12-01,4843.85,0.002443189845190082
2021-12-02,4856.16,0.002538143075850791
2021-12-03,4901.02,0.00919534457536796
2021-12-06,4892.62,-0.001715399393855005
2021-12-07,4922.1,0.006007321381743649
2021-12-08,4995.93,0.014888312249396815
2021-12-09,5078.69,0.01642977336321502
2021-12-10,5055.12,-0.004651763256345477
2021-12-13,5083.8,0.005657422387260618
2021-12-14,5049.7,-0.006730177868264789
2021-12-15,5005.9,-0.008711618800778207
2021-12-16,5034.73,0.005742683323773707
2021-12-17,4954.76,-0.01601116941948264
2021-12-20,4880.42,-0.015117448950187086
2021-12-21,4913.49,0.006753201873758404
2021-12-22,4914.45,0.00019536138866402708
2021-12-23,4948.74,0.006953153726040898
2021-12-24,4921.34,-0.005552147578698344
2021-12-27,4919.32,-0.0004105415751325399
2021-12-28,4955.96,0.007420583139275408
2021-12-29,4883.48,-0.01473281223566105
2021-12-30,4921.51,0.007757313512263927
2021-12-31,4940.37,0.0038248331945742843
2022-01-04,4917.77,-0.0045850514585370605
2022-01-05,4868.12,-0.010147350119881922
2022-01-06,4818.23,-0.010301184898311685
2022-01-07,4822.37,0.0008588677581253011
2022-01-10,4844.05,0.004485639223591511
2022-01-11,4797.77,-0.009599921057229547
2022-01-12,4845.58,0.009915722592007552
2022-01-13,4765.92,-0.016576356248989562
2022-01-14,4726.73,-0.008256961471415183
2022-01-17,4767.28,0.008542280149136315
2022-01-18,4813.35,0.00961739574547598
2022-01-19,4780.38,-0.006873266142930699
2022-01-20,4823.51,0.008981837558171992
2022-01-21,4779.31,-0.009205694190441116
2022-01-24,4786.74,0.0015534105496210215
2022-01-25,4678.45,-0.022882736678216893
2022-01-26,4712.31,0.007211375168279058
2022-01-27,4619.88,-0.019809502928594763
2022-01-28,4563.77,-0.012219694391238508
2022-02-07,4634.09,0.015290811148429664
2022-02-08,4608.77,-0.005478837359265011
2022-02-09,4652.06,0.009349122123392945
2022-02-10,4639.86,-0.0026259388824873184
2022-02-11,4601.4,-0.008323588352442868
2022-02-14,4551.69,-0.010862012444959839
2022-02-15,4600.1,0.010579449817421049
2022-02-16,4617.99,0.0038815031011821487
2022-02-17,4629.16,0.002415880662212573
2022-02-18,4651.24,0.004758424564108586
2022-02-21,4634.31,-0.0036465300946314574
2022-02-22,4574.15,-0.013066431505843214
2022-02-23,4623.05,0.010633771319158894
2022-02-24,4529.32,-0.020482842583403268
2022-02-25,4573.42,0.009689466035413347
2022-02-28,4581.65,0.0017979113686613782
2022-03-01,4619.69,0.008268408019219735
2022-03-02,4578.6,-0.008934328733765632
2022-03-03,4551.63,-0.005907863973662246
2022-03-04,4496.43,-0.012201661980325944
2022-03-07,4352.78,-0.03246902715210807
2022-03-08,4265.39,-0.02028110270280948
2022-03-09,4226.35,-0.00919488233400468
2022-03-10,4292.84,0.015609782174908934
2022-03-11,4306.52,0.0031816348053785447
2022-03-14,4174.76,-0.031073281758331534
2022-03-15,3983.81,-0.046818223798492105
2022-03-16,4156.08,0.04233367450780907
2022-03-17,4237.7,0.019448346903045026
2022-03-18,4265.9,0.006632509378815718
2022-03-21,4258.75,-0.0016774886186894937
2022-03-22,4255.3,-0.0008104251651861337
2022-03-23,4276.52,0.00497432992152871
2022-03-24,4251.31,-0.005912424013677314
2022-03-25,4174.57,-0.018215811749109162
2022-03-28,4148.47,-0.00627176742000838
2022-03-29,4134.14,-0.0034602653748698926
2022-03-30,4254.1,0.028603897597295702
2022-03-31,4222.6,-0.00743217171716696
2022-04-01,4276.16,0.012604358538713459
2022-04-06,4263.84,-0.0028852479031954864
2022-04-07,4209.1,-0.012921314588664216
2022-04-08,4230.77,0.005135161470400351
2022-04-11,4100.07,-0.031379962853850765
2022-04-12,4179.97,0.019300022742168296
2022-04-13,4139.74,-0.009671085544685218
2022-04-14,4191.57,0.012442381488818982
2022-04-15,4188.75,-0.0006730053521678835
2022-04-18,4166.38,-0.00535480679606593
2022-04-19,4134.9,-0.0075844088869514974
2022-04-20,4070.79,-0.01562606057334658
2022-04-21,3995.83,-0.01858576647421427
2022-04-22,4013.25,0.004350069538581677
2022-04-25,3814.91,-0.050684313507051736
2022-04-26,3784.12,-0.008103710209960037
2022-04-27,3895.54,0.029018945833929406
2022-04-28,3921.11,0.006542467990222254
2022-04-29,4016.24,0.023971364575462072
2022-05-05,4010.21,-0.0015025325354162157
2022-05-06,3908.82,-0.025608070856478867
2022-05-09,3877.44,-0.008060396107072664
2022-05-10,3919.87,0.010883347926131057
2022-05-11,3976.42,0.014323427031135401
2022-05-12,3958.74,-0.004456124200654748
2022-05-13,3988.6,0.007514499319351581
2022-05-16,3956.54,-0.008070386175319301
2022-05-17,4005.89,0.01239587209317927
2022-05-18,3991.91,-0.003495964949951282
2022-05-19,3999.6,0.001924543014664514
2022-05-20,4077.6,0.01931422392413769
2022-05-23,4053.98,-0.00580946542516787
2022-05-24,3959.15,-0.02366975885663377
2022-05-25,3983.18,0.006051139482764816
2022-05-26,3993.04,0.0024723503169295806
2022-05-27,4001.3,0.0020664627572427726
2022-05-30,4029.02,0.006903861888979784
2022-05-31,4091.52,0.015393368948359904
2022-06-01,4083.18,-0.0020404425590094025
2022-06-02,4089.57,0.0015637334562056471
2022-06-06,4166.09,0.01853811600861552
2022-06-07,4179.13,0.0031251448405102077
2022-06-08,4219.81,0.009687012435148907
2022-06-09,4175.67,-0.010515278868290012
2022-06-10,4238.99,0.015050208851421411
2022-06-13,4189.35,-0.011779442685741708
2022-06-14,4222.31,0.00783678101272181
2022-06-15,4278.22,0.013154663590148457
2022-06-16,4250.06,-0.006603934754169606
2022-06-17,4309.04,0.01378204100314752
2022-06-20,4330.43,0.00495170275624372
2022-06-21,4325.57,-0.001122920635555852
2022-06-22,4270.62,-0.012784907844165253
2022-06-23,4343.88,0.017008942177282417
2022-06-24,4394.77,0.01164723963140264
2022-06-27,4444.26,0.011198178344481736
2022-06-28,4490.52,0.010355132049391327
2022-06-29,4421.36,-0.015521166896230603
2022-06-30,4485.01,0.014293384092948589
2022-07-01,4466.72,-0.004086366646698676
2022-07-04,4496.03,0.006540426651014198
2022-07-05,4489.54,-0.0014445385498197468
2022-07-06,4423.97,-0.014712763613621886
2022-07-07,4443.47,0.0043981197353706435
2022-07-08,4428.78,-0.003311451643913865
2022-07-11,4354.62,-0.016886800625125216
2022-07-12,4313.62,-0.00945989168631905
2022-07-13,4321.46,0.0018158493387997882
2022-07-14,4322.07,0.00014114603663379897
2022-07-15,4248.53,-0.017161413406711068
2022-07-18,4292.59,0.010317239619969458
2022-07-19,4269.34,-0.005431031823123651
2022-07-20,4283.8,0.0033812176057727143
2022-07-21,4236.06,-0.011206874210108663
2022-07-22,4238.23,0.0005121373111916692
2022-07-25,4212.64,-0.006056199708393854
2022-07-26,4245.98,0.007883123406785458
2022-07-27,4225.04,-0.004943924734437172
2022-07-28,4225.67,0.0001490998983913752
2022-07-29,4170.1,-0.01323781177981093
2022-08-01,4188.68,0.004445632161798917
2022-08-02,4107.02,-0.01968794380315767
2022-08-03,4066.98,-0.009796995413870514
2022-08-04,4101.54,0.00846180365938095
2022-08-05,4156.91,0.013409496864926228
2022-08-08,4148.07,-0.0021288439800110767
2022-08-09,4156.29,0.0019796836082771768
2022-08-10,4109.74,-0.011263083269375751
2022-08-11,4193.54,0.020185479801945308
2022-08-12,4191.15,-0.0005700866853108008
2022-08-15,4185.68,-0.0013059834752443106
2022-08-16,4177.84,-0.0018748092421391452
2022-08-17,4216.96,0.009320122737521343
2022-08-18,4180.1,-0.008779319607783253
2022-08-19,4151.07,-0.006969037360355997
2022-08-22,4181.4,0.007279986355266819
2022-08-23,4161.08,-0.004871462726846126
2022-08-24,4082.42,-0.019084706128947554
2022-08-25,4116.24,0.008250175475200773
2022-08-26,4107.55,-0.0021133816000662377
2022-08-29,4089.52,-0.004399139955379259
2022-08-30,4075.79,-0.0033630108202485323
2022-08-31,4078.84,0.0007480413316662511
2022-09-01,4043.74,-0.00864262795384129
2022-09-02,4023.61,-0.004990496700456968
2022-09-05,4015.43,-0.002035069566298456
2022-09-06,4052.28,0.009135245632035893
2022-09-07,4054.98,0.0006660696955126078
2022-09-08,4037.68,-0.004275485774353514
2022-09-09,4093.79,0.01380092174768673
2022-09-13,4111.11,0.004221873691642704
2022-09-14,4065.36,-0.01119076507359907
2022-09-15,4027.12,-0.009450819681048678
2022-09-16,3932.68,-0.023730352970870634
2022-09-19,3928.0,-0.0011907368199603283
2022-09-20,3932.84,0.0012314207162627212
2022-09-21,3903.73,-0.007429304885353468
2022-09-22,3869.34,-0.008848556461146075
2022-09-23,3856.02,-0.003448386405142729
2022-09-26,3836.68,-0.0050281541582743354
2022-09-27,3892.3,0.014392833246779854
2022-09-28,3828.71,-0.016472310708984937
2022-09-29,3827.14,-0.0004101438826541175
2022-09-30,3804.89,-0.005830706387769059
2022-10-10,3720.94,-0.022310757029118024
2022-10-11,3727.69,0.0018124143225602156
2022-10-12,3784.31,0.01507483286473731
2022-10-13,3752.67,-0.008395985093546627
2022-10-14,3842.47,0.023647802352519565
2022-10-17,3846.41,0.0010248567658382604
2022-10-18,3838.27,-0.0021185014976271054
2022-10-19,3776.53,-0.01621614564812168
2022-10-20,3754.93,-0.005735955371760328
2022-10-21,3742.89,-0.0032116029322584623
2022-10-24,3633.37,-0.029697448039973876
2022-10-25,3627.45,-0.0016306701754940215
2022-10-26,3656.9,0.00808587189151876
2022-10-27,3631.14,-0.007069145414923938
2022-10-28,3541.33,-0.025044285759821868
2022-10-31,3508.7,-0.009256764297106467
2022-11-01,3634.17,0.03513515078371656
2022-11-02,3677.81,0.011936717050647685
2022-11-03,3647.9,-0.00816580678206299
2022-11-04,3767.17,0.03217239688564092
2022-11-07,3775.3,0.0021557933007738447
2022-11-08,3749.33,-0.006902692389212111
2022-11-09,3714.27,-0.009394999164874313
2022-11-10,3685.69,-0.0077244044847251
2022-11-11,3788.44,0.027496571157948988
2022-11-14,3794.02,0.0014718181190023017
2022-11-15,3865.97,0.018786477817202482
2022-11-16,3834.39,-0.008202259907489436
2022-11-17,3818.66,-0.0041107851513271804
2022-11-18,3801.57,-0.0044854364377449355
2022-11-21,3769.13,-0.008569933703021266
2022-11-22,3769.57,0.00011673100149877734
2022-11-23,3773.53,0.001049966290729706
2022-11-24,3756.81,-0.004440709842156093
2022-11-25,3775.78,0.005036790826145527
2022-11-28,3733.24,-0.011330494553618233
2022-11-29,3848.42,0.030386185136006827
2022-11-30,3853.04,0.0011997726545848466
2022-12-01,3894.77,0.010772180403977311
2022-12-02,3870.95,-0.006134672561940153
2022-12-05,3946.88,0.019425438427873504
2022-12-06,3968.2,0.0053871979972966505
2022-12-07,3958.44,-0.0024625831202904065
2022-12-08,3959.18,0.00018692485927706206
2022-12-09,3998.24,0.009817331174266935
2022-12-12,3953.44,-0.011268178303756598
2022-12-13,3945.68,-0.0019647764551893178
2022-12-14,3954.89,0.0023314784052212915
2022-12-15,3951.99,-0.0007335384197144567
2022-12-16,3954.23,0.0005666424814729427
2022-12-19,3893.22,-0.015549313280282608
2022-12-20,3829.02,-0.01662768294182204
2022-12-21,3830.54,0.00039688964377908916
2022-12-22,3836.03,0.0014321922159224205
2022-12-23,3828.22,-0.002038034433451823
2022-12-26,3843.49,0.003980864804760404
2022-12-27,3887.85,0.011475497598615993
2022-12-28,3871.26,-0.004276270160123968
2022-12-29,3856.7,-0.0037681399044427687
2022-12-30,3871.63,0.0038637114546731023
2023-01-03,3887.9,0.004193559105665985
2023-01-04,3892.95,0.001298058877651106
2023-01-05,3968.58,0.019241123115300105
2023-01-06,3980.89,0.003097064292234389
2023-01-09,4013.12,0.008063581265547801
2023-01-10,4017.47,0.0010833576176727453
2023-01-11,4010.03,-0.0018536286839693113
2023-01-12,4017.87,0.001953188876899663
2023-01-13,4074.38,0.013966676413846057
2023-01-16,4137.96,0.015484324893075295
2023-01-17,4137.24,-0.0001740139215529036
2023-01-18,4130.31,-0.0016764341607909729
2023-01-19,4156.01,0.006203014705126925
2023-01-20,4181.53,0.006121728878777943
2023-01-30,4201.35,0.004728693941021588
2023-01-31,4156.86,-0.010645920643544898
2023-02-01,4195.93,0.009355026269971381
2023-02-02,4181.15,-0.003528679524653588
2023-02-03,4141.63,-0.009496898158746308
2023-02-06,4086.88,-0.013307587395367648
2023-02-07,4094.23,0.0017968226750403882
2023-02-08,4076.14,-0.004428203266323136
2023-02-09,4130.86,0.013335155571064223
2023-02-10,4106.31,-0.005960802724917957
2023-02-13,4143.57,0.009032920078334061
2023-02-14,4145.29,0.0004150148572149143
2023-02-15,4123.69,-0.005224356360517664
2023-02-16,4093.49,-0.007350486657103042
2023-02-17,4034.51,-0.014513050008866957
2023-02-20,4133.49,0.024237229525140153
2023-02-21,4144.35,0.002623874399763394
2023-02-22,4106.95,-0.009065300286327136
2023-02-23,4103.65,-0.0008038389831907959
2023-02-24,4061.05,-0.010435260713893403
2023-02-27,4043.84,-0.004246825278551789
2023-02-28,4069.46,0.006315576931124553
2023-03-01,4126.94,0.014025899739836018
2023-03-02,4117.74,-0.002231743092156119
2023-03-03,4130.55,0.003106100852198972
2023-03-06,4109.01,-0.005228446438709863
2023-03-07,4048.85,-0.01474923340091822
2023-03-08,4034.11,-0.0036471827991763897
2023-03-09,4019.85,-0.003541118878447414
2023-03-10,3967.14,-0.013199156440451406
2023-03-13,4008.69,0.010419072592617476
2023-03-14,3984.7,-0.006002477554430798
2023-03-15,3986.9,0.0005519594700824069
2023-03-16,3939.15,-0.012049022574881758
2023-03-17,3958.82,0.004981037068741699
2023-03-20,3939.08,-0.004998807557798886
2023-03-21,3982.38,0.010932437015542789
2023-03-22,3999.44,0.004274720797623949
2023-03-23,4039.09,0.00986506775729654
2023-03-24,4027.05,-0.0029853210933228945
2023-03-27,4012.48,-0.003624593962913617
2023-03-28,3999.51,-0.003237650403883088
2023-03-29,4006.14,0.001656330595453232
2023-03-30,4038.53,0.008052580161697548
2023-03-31,4050.93,0.003065720013925533
2023-04-03,4090.57,0.009737840260357213
2023-04-04,4103.11,0.0030608981045645803
2023-04-06,4096.64,-0.001578097220704344
2023-04-07,4123.28,0.006481837602190746
2023-04-10,4104.81,-0.004489506318700838
2023-04-11,4100.15,-0.0011358984080491825
2023-04-12,4097.29,-0.0006977788470651775
2023-04-13,4068.98,-0.0069334257649321
2023-04-14,4092.0,0.0056414942944898175
2023-04-17,4149.38,0.013925077401933932
2023-04-18,4162.03,0.0030440105271925416
2023-04-19,4124.56,-0.009043588587822095
2023-04-20,4113.02,-0.0028017955635364533
2023-04-21,4032.57,-0.019753662042123383
2023-04-24,3982.64,-0.012458973842972497
2023-04-25,3962.67,-0.005026875490724412
2023-04-26,3959.23,-0.0008684785761546444
2023-04-27,3988.42,0.007345600586927416
2023-04-28,4029.09,0.010145381506763142
2023-05-04,4030.25,0.00028786476510731787
2023-05-05,4016.88,-0.003322926882615522
2023-05-08,4062.66,0.011332449604331519
2023-05-09,4027.88,-0.008597748542926838
2023-05-10,3996.87,-0.007728628145798137
2023-05-11,3990.66,-0.001554924050665389
2023-05-12,3937.76,-0.01334459703851306
2023-05-15,3998.89,0.015404788891857481
2023-05-16,3978.21,-0.005184853224313922
2023-05-17,3960.17,-0.004545015747444424
2023-05-18,3956.07,-0.0010358453929137635
2023-05-19,3944.54,-0.002918764041134686
2023-05-22,3969.33,0.006264970509651149
2023-05-23,3913.19,-0.014244416568951436
2023-05-24,3859.09,-0.013921493756836314
2023-05-25,3850.5,-0.002228394390530019
2023-05-26,3850.95,0.00011686111070312415
2023-05-29,3833.94,-0.004426876059141146
2023-05-30,3837.75,0.00099326232244409
2023-05-31,3798.54,-0.010269474992924637
2023-06-01,3806.87,0.0021905468162677316
2023-06-02,3861.83,0.01433383519976684
2023-06-05,3844.25,-0.004562638980618588
2023-06-06,3808.16,-0.009432392560504993
2023-06-07,3789.34,-0.00495427140359852
2023-06-08,3820.19,0.0081082981519133
2023-06-09,3836.7,0.004312462523771967
2023-06-12,3844.43,0.002012725369720248
2023-06-13,3864.91,0.005313048374202874
2023-06-14,3864.02,-0.0002303035488569539
2023-06-15,3925.5,0.01578563933586021
2023-06-16,3963.35,0.009595895584031558
2023-06-19,3930.91,-0.008218676000249493
2023-06-20,3924.24,-0.0016982493276517113
2023-06-21,3864.03,-0.015462021617016137
2023-06-26,3809.7,-0.014160234414327068
2023-06-27,3845.43,0.009334984373806601
2023-06-28,3840.8,-0.0012047520201733976
2023-06-29,3821.84,-0.004948696191793623
2023-06-30,3842.45,0.005378201941408666
2023-07-03,3892.88,0.013039059612126529
2023-07-04,3899.01,0.001573431161031017
2023-07-05,3868.81,-0.00777570854155971
2023-07-06,3842.75,-0.006758710092902
2023-07-07,3825.7,-0.004446799052111014
2023-07-10,3844.33,0.004857878427439454
2023-07-11,3869.49,0.006523379913585773
2023-07-12,3843.44,-0.006754916498050665
2023-07-13,3898.42,0.014203543930102216
2023-07-14,3899.1,0.0001744144296452604
2023-07-17,3867.17,-0.008222783887206436
2023-07-18,3854.94,-0.0031675306944741436
2023-07-19,3850.87,-0.001056345894452308
2023-07-20,3823.69,-0.007083171839936658
2023-07-21,3821.91,-0.0004656272973109448
2023-07-24,3805.22,-0.004376489358261702
2023-07-25,3915.12,0.028472172012146742
2023-07-26,3907.01,-0.002073604735787446
2023-07-27,3902.35,-0.0011934398089223528
2023-07-28,3992.74,0.022898776242357536
2023-07-31,4014.63,0.005467476719656432
2023-08-01,3998.0,-0.004150952653115663
2023-08-02,3969.9,-0.007053330613231962
2023-08-03,4004.98,0.008797681285074521
2023-08-04,4020.58,0.003887584080686607
2023-08-07,3990.15,-0.007597346650639252
2023-08-08,3979.73,-0.002614846380914264
2023-08-09,3967.57,-0.0030601611841621287
2023-08-10,3975.72,0.002052047164311205
2023-08-11,3884.25,-0.023275948789359627
2023-08-14,3855.91,-0.00732287876302483
2023-08-15,3846.54,-0.0024329933000819784
2023-08-16,3818.33,-0.007360888671129409
2023-08-17,3831.1,0.003338813967311588
2023-08-18,3784.0,-0.012370317033416896
2023-08-21,3729.56,-0.014491386958514523
2023-08-22,3758.23,0.007657837654772874
2023-08-23,3696.63,-0.016526508086723197
2023-08-24,3723.43,0.00722369267609935
2023-08-25,3709.15,-0.003842546617874608
2023-08-28,3752.62,0.011651522837660593
2023-08-29,3790.11,0.009940779724803797
2023-08-30,3788.51,-0.0004222404669376247
2023-08-31,3765.27,-0.006153230124916032
2023-09-01,3791.49,0.006939509848802036
2023-09-04,3848.95,0.015041302153315114
2023-09-05,3820.32,-0.007466195086607769
2023-09-06,3812.03,-0.0021723330979485146
2023-09-07,3758.47,-0.014149895949708459
2023-09-08,3739.99,-0.0049290220697804955
2023-09-11,3767.54,0.007339330956183949
2023-09-12,3760.6,-0.0018437494430212753
2023-09-13,3736.65,-0.006389031036526087
2023-09-14,3733.51,-0.0008406781608238602
2023-09-15,3708.78,-0.006645828372941821
2023-09-18,3727.71,0.005091122529052906
2023-09-19,3720.5,-0.0019360362428194945
2023-09-20,3705.69,-0.00398859162886575
2023-09-21,3672.44,-0.009013184938534738
2023-09-22,3738.93,0.0179431829486363
2023-09-25,3714.6,-0.006528473465310141
2023-09-26,3692.89,-0.005861651426068737
2023-09-27,3700.5,0.002058596310348497
2023-09-28,3689.52,-0.002971577365067408
2023-10-09,3684.73,-0.0012991153469638045
2023-10-10,3657.13,-0.007518566144329117
2023-10-11,3667.55,0.0028451774082108887
2023-10-12,3702.38,0.009451991893926058
2023-10-13,3663.41,-0.010581448456261024
2023-10-16,3626.6,-0.010098837407111694
2023-10-17,3639.4,0.0035232626592171298
2023-10-18,3610.58,-0.007950408637481041
2023-10-19,3533.54,-0.021568222954081114
2023-10-20,3510.59,-0.006516086785314904
2023-10-23,3474.24,-0.010408364458778017
2023-10-24,3487.13,0.003703298267889224
2023-10-25,3504.46,0.004957394667445236
2023-10-26,3514.14,0.002758386612053941
2023-10-27,3562.39,0.013636838316337642
2023-10-30,3583.77,0.005983651021218901
2023-10-31,3572.51,-0.003146888968075254
2023-11-01,3571.03,-0.00041436039307563005
2023-11-02,3554.19,-0.004726880392527961
2023-11-03,3584.14,0.008391367657148254
2023-11-06,3632.61,0.013432841328851535
2023-11-07,3619.76,-0.003543672881309806
2023-11-08,3611.07,-0.002403597978023452
2023-11-09,3612.83,0.0004872714281269103
2023-11-10,3586.49,-0.007317390400598795
2023-11-13,3579.41,-0.001976025985224566
2023-11-14,3582.06,0.000740071555407503
2023-11-15,3607.25,0.007007655278234348
2023-11-16,3572.36,-0.009719267384748816
2023-11-17,3568.07,-0.001201608451082387
2023-11-20,3576.32,0.00230950540689902
2023-11-21,3581.07,0.0013272996713465236
2023-11-22,3544.42,-0.010287102558568328
2023-11-23,3561.52,0.004812884152829513
2023-11-24,3538.01,-0.0066229978426798584
2023-11-27,3511.94,-0.007395830844751728
2023-11-28,3518.52,0.0018718553042825952
2023-11-29,3488.31,-0.008623068404483208
2023-11-30,3496.2,0.002259286150674968
2023-12-01,3482.88,-0.0038171266623113387
2023-12-04,3460.14,-0.006550487053838463
2023-12-05,3394.26,-0.019223281025937622
2023-12-06,3399.6,0.0015720079894752167
2023-12-07,3391.28,-0.0024503463948441443
2023-12-08,3399.46,0.002409164231421667
2023-12-11,3419.45,0.005863123949435874
2023-12-12,3426.8,0.0021471616794043794
2023-12-13,3369.61,-0.01682987044333519
2023-12-14,3351.96,-0.005251761290005352
2023-12-15,3341.55,-0.003110478177555749
2023-12-18,3329.37,-0.00365167429222454
2023-12-19,3334.04,0.0014016849524804839
2023-12-20,3297.5,-0.011020176247778877
2023-12-21,3330.87,0.010068925521500986
2023-12-22,3337.23,0.0019075904466392657
2023-12-25,3347.45,0.003057740374375773
2023-12-26,3324.79,-0.006792347733311904
2023-12-27,3336.36,0.0034738781247672487
2023-12-28,3414.54,0.023162391753022177
2023-12-29,3431.11,0.004841039889780537
2024-01-02,3386.35,-0.013131178812654102
2024-01-03,3378.3,-0.002380020784500016
2024-01-04,3347.05,-0.009293263520224629
2024-01-05,3329.11,-0.005374359865903924
2024-01-08,3286.06,-0.0130157222726448
2024-01-09,3292.5,0.0019578759051197482
2024-01-10,3277.13,-0.004679115275200546
2024-01-11,3295.67,0.005641446315425622
2024-01-12,3284.17,-0.0034955292863075977
2024-01-15,3280.92,-0.0009900855176363176
2024-01-16,3300.88,0.00606522871828531
2024-01-17,3229.08,-0.021991832648351802
2024-01-18,3274.73,0.014038155999019884
2024-01-19,3269.78,-0.0015127185821186507
2024-01-22,3218.9,-0.015683018072594705
2024-01-23,3231.93,0.004039795722640306
2024-01-24,3277.11,0.013882454432001192
2024-01-25,3342.92,0.01988274010990218
2024-01-26,3333.82,-0.002725882881390535
2024-01-29,3303.96,-0.008997044621056601
2024-01-30,3245.04,-0.01799407231144153
2024-01-31,3215.35,-0.00919146027548952
2024-02-01,3217.71,0.0007337099625595144
2024-02-02,3179.63,-0.011905088602160056
2024-02-05,3200.42,0.006517213371768122
2024-02-06,3311.69,0.03417658191538074
2024-02-07,3343.63,0.009598410059194127
2024-02-08,3364.93,0.006350117335176006
2024-02-19,3403.81,0.011488231964163018
2024-02-20,3410.85,0.0020661346287058815
2024-02-21,3456.87,0.01340202827692924
2024-02-22,3486.67,0.0085835706184528
2024-02-23,3489.74,0.0008801088806897493
2024-02-26,3453.36,-0.010479564730709583
2024-02-27,3494.79,0.011925617902502648
2024-02-28,3450.26,-0.012823697521125327
2024-02-29,3516.08,0.018897142170125163
2024-03-01,3537.8,0.00615833233463285
2024-03-04,3540.87,0.0008673946355691949
2024-03-05,3565.51,0.006934641475177583
2024-03-06,3551.05,-0.004063766735502964
2024-03-07,3529.72,-0.006024786716629451
2024-03-08,3544.91,0.0042942241056892145
2024-03-11,3589.26,0.012433281327585767
2024-03-12,3597.49,0.0022903269482324263
2024-03-13,3572.36,-0.007009938256912543
2024-03-14,3562.22,-0.002842495795804467
2024-03-15,3569.99,0.0021788486525016887
2024-03-18,3603.53,0.009351125919878515
2024-03-19,3577.63,-0.0072133505737856565
2024-03-20,3585.38,0.002163895631606829
2024-03-21,3581.09,-0.0011972422998872967
2024-03-22,3545.0,-0.010129063360897993
2024-03-25,3525.76,-0.0054421441219308425
2024-03-26,3543.75,0.005089472631765159
2024-03-27,3502.79,-0.011625694691037877
2024-03-28,3520.96,0.005173885896523502
2024-03-29,3537.48,0.004680929543715572
2024-04-01,3595.65,0.01631017226226547
2024-04-02,3580.68,-0.0041720549958076955
2024-04-03,3567.8,-0.003603567174553876
2024-04-08,3536.41,-0.008837071055096742
2024-04-09,3533.49,-0.0008260371903522452
2024-04-10,3504.71,-0.008178272970448205
2024-04-11,3504.24,-0.00013411423985187746
2024-04-12,3475.84,-0.00813748745499239
2024-04-15,3549.08,0.020852238547016604
2024-04-16,3511.11,-0.010756188170404489
2024-04-17,3565.4,0.015344022734723432
2024-04-18,3569.8,0.0012333222776462955
2024-04-19,3541.66,-0.007914028025612401
2024-04-22,3530.9,-0.003042747831512267
2024-04-23,3506.22,-0.007014261853612999
2024-04-24,3521.62,0.004382576908111354
2024-04-25,3530.28,0.002456076902202081
2024-04-26,3584.27,0.015177639183741293
2024-04-29,3623.91,0.010998726338679585
2024-04-30,3604.39,-0.005401006447231014
2024-05-06,3657.88,0.014731197631176092
2024-05-07,3659.01,0.00030887440127803754
2024-05-08,3630.22,-0.007899366519597823
2024-05-09,3664.56,0.009415021060336416
2024-05-10,3666.28,0.0004692504628560264
2024-05-13,3664.69,-0.00043377616466345553
2024-05-14,3657.05,-0.0020869363765652015
2024-05-15,3626.06,-0.008510152127695254
2024-05-16,3640.36,0.003935918501998373
2024-05-17,3677.97,0.010278391684853226
2024-05-20,3690.96,0.003525617275628353
2024-05-21,3676.16,-0.0040178577001371936
2024-05-22,3684.45,0.002252531653006578
2024-05-23,3641.79,-0.01164594175356123
2024-05-24,3601.48,-0.01113044692679236
2024-05-27,3635.71,0.009459543068441859
2024-05-28,3609.17,-0.007326586146257605
2024-05-29,3613.52,0.0012045375132963602
2024-05-30,3594.31,-0.0053303270147806
2024-05-31,3579.92,-0.004011585716646364
2024-06-03,3588.75,0.0024634986589266786
2024-06-04,3615.67,0.007473224850302389
2024-06-05,3594.79,-0.005791602301154448
2024-06-06,3592.25,-0.0007068278751056671
2024-06-07,3574.11,-0.005062553023615339
2024-06-11,3542.88,-0.008776238395848745
2024-06-12,3544.12,0.00034993650702783586
2024-06-13,3526.13,-0.0050889399453673085
2024-06-14,3541.53,0.0043578848931562116
2024-06-17,3536.2,-0.0015061329006798101
2024-06-18,3545.59,0.0026518734678317515
2024-06-19,3528.75,-0.004760877144121661
2024-06-20,3503.28,-0.007244028077266698
2024-06-21,3495.62,-0.0021889162749807274
2024-06-24,3476.81,-0.005395549509415396
2024-06-25,3457.9,-0.005453738330917991
2024-06-26,3480.26,0.006445535246229305
2024-06-27,3454.12,-0.007539282190488493
2024-06-28,3461.66,0.002180521354791317
2024-07-01,3478.18,0.004760925670932921
2024-07-02,3471.79,-0.00183885737653354
2024-07-03,3463.41,-0.002416658230024226
2024-07-04,3445.81,-0.005094652672234885
2024-07-05,3431.06,-0.004289748859306832
2024-07-08,3401.76,-0.00857630658842843
2024-07-09,3439.81,0.011123292553874994
2024-07-10,3428.97,-0.0031563127656688995
2024-07-11,3468.17,0.011367152788592206
2024-07-12,3472.4,0.0012189202107989584
2024-07-15,3476.25,0.0011081290305216282
2024-07-16,3498.28,0.006317292567306712
2024-07-17,3501.58,0.0009428760702296697
2024-07-18,3520.93,0.005510864056011772
2024-07-19,3539.02,0.005124693401702666
2024-07-22,3514.92,-0.006833087259370552
2024-07-23,3439.88,-0.021580178345991928
2024-07-24,3418.17,-0.006331266911232854
2024-07-25,3399.27,-0.005544617457537774
2024-07-26,3409.29,0.002943355785625811
2024-07-29,3390.74,-0.005455871816472298
2024-07-30,3369.38,-0.0063194354788742085
2024-07-31,3442.08,0.021347188642802835
2024-08-01,3419.27,-0.006648861821877121
2024-08-02,3384.39,-0.010253394667999802
2024-08-05,3343.32,-0.012209358068470491
2024-08-06,3342.98,-0.00010170049213856924
2024-08-07,3341.49,-0.0004458094732051419
2024-08-08,3342.94,0.0004338440294067839
2024-08-09,3331.63,-0.003388985605011556
2024-08-12,3325.86,-0.0017333864398520755
2024-08-13,3334.39,0.002561466810962599
2024-08-14,3309.24,-0.007571198317615975
2024-08-15,3341.95,0.00983591318571077
2024-08-16,3345.63,0.001100547693317137
2024-08-19,3356.97,0.003383764754011574
2024-08-20,3332.7,-0.00725599513382585
2024-08-21,3321.64,-0.003324149407570505
2024-08-22,3313.14,-0.0025622566687428165
2024-08-23,3327.19,0.004231723714536875
2024-08-26,3324.22,-0.0008930437899297227
2024-08-27,3305.33,-0.005698743088774853
2024-08-28,3286.5,-0.005713148311674306
2024-08-29,3277.68,-0.0026873136653521577
2024-08-30,3321.43,0.013259558029344752
2024-09-02,3265.01,-0.01713258757464595
2024-09-03,3273.43,0.0025755393196043737
2024-09-04,3252.16,-0.00651897386318018
2024-09-05,3257.76,0.0017204516741562998
2024-09-06,3231.35,-0.008139836070062648
2024-09-09,3192.95,-0.011954752215940256
2024-09-10,3195.76,0.0008796768615906063
2024-09-11,3186.13,-0.0030179170462126975
2024-09-12,3172.47,-0.004296549873876413
2024-09-13,3159.25,-0.004175806640266394
2024-09-18,3171.01,0.0037154914738971863
2024-09-19,3196.04,0.007862394339713518
2024-09-20,3201.05,0.001566337514182197
2024-09-23,3212.76,0.003651499814064667
2024-09-24,3351.91,0.04239995181886284
2024-09-25,3401.53,0.014694997785106793
2024-09-26,3545.32,0.041403093490775825
2024-09-27,3703.68,0.043698496070025815
2024-09-30,4017.85,0.08142001372663064
2024-10-08,4256.1,0.05760631431399972
2024-10-09,3955.98,-0.07312488986795551
2024-10-10,3997.79,0.010513350299567317
2024-10-11,3887.17,-0.028060321993123114
2024-10-14,3961.34,0.01890096542347296
2024-10-15,3855.99,-0.026954568481933644
2024-10-16,3831.59,-0.006347922736516505
2024-10-17,3788.22,-0.01138360886856276
2024-10-18,3925.23,0.03552869646478686
2024-10-21,3935.2,0.0025367582553448343
2024-10-22,3957.78,0.005721555508458946
2024-10-23,3973.21,0.0038910702114265863
2024-10-24,3928.83,-0.01123266058576962
2024-10-25,3956.42,0.006997904338259253
2024-10-28,3964.16,0.001954402951223441
2024-10-29,3924.65,-0.010016803638798881
2024-10-30,3889.45,-0.009009415824495185
2024-10-31,3891.04,0.0004087146239205566
2024-11-01,3890.02,-0.0002621750779052402
2024-11-04,3944.76,0.013973816940008515
2024-11-05,4044.57,0.02498712483534458
2024-11-06,4024.28,-0.005029227899007868
2024-11-07,4145.7,0.029725639613753543
2024-11-08,4104.05,-0.010097361465290723
2024-11-11,4131.13,0.006576686267230706
2024-11-12,4085.74,-0.01104811484036971
2024-11-13,4110.89,0.006136687620839837
2024-11-14,4039.62,-0.017488921934567015
2024-11-15,3968.83,-0.01767928720723438
2024-11-18,3950.38,-0.004659564118511054
2024-11-19,3976.89,0.006688329986048932
2024-11-20,3985.77,0.0022304113653737645
2024-11-21,3989.3,0.0008852587451981715
2024-11-22,3865.7,-0.03147299872513023
2024-11-25,3848.09,-0.004565856885664105
2024-11-26,3840.18,-0.002057680802298798
2024-11-27,3907.04,0.017260813553785604
2024-11-28,3872.55,-0.008866849273446841
2024-11-29,3916.58,0.011305619236287695
2024-12-02,3947.63,0.007896574823334484
2024-12-03,3951.89,0.0010785466491528616
2024-12-04,3930.56,-0.005412036121558522
2024-12-05,3921.59,-0.0022847255597327064
2024-12-06,3973.14,0.013059530258288314
2024-12-09,3966.57,-0.0016549726626202382
2024-12-10,3995.64,0.0073020252333331915
2024-12-11,3988.83,-0.0017058118200226579
2024-12-12,4028.5,0.00989614341727523
2024-12-13,3933.18,-0.02394583924231057
2024-12-16,3911.84,-0.005440407452152503
2024-12-17,3922.03,0.0026015253628419175
2024-12-18,3941.89,0.0050509268207490805
2024-12-19,3945.46,0.0009052470712706606
2024-12-20,3927.74,-0.004501353940071771
2024-12-23,3933.57,0.0014832136294832402
2024-12-24,3983.69,0.01266111496499622
2024-12-25,3985.63,0.00048686714508168434
2024-12-26,3987.48,0.00046405982940164855
2024-12-27,3981.03,-0.0016188726395905701
2024-12-30,3999.05,0.004516253127486869
2024-12-31,3934.91,-0.01616882296904227
2025-01-02,3820.4,-0.029532880764811566
2025-01-03,3775.16,-0.01191236326967802
2025-01-06,3768.97,-0.00164101132644771
2025-01-07,3796.11,0.007175103616954944
2025-01-08,3789.22,-0.001816665034983625
2025-01-09,3779.88,-0.002467930068456611
2025-01-10,3732.48,-0.012619371017896867
2025-01-13,3722.51,-0.0026747201388297053
2025-01-14,3820.54,0.025993601945359598
2025-01-15,3796.03,-0.006435990112166634
2025-01-16,3800.38,0.0011452779603726324
2025-01-17,3812.34,0.003142112107093698
2025-01-20,3829.68,0.004538074948377353
2025-01-21,3832.61,0.0007647844555119118
2025-01-22,3797.02,-0.009329484691561016
2025-01-23,3803.74,0.0017682446889377922
2025-01-24,3832.86,0.007626467575123772
2025-01-27,3817.08,-0.004125528404477373
2025-02-05,3795.08,-0.0057802414173679685
2025-02-06,3842.83,0.012503583336197784
2025-02-07,3892.7,0.012893929936185017
2025-02-10,3901.06,0.0021453068111663234
2025-02-11,3883.14,-0.004604206381320783
2025-02-12,3919.86,0.009411834182346597
2025-02-13,3905.14,-0.003762304757414851
2025-02-14,3939.01,0.008635788579484658
2025-02-17,3947.4,0.0021277116369139253
2025-02-18,3912.78,-0.008809015537078716
2025-02-19,3940.16,0.006973212821578064
2025-02-20,3928.9,-0.0028618431388465655
2025-02-21,3978.44,0.012530294177507836
2025-02-24,3969.72,-0.0021942194164708663
2025-02-25,3925.65,-0.011163620625657013
2025-02-26,3959.94,0.008696931017549243
2025-02-27,3968.12,0.002063557264379842
2025-02-28,3890.05,-0.01987041988264526
2025-03-03,3888.47,-0.0004062469523071474
2025-03-04,3885.22,-0.0008361537929487762
2025-03-05,3902.57,0.004455700193380122
2025-03-06,3956.24,0.013658768794714176
2025-03-07,3944.01,-0.003096107026893139
2025-03-10,3928.8,-0.00386393649123421
2025-03-11,3941.42,0.0032070287276403237
2025-03-12,3927.23,-0.003606721707657249
2025-03-13,3911.58,-0.003992958317208264
2025-03-14,4006.56,0.023991633342726585
2025-03-17,3996.79,-0.0024414788440089387
2025-03-18,4007.72,0.0027309621183892454
2025-03-19,4010.17,0.0006111333720600623
2025-03-20,3974.99,-0.008811402054979331
2025-03-21,3914.7,-0.015283534225686582
2025-03-24,3934.85,0.005134063547713513
2025-03-25,3932.3,-0.0006482652775916042
2025-03-26,3919.36,-0.003296121257277831
2025-03-27,3932.41,0.003324094316680475
2025-03-28,3915.17,-0.004393718250593485
2025-03-31,3887.31,-0.007141349520225099
2025-04-01,3887.68,9.517697136045976e-05
2025-04-02,3884.39,-0.0008466213496568155
2025-04-03,3861.5,-0.005910248307401816
2025-04-07,3589.44,-0.07305950755245996
2025-04-08,3650.76,0.01693916362315644
2025-04-09,3686.79,0.009820795656516557
2025-04-10,3735.12,0.013023785828332635
2025-04-11,3750.52,0.004114550452925472
2025-04-14,3759.14,0.0022957108007082517
2025-04-15,3761.23,0.0005558237304301723
2025-04-16,3772.82,0.003076700882702502
2025-04-17,3772.22,-0.00015904488280124072
2025-04-18,3772.52,7.952560330999825e-05
2025-04-21,3784.88,0.003270969121712265
2025-04-22,3783.95,-0.00024574472003748867
2025-04-23,3786.88,0.0007740234944606626
2025-04-24,3784.36,-0.0006656769810641988
2025-04-25,3786.99,0.0006947242184759008
2025-04-28,3781.62,-0.0014190190539855134
2025-04-29,3775.08,-0.0017309147201439595
2025-04-30,3770.57,-0.0011953908641536256
2025-05-06,3808.54,0.010019729932918926
2025-05-07,3831.63,0.0060443865250728495
2025-05-08,3852.9,0.005535811381724853
2025-05-09,3846.16,-0.001750863539653442
2025-05-12,3890.61,0.01149070971058761
2025-05-13,3896.26,0.0014511609906195577
2025-05-14,3943.21,0.011977993750640162
2025-05-15,3907.2,-0.009174107482928228
2025-05-16,3889.09,-0.004645807832477353
2025-05-19,3877.15,-0.003074849452868914
2025-05-20,3898.17,0.005406864594260267
2025-05-21,3916.38,0.004660545510906395
2025-05-22,3913.87,-0.0006411034350041646
2025-05-23,3882.27,-0.008106620213424655
2025-05-26,3860.11,-0.005724353625617627
2025-05-27,3839.4,-0.005379576088689984
2025-05-28,3836.24,-0.0008233841552053229
2025-05-29,3858.7,0.0058376189501768766
2025-05-30,3840.23,-0.004798078547018963
2025-06-03,3852.01,0.0030628293472223685
2025-06-04,3868.74,0.004333782646704678
2025-06-05,3877.56,0.002277217203439771
2025-06-06,3873.98,-0.0009236874877862765
2025-06-09,3885.25,0.002904929464718703
2025-06-10,3865.47,-0.005104053027667636
2025-06-11,3894.63,0.007515402443104229
2025-06-12,3892.2,-0.0006241307640932019
2025-06-13,3864.18,-0.007225051348718301
2025-06-16,3873.8,0.0024864383097925654
2025-06-17,3870.38,-0.0008832439902828341
2025-06-18,3874.97,0.001185227404138567
2025-06-19,3843.09,-0.008261190327628757
2025-06-20,3846.64,0.0009233094665735738
2025-06-23,3857.9,0.002922954002912534
2025-06-24,3904.03,0.011886358965835675
2025-06-25,3960.07,0.01425234893028315
2025-06-26,3946.02,-0.003554225866534386
2025-06-27,3921.76,-0.006166943378269668
2025-06-30,3936.08,0.003644771553675212
2025-07-01,3942.76,0.0016956814964140324
2025-07-02,3943.68,0.0002333118629375644
2025-07-03,3968.07,0.006165532849999087
2025-07-04,3982.2,0.0035546000017413824
2025-07-07,3965.17,-0.00428570107246995
2025-07-08,3998.45,0.00835805669703756
2025-07-09,3991.4,-0.0017647394706168296
2025-07-10,4010.02,0.0046541822854642275
2025-07-11,4014.81,0.0011937949012927403
2025-07-14,4017.67,0.0007121088682097374
2025-07-15,4019.06,0.00034591183574905055
2025-07-16,4007.2,-0.0029553013811939094
2025-07-17,4034.49,0.006787156620196248
2025-07-18,4058.55,0.00594586728433349
2025-07-21,4085.61,0.006645277003414717
2025-07-22,4118.96,0.008129660342650571
2025-07-23,4119.77,0.00019663224856516611
2025-07-24,4149.04,0.007079645621147921
2025-07-25,4127.16,-0.005287463080977002
2025-07-28,4135.82,0.002096096849013368
2025-07-29,4152.02,0.003909346858056
2025-07-30,4151.24,-0.0001878780147304091
2025-07-31,4075.59,-0.01839156330441652
2025-08-01,4054.93,-0.0050820967088656315
2025-08-04,4070.7,0.0038815500582222453
2025-08-05,4103.45,0.008013108455154466
2025-08-06,4113.49,0.002443733311045885
2025-08-07,4114.67,0.00028681989851669644
2025-08-08,4104.97,-0.0023602017856895778
2025-08-11,4122.51,0.004263766444320599
2025-08-12,4143.83,0.0051582797884577375
2025-08-13,4176.58,0.007872248875371975
2025-08-14,4173.31,-0.0007832438911579379
2025-08-15,4202.35,0.0069344066898650025
2025-08-18,4239.41,0.008780215994314552
2025-08-19,4223.37,-0.003790721065020081
2025-08-20,4271.4,0.011308254802686081
2025-08-21,4288.07,0.0038951059063758045
2025-08-22,4378.0,0.020755250838550086
2025-08-25,4469.22,0.02062189765420018
2025-08-26,4452.59,-0.0037279474141999904
2025-08-27,4386.13,-0.015038660021342194
2025-08-28,4463.78,0.017548651391104012
2025-08-29,4496.76,0.0073611967413575105
2025-09-01,4523.71,0.005975316183323349
2025-09-02,4490.45,-0.007379534185763139
2025-09-03,4459.83,-0.006842270735762473
2025-09-04,4365.21,-0.021444350613634745
2025-09-05,4460.32,0.02155421423711463
2025-09-08,4467.57,0.0016241243101468225
2025-09-09,4436.26,-0.007032957515086612
2025-09-10,4445.36,0.002049176430501433
2025-09-11,4548.03,0.022833316609972287
2025-09-12,4522.0,-0.005739798316824564
2025-09-15,4533.06,0.002442834282708112
2025-09-16,4523.34,-0.002146549121552741
2025-09-17,4551.02,0.006100724646456146
2025-09-18,4498.11,-0.011694075111819394
2025-09-19,4501.92,0.0008466638950307663
2025-09-22,4522.61,0.004585288375209853
2025-09-23,4519.78,-0.0006259407285905066
2025-09-24,4566.07,0.010189558602081816
2025-09-25,4593.49,0.005987205042488393
2025-09-26,4550.05,-0.009501861824321185
2025-09-29,4620.05,0.015267305632437719
2025-09-30,4640.69,0.004457534533033952
2025-10-09,4709.48,0.014714436457453947
2025-10-10,4616.83,-0.019869176135609682
2025-10-13,4593.98,-0.00496157164792668
2025-10-14,4539.06,-0.012026808595242956
2025-10-15,4606.29,0.014702818613649382
2025-10-16,4618.42,0.0026298944880156715
2025-10-17,4514.23,-0.02281802557004006
2025-10-20,4538.22,0.0053002349997063524
2025-10-21,4607.87,0.015230846501126912
2025-10-22,4592.57,-0.003325930956305165
2025-10-23,4606.34,0.0029938352011483122
2025-10-24,4660.68,0.011727744803730046
2025-10-27,4716.02,0.011803863309588335
2025-10-28,4691.97,-0.005112686639339897
2025-10-29,4747.84,0.011837240871396117
2025-10-30,4709.91,-0.008020978214785781
2025-10-31,4640.67,-0.014810047199796582
2025-11-03,4653.4,0.0027393828453463175
2025-11-04,4618.7,-0.007484854995059839
2025-11-05,4627.26,0.0018516200471690837
2025-11-06,4693.4,0.014192366243192622
2025-11-07,4678.79,-0.003117737014389061
2025-11-10,4695.05,0.0034692327388138977
2025-11-11,4652.17,-0.009174984819875002
2025-11-12,4645.91,-0.0013465147526876727
2025-11-13,4702.07,0.012015574630851058
2025-11-14,4628.14,-0.01584777776695413
2025-11-17,4598.05,-0.0065227589470807056
2025-11-18,4568.19,-0.006515235391049364
2025-11-19,4588.29,0.004390340455232635
2025-11-20,4564.95,-0.005099844554790279
2025-11-21,4453.61,-0.024692557825260652
2025-11-24,4448.05,-0.0012492053668726481
2025-11-25,4490.4,0.009475986753556627
2025-11-26,4517.63,0.006045735402762173
2025-11-27,4515.4,-0.0004937435268793628
2025-11-28,4526.66,0.0024905841855706245
2025-12-01,4576.49,0.010947968057072403
2025-12-02,4554.33,-0.004853899980086497
2025-12-03,4531.05,-0.0051247280685855455
2025-12-04,4546.57,0.00341940180841433
2025-12-05,4584.54,0.008316670997439825
2025-12-08,4621.75,0.008083647728857519
2025-12-09,4598.22,-0.005104149164101791
2025-12-10,4591.83,-0.0013906346602648224
2025-12-11,4552.18,-0.008672398325831023
2025-12-12,4580.95,0.00630016109736264
2025-12-15,4552.06,-0.006326522441089765
2025-12-16,4497.55,-0.012047073688356776
2025-12-17,4579.88,0.018139992841345907
2025-12-18,4552.79,-0.00593256505565338
2025-12-19,4568.18,0.0033746442769563307
2025-12-22,4611.62,0.009464329126054912
2025-12-23,4620.73,0.001973496012762885
2025-12-24,4634.06,0.002880672434058204
2025-12-25,4642.54,0.0018282565513331069
2025-12-26,4657.24,0.003161367740516296
2025-12-29,4639.37,-0.003844416837792311
2025-12-30,4651.28,0.002563869379241446
2025-12-31,4629.94,-0.004598541486067976
2026-01-05,4717.75,0.018788081976176343
2026-01-06,4790.69,0.015342460125919973
2026-01-07,4776.67,-0.002930800144554366
2026-01-08,4737.65,-0.008202418831998601
2026-01-09,4758.92,0.0044795195669895685
2026-01-12,4789.92,0.006492958078550594
2026-01-13,4761.03,-0.006049678432218376
2026-01-14,4741.93,-0.00401980555942028
2026-01-15,4751.43,0.0020013995405420847
2026-01-16,4731.87,-0.004125152159587389
2026-01-19,4734.46,0.0005472025726184734
2026-01-20,4718.88,-0.003296192479322571
2026-01-21,4723.07,0.0008875285878533164
2026-01-22,4723.71,0.00013549590463187363
2026-01-23,4702.5,-0.00450022560402361
2026-01-26,4706.96,0.000947982208119349
2026-01-27,4705.69,-0.0002698496189080285
2026-01-28,4717.99,0.0026104466587982943
2026-01-29,4753.87,0.007576161729698932
2026-01-30,4706.34,-0.010048487281566182
2026-02-02,4605.98,-0.0215550766625216
2026-02-03,4660.11,0.011683593782502484
2026-02-04,4698.68,0.008242565196965507
2026-02-05,4670.42,-0.006032614809138107
2026-02-06,4643.6,-0.005759075915255483
2026-02-09,4719.06,0.01611969973984665
2026-02-10,4724.3,0.001109774600946704
2026-02-11,4713.82,-0.0022207821700020057
2026-02-12,4719.58,0.0012211929348548197
2026-02-13,4660.41,-0.012616385487479871
2026-02-24,4707.54,0.010062051492289366
2026-02-25,4735.89,0.006004192368417806
2026-02-26,4726.87,-0.0019064211143237106
2026-02-27,4710.65,-0.0034373470933929087
2026-03-02,4728.67,0.003818076278980116
2026-03-03,4655.9,-0.015508746496622781
2026-03-04,4602.62,-0.0115095259635223
2026-03-05,4647.69,0.009744615400800386
2026-03-06,4660.44,0.002739542308532276
2026-03-09,4615.46,-0.009698326320558536
2026-03-10,4674.76,0.012766286563961166
2026-03-11,4704.5,0.006341672940212212
2026-03-12,4687.56,-0.0036073062500733386
2026-03-13,4669.14,-0.003937290667855059
2026-03-16,4671.56,0.0005181624619451721
2026-03-17,4637.44,-0.007330573164234333
2026-03-18,4658.33,0.004494524964824974
2026-03-19,4583.25,-0.016248661348293388
2026-03-20,4567.02,-0.0035474400253333476
2026-03-23,4418.0,-0.033173808437738816
2026-03-24,4474.72,0.012756674938917361
2026-03-25,4537.47,0.01392580806202187
