date,close,code,name,return
2019-01-02,1799.28,600887.SH,伊利股份,
2019-01-03,1786.34,600887.SH,伊利股份,-0.007217751003580264
2019-01-04,1802.16,600887.SH,伊利股份,0.008817111600402085
2019-01-07,1820.13,600887.SH,伊利股份,0.00992198163163242
2019-01-08,1807.91,600887.SH,伊利股份,-0.0067364451393145
2019-01-09,1822.29,600887.SH,伊利股份,0.007922469954243878
2019-01-10,1843.85,600887.SH,伊利股份,0.011761824999176839
2019-01-11,1873.33,600887.SH,伊利股份,0.015861818953136462
2019-01-14,1850.32,600887.SH,伊利股份,-0.01235899877136975
2019-01-15,1915.75,600887.SH,伊利股份,0.03475059376327008
2019-01-16,1908.56,600887.SH,伊利股份,-0.003760159857070667
2019-01-17,1913.59,600887.SH,伊利股份,0.002632027996706879
2019-01-18,1940.91,600887.SH,伊利股份,0.014175876252215563
2019-01-21,1964.63,600887.SH,伊利股份,0.012146997165841547
2019-01-22,1939.47,600887.SH,伊利股份,-0.012889192551913344
2019-01-23,1930.12,600887.SH,伊利股份,-0.004832562724416985
2019-01-24,1933.0,600887.SH,伊利股份,0.0014910230764543769
2019-01-25,1939.47,600887.SH,伊利股份,0.0033415396479627934
2019-01-28,1923.65,600887.SH,伊利股份,-0.008190316860673253
2019-01-29,1930.12,600887.SH,伊利股份,0.0033577541362563774
2019-01-30,1915.75,600887.SH,伊利股份,-0.007472986281362961
2019-01-31,1921.5,600887.SH,伊利股份,0.002996940154384964
2019-02-01,1947.38,600887.SH,伊利股份,0.013378748383291379
2019-02-11,1999.14,600887.SH,伊利股份,0.026232208677381536
2019-02-12,1993.39,600887.SH,伊利股份,-0.0028803810994288232
2019-02-13,2016.4,600887.SH,伊利股份,0.01147703624233309
2019-02-14,2050.9,600887.SH,伊利股份,0.01696497797121121
2019-02-15,2010.64,600887.SH,伊利股份,-0.01982564184742335
2019-02-18,2039.4,600887.SH,伊利股份,0.014202567597861563
2019-02-19,2011.36,600887.SH,伊利股份,-0.013844536763604526
2019-02-20,2019.99,600887.SH,伊利股份,0.0042814507214262495
2019-02-21,2016.4,600887.SH,伊利股份,-0.0017788176794713804
2019-02-22,2016.4,600887.SH,伊利股份,0.0
2019-02-25,2089.01,600887.SH,伊利股份,0.035376526316048415
2019-02-26,2071.75,600887.SH,伊利股份,-0.00829660879537244
2019-02-27,2097.63,600887.SH,伊利股份,0.012414475237506727
2019-02-28,2127.11,600887.SH,伊利股份,0.013956114928320823
2019-03-01,2182.47,600887.SH,伊利股份,0.025693012019837373
2019-03-04,2193.97,600887.SH,伊利股份,0.005255425171449511
2019-03-05,2177.43,600887.SH,伊利股份,-0.007567405833853163
2019-03-06,2147.24,600887.SH,伊利股份,-0.013961985736495123
2019-03-07,2090.45,600887.SH,伊利股份,-0.026803942728364456
2019-03-08,2077.5,600887.SH,伊利股份,-0.006214106057950291
2019-03-11,2110.57,600887.SH,伊利股份,0.01579280543877503
2019-03-12,2116.33,600887.SH,伊利股份,0.0027254032815322397
2019-03-13,2078.94,600887.SH,伊利股份,-0.017825308037216325
2019-03-14,2075.35,600887.SH,伊利股份,-0.0017283342730779788
2019-03-15,2094.76,600887.SH,伊利股份,0.009309174181745195
2019-03-18,2236.39,600887.SH,伊利股份,0.065423970349123
2019-03-19,2199.72,600887.SH,伊利股份,-0.01653287915121098
2019-03-20,2193.25,600887.SH,伊利股份,-0.002945617510780321
2019-03-21,2169.53,600887.SH,伊利股份,-0.010873907794710529
2019-03-22,2190.38,600887.SH,伊利股份,0.009564490526342255
2019-03-25,2136.46,600887.SH,伊利股份,-0.02492479104052867
2019-03-26,2149.4,600887.SH,伊利股份,0.00603847970745675
2019-03-27,2210.51,600887.SH,伊利股份,0.028034524712391637
2019-03-28,2217.69,600887.SH,伊利股份,0.003242855468198731
2019-03-29,2275.93,600887.SH,伊利股份,0.025922646473836446
2019-04-01,2323.38,600887.SH,伊利股份,0.02063426190647116
2019-04-02,2290.31,600887.SH,伊利股份,-0.01433584240247762
2019-04-03,2291.74,600887.SH,伊利股份,0.0006241747891999057
2019-04-04,2324.1,600887.SH,伊利股份,0.014021512951293355
2019-04-08,2291.02,600887.SH,伊利股份,-0.014335734078266507
2019-04-09,2462.13,600887.SH,伊利股份,0.0720296957222033
2019-04-10,2497.36,600887.SH,伊利股份,0.014207344945549807
2019-04-11,2413.24,600887.SH,伊利股份,-0.03426393096480978
2019-04-12,2390.24,600887.SH,伊利股份,-0.009576463636636374
2019-04-15,2390.24,600887.SH,伊利股份,0.0
2019-04-16,2452.78,600887.SH,伊利股份,0.025828295843788936
2019-04-17,2446.31,600887.SH,伊利股份,-0.002641308390538445
2019-04-18,2450.63,600887.SH,伊利股份,0.0017643675930999045
2019-04-19,2472.19,600887.SH,伊利股份,0.008759263125004664
2019-04-22,2460.69,600887.SH,伊利股份,-0.004662599063425967
2019-04-23,2424.74,600887.SH,伊利股份,-0.014717496273297388
2019-04-24,2443.44,600887.SH,伊利股份,0.007682580338411107
2019-04-25,2422.59,600887.SH,伊利股份,-0.008569666689449671
2019-04-26,2390.24,600887.SH,伊利股份,-0.013443436483593222
2019-04-29,2444.16,600887.SH,伊利股份,0.022307726303089526
2019-04-30,2462.13,600887.SH,伊利股份,0.007325323352806664
2019-05-06,2390.24,600887.SH,伊利股份,-0.029633049655896145
2019-05-07,2429.78,600887.SH,伊利股份,0.016406938962624625
2019-05-08,2400.3,600887.SH,伊利股份,-0.012206988732443694
2019-05-09,2331.28,600887.SH,伊利股份,-0.029176256582154687
2019-05-10,2408.93,600887.SH,伊利股份,0.03276519255036422
2019-05-13,2418.99,600887.SH,伊利股份,0.004167432169440339
2019-05-14,2391.67,600887.SH,伊利股份,-0.011358230974874003
2019-05-15,2464.29,600887.SH,伊利股份,0.029911866846150992
2019-05-16,2490.89,600887.SH,伊利股份,0.010736342781729013
2019-05-17,2419.71,600887.SH,伊利股份,-0.028992378055608344
2019-05-20,2395.99,600887.SH,伊利股份,-0.009851191655309857
2019-05-21,2408.21,600887.SH,伊利股份,0.005087226324601299
2019-05-22,2411.8,600887.SH,伊利股份,0.001489623740965106
2019-05-23,2383.77,600887.SH,伊利股份,-0.011690088648476841
2019-05-24,2383.05,600887.SH,伊利股份,-0.000302088186873109
2019-05-27,2390.96,600887.SH,伊利股份,0.003313779082320464
2019-05-28,2415.4,600887.SH,伊利股份,0.010169945924812122
2019-05-29,2384.49,600887.SH,伊利股份,-0.012879639863100374
2019-05-30,2394.55,600887.SH,伊利股份,0.004210056772532063
2019-05-31,2390.96,600887.SH,伊利股份,-0.001500362834243717
2019-06-03,2432.65,600887.SH,伊利股份,0.017286239196243565
2019-06-04,2411.09,600887.SH,伊利股份,-0.008902270719075305
2019-06-05,2398.86,600887.SH,伊利股份,-0.005085302905830675
2019-06-06,2390.24,600887.SH,伊利股份,-0.003599845193793295
2019-06-10,2439.12,600887.SH,伊利股份,0.02024353920361348
2019-06-11,2564.94,600887.SH,伊利股份,0.050297768020791084
2019-06-12,2516.05,600887.SH,伊利股份,-0.019244875081551805
2019-06-13,2502.39,600887.SH,伊利股份,-0.005443936257535635
2019-06-14,2518.21,600887.SH,伊利股份,0.006302056470852631
2019-06-17,2498.79,600887.SH,伊利股份,-0.007741716959691751
2019-06-18,2499.51,600887.SH,伊利股份,0.0002880979552968739
2019-06-19,2516.05,600887.SH,伊利股份,0.006595498791077944
2019-06-20,2578.59,600887.SH,伊利股份,0.024552526458984387
2019-06-21,2557.03,600887.SH,伊利股份,-0.008396309174460626
2019-06-24,2557.75,600887.SH,伊利股份,0.0002815370376656335
2019-06-25,2565.65,600887.SH,伊利股份,0.003083892048641868
2019-06-26,2593.69,600887.SH,伊利股份,0.010869714373635554
2019-06-27,2613.82,600887.SH,伊利股份,0.007731180647184979
2019-06-28,2635.39,600887.SH,伊利股份,0.008218425785040718
2019-07-01,2696.5,600887.SH,伊利股份,0.022923457163728882
2019-07-02,2711.6,600887.SH,伊利股份,0.005584230779528719
2019-07-03,2645.45,600887.SH,伊利股份,-0.024697683410131753
2019-07-04,2635.39,600887.SH,伊利股份,-0.0038100045331259545
2019-07-05,2639.7,600887.SH,伊利股份,0.001634095706071879
2019-07-08,2604.48,600887.SH,伊利股份,-0.0134322351809481
2019-07-09,2625.32,600887.SH,伊利股份,0.007969754219170575
2019-07-10,2617.42,600887.SH,伊利股份,-0.003013693595033229
2019-07-11,2669.18,600887.SH,伊利股份,0.0195822093568034
2019-07-12,2665.58,600887.SH,伊利股份,-0.0013496391764419502
2019-07-15,2657.68,600887.SH,伊利股份,-0.002968108189228518
2019-07-16,2583.63,600887.SH,伊利股份,-0.028258174958446326
2019-07-17,2568.53,600887.SH,伊利股份,-0.005861635987534854
2019-07-18,2541.93,600887.SH,伊利股份,-0.010410115809874804
2019-07-19,2551.99,600887.SH,伊利股份,0.003949811963614307
2019-07-22,2552.71,600887.SH,伊利股份,0.0002820929750131058
2019-07-23,2541.21,600887.SH,伊利股份,-0.004515194403334253
2019-07-24,2564.22,600887.SH,伊利股份,0.00901399325840987
2019-07-25,2562.78,600887.SH,伊利股份,-0.0005617320217923272
2019-07-26,2558.46,600887.SH,伊利股份,-0.0016870918077108322
2019-07-29,2551.28,600887.SH,伊利股份,-0.0028103209656766917
2019-07-30,2530.43,600887.SH,伊利股份,-0.00820594524238504
2019-07-31,2476.51,600887.SH,伊利股份,-0.021538937777295278
2019-08-01,2485.13,600887.SH,伊利股份,0.0034746610687716607
2019-08-02,2472.19,600887.SH,伊利股份,-0.005220574580343221
2019-08-05,2448.47,600887.SH,伊利股份,-0.0096410577974797
2019-08-06,2253.64,600887.SH,伊利股份,-0.08291665288446627
2019-08-07,2257.95,600887.SH,伊利股份,0.0019106351912063207
2019-08-08,2250.77,600887.SH,伊利股份,-0.0031849420986027463
2019-08-09,2203.32,600887.SH,伊利股份,-0.021307066153923814
2019-08-12,2256.52,600887.SH,伊利股份,0.02385848978952777
2019-08-13,2261.55,600887.SH,伊利股份,0.002226615381413384
2019-08-14,2262.99,600887.SH,伊利股份,0.0006365288177891663
2019-08-15,2256.52,600887.SH,伊利股份,-0.002863144199202625
2019-08-16,2296.78,600887.SH,伊利股份,0.017684338489989175
2019-08-19,2332.72,600887.SH,伊利股份,0.015526826671876482
2019-08-20,2316.19,600887.SH,伊利股份,-0.00711137434899029
2019-08-21,2259.39,600887.SH,伊利股份,-0.024828728995258516
2019-08-22,2267.3,600887.SH,伊利股份,0.003494830903356189
2019-08-23,2289.59,600887.SH,伊利股份,0.009783065984929269
2019-08-26,2258.67,600887.SH,伊利股份,-0.013596617757904307
2019-08-27,2293.18,600887.SH,伊利股份,0.015163356099280729
2019-08-28,2352.85,600887.SH,伊利股份,0.025687858730153834
2019-08-29,2325.53,600887.SH,伊利股份,-0.011679389256599148
2019-08-30,2293.18,600887.SH,伊利股份,-0.0140084694735547
2019-09-02,2288.15,600887.SH,伊利股份,-0.0021958697675809884
2019-09-03,2275.93,600887.SH,伊利股份,-0.005354870729841951
2019-09-04,2284.55,600887.SH,伊利股份,0.003780308329608488
2019-09-05,2319.78,600887.SH,伊利股份,0.015303285186640677
2019-09-06,2327.69,600887.SH,伊利股份,0.003404005894790602
2019-09-09,2367.95,600887.SH,伊利股份,0.017148242443589718
2019-09-10,2394.55,600887.SH,伊利股份,0.011170719834597026
2019-09-11,2370.83,600887.SH,伊利股份,-0.009955216960613729
2019-09-12,2372.26,600887.SH,伊利股份,0.0006029824622041532
2019-09-16,2341.35,600887.SH,伊利股份,-0.013115401179765042
2019-09-17,2312.59,600887.SH,伊利股份,-0.012359577524354133
2019-09-18,2318.34,600887.SH,伊利股份,0.00248330376616522
2019-09-19,2303.25,600887.SH,伊利股份,-0.006530243325301403
2019-09-20,2310.44,600887.SH,伊利股份,0.003116813578987769
2019-09-23,2274.49,600887.SH,伊利股份,-0.015682131138310237
2019-09-24,2268.02,600887.SH,伊利股份,-0.002848647278805868
2019-09-25,2234.95,600887.SH,伊利股份,-0.014688347718139781
2019-09-26,2250.05,600887.SH,伊利股份,0.006733581741005019
2019-09-27,2267.3,600887.SH,伊利股份,0.007637258058818897
2019-09-30,2283.84,600887.SH,伊利股份,0.007268540550105652
2019-10-08,2285.27,600887.SH,伊利股份,0.0006259424906336835
2019-10-09,2260.83,600887.SH,伊利股份,-0.010752176792048462
2019-10-10,2280.24,600887.SH,伊利股份,0.008548698085315672
2019-10-11,2268.02,600887.SH,伊利股份,-0.005373496415690637
2019-10-14,2284.55,600887.SH,伊利股份,0.007261864240175263
2019-10-15,2290.31,600887.SH,伊利股份,0.002518111174385021
2019-10-16,2266.58,600887.SH,伊利股份,-0.010415092094490186
2019-10-17,2259.39,600887.SH,伊利股份,-0.0031772221417425213
2019-10-18,2247.17,600887.SH,伊利股份,-0.005423218574918356
2019-10-21,2238.54,600887.SH,伊利股份,-0.0038477791241746002
2019-10-22,2244.29,600887.SH,伊利股份,0.002565345174094651
2019-10-23,2222.73,600887.SH,伊利股份,-0.009653042706482701
2019-10-24,2185.34,600887.SH,伊利股份,-0.016964747266167753
2019-10-25,2201.16,600887.SH,伊利股份,0.0072130712826675904
2019-10-28,2218.41,600887.SH,伊利股份,0.007806228930484399
2019-10-29,2247.17,600887.SH,伊利股份,0.012880923709578308
2019-10-30,2183.19,600887.SH,伊利股份,-0.028884536803076732
2019-10-31,2318.34,600887.SH,伊利股份,0.060064302363097226
2019-11-01,2349.98,600887.SH,伊利股份,0.013555405149348113
2019-11-04,2350.7,600887.SH,伊利股份,0.0003063386597812575
2019-11-05,2380.89,600887.SH,伊利股份,0.012761211220161621
2019-11-06,2352.13,600887.SH,伊利股份,-0.012153066743719623
2019-11-07,2365.07,600887.SH,伊利股份,0.005486319196765768
2019-11-08,2352.13,600887.SH,伊利股份,-0.00548631919676579
2019-11-11,2318.34,600887.SH,伊利股份,-0.01446988828557149
2019-11-12,2332.0,600887.SH,伊利股份,0.005874856156040012
2019-11-13,2332.72,600887.SH,伊利股份,0.0003087002031065623
2019-11-14,2325.53,600887.SH,伊利股份,-0.0030869986410320457
2019-11-15,2314.75,600887.SH,伊利股份,-0.004646279704300988
2019-11-18,2318.34,600887.SH,伊利股份,0.0015497219861863774
2019-11-19,2376.58,600887.SH,伊利股份,0.024811067122852706
2019-11-20,2347.82,600887.SH,伊利股份,-0.012175241415887245
2019-11-21,2329.13,600887.SH,伊利股份,-0.007992430747114032
2019-11-22,2319.06,600887.SH,伊利股份,-0.004332876132152682
2019-11-25,2328.41,600887.SH,伊利股份,0.004023700041024941
2019-11-26,2343.51,600887.SH,伊利股份,0.0064641742924164535
2019-11-27,2352.85,600887.SH,伊利股份,0.003977553813573575
2019-11-28,2347.1,600887.SH,伊利股份,-0.0024468357615604493
2019-11-29,2324.81,600887.SH,伊利股份,-0.009542208275443274
2019-12-02,2366.51,600887.SH,伊利股份,0.01777798073501544
2019-12-03,2417.56,600887.SH,伊利股份,0.021342471060315463
2019-12-04,2424.03,600887.SH,伊利股份,0.0026726773028600123
2019-12-05,2406.05,600887.SH,伊利股份,-0.0074450456516659295
2019-12-06,2408.21,600887.SH,伊利股份,0.0008973342299491122
2019-12-09,2451.35,600887.SH,伊利股份,0.017755160262408223
2019-12-10,2433.37,600887.SH,伊利股份,-0.007361765342940521
2019-12-11,2406.05,600887.SH,伊利股份,-0.011290729149416815
2019-12-12,2409.65,600887.SH,伊利股份,0.0014951100237167005
2019-12-13,2436.97,600887.SH,伊利股份,0.011273955609659566
2019-12-16,2421.87,600887.SH,伊利股份,-0.006215495308502632
2019-12-17,2447.03,600887.SH,伊利股份,0.010335075254161982
2019-12-18,2422.59,600887.SH,伊利股份,-0.010037828500013349
2019-12-19,2386.64,600887.SH,伊利股份,-0.01495069673779676
2019-12-20,2390.96,600887.SH,伊利股份,0.0018084398766593799
2019-12-23,2379.45,600887.SH,伊利股份,-0.004825590393888976
2019-12-24,2407.49,600887.SH,伊利股份,0.01171534245468337
2019-12-25,2388.8,600887.SH,伊利股份,-0.007793563192331217
2019-12-26,2398.86,600887.SH,伊利股份,0.0042024767028744315
2019-12-27,2436.25,600887.SH,伊利股份,0.015466347333970294
2019-12-30,2449.91,600887.SH,伊利股份,0.005591317348389087
2019-12-31,2457.82,600887.SH,伊利股份,0.003223489005842632
2020-01-02,2516.05,600887.SH,伊利股份,0.023415433260857665
2020-01-03,2515.33,600887.SH,伊利股份,-0.0002862037869987645
2020-01-06,2468.6,600887.SH,伊利股份,-0.018752819340032905
2020-01-07,2544.81,600887.SH,伊利股份,0.03040480269927776
2020-01-08,2547.68,600887.SH,伊利股份,0.0011271500990097775
2020-01-09,2569.25,600887.SH,伊利股份,0.008430886397066507
2020-01-10,2564.22,600887.SH,伊利股份,-0.0019596887133885655
2020-01-13,2605.19,600887.SH,伊利股份,0.015851270396193207
2020-01-14,2586.5,600887.SH,伊利股份,-0.007199998744417388
2020-01-15,2625.32,600887.SH,伊利股份,0.014897182914277537
2020-01-16,2644.02,600887.SH,伊利股份,0.0070976928816409
2020-01-17,2597.29,600887.SH,伊利股份,-0.017831892502636736
2020-01-20,2598.01,600887.SH,伊利股份,0.00027717360098926245
2020-01-21,2548.4,600887.SH,伊利股份,-0.019280056095507564
2020-01-22,2566.37,600887.SH,伊利股份,0.00702673783535452
2020-01-23,2436.25,600887.SH,伊利股份,-0.052032477255917135
2020-02-03,2273.77,600887.SH,伊利股份,-0.06902072498634235
2020-02-04,2357.17,600887.SH,伊利股份,0.0360225000831467
2020-02-05,2361.48,600887.SH,伊利股份,0.0018267941884235867
2020-02-06,2411.8,600887.SH,伊利股份,0.021084815562493493
2020-02-07,2444.16,600887.SH,伊利股份,0.013328148927604375
2020-02-10,2402.46,600887.SH,伊利股份,-0.017208293214871807
2020-02-11,2406.77,600887.SH,伊利股份,0.0017923872028901113
2020-02-12,2408.21,600887.SH,伊利股份,0.0005981333434122161
2020-02-13,2366.51,600887.SH,伊利股份,-0.017467436941458712
2020-02-14,2368.67,600887.SH,伊利股份,0.000912320186273391
2020-02-17,2402.46,600887.SH,伊利股份,0.014164596208883003
2020-02-18,2404.61,600887.SH,伊利股份,0.0008945158457695774
2020-02-19,2426.9,600887.SH,伊利股份,0.009226994518296644
2020-02-20,2468.6,600887.SH,伊利股份,0.017036465563537103
2020-02-21,2441.28,600887.SH,伊利股份,-0.011128696407963694
2020-02-24,2388.08,600887.SH,伊利股份,-0.022032796112991533
2020-02-25,2367.95,600887.SH,伊利股份,-0.008465093872763644
2020-02-26,2344.94,600887.SH,伊利股份,-0.009764786717010565
2020-02-27,2386.64,600887.SH,伊利股份,0.017626703840704704
2020-02-28,2311.87,600887.SH,伊利股份,-0.03182979820211215
2020-03-02,2360.76,600887.SH,伊利股份,0.020926880238483422
2020-03-03,2379.45,600887.SH,伊利股份,0.00788576744639908
2020-03-04,2416.12,600887.SH,伊利股份,0.015293579172846182
2020-03-05,2457.82,600887.SH,伊利股份,0.017111830480582138
2020-03-06,2416.84,600887.SH,伊利股份,-0.01681387642951336
2020-03-09,2320.5,600887.SH,伊利股份,-0.04067822206525833
2020-03-10,2382.33,600887.SH,伊利股份,0.026296320681189065
2020-03-11,2337.04,600887.SH,伊利股份,-0.01919382900940475
2020-03-12,2287.43,600887.SH,伊利股份,-0.021456254764457745
2020-03-13,2265.14,600887.SH,伊利股份,-0.009792349427066326
2020-03-16,2192.53,600887.SH,伊利股份,-0.03258043899850196
2020-03-17,2230.64,600887.SH,伊利股份,0.01723241163153536
2020-03-18,2222.73,600887.SH,伊利股份,-0.003552369696764571
2020-03-19,2234.95,600887.SH,伊利股份,0.005482686335013324
2020-03-20,2271.61,600887.SH,伊利股份,0.01626997474429784
2020-03-23,2211.22,600887.SH,伊利股份,-0.02694443178210677
2020-03-24,2271.61,600887.SH,伊利股份,0.026944431782106756
2020-03-25,2292.46,600887.SH,伊利股份,0.009136645600673078
2020-03-26,2273.77,600887.SH,伊利股份,-0.008186229942315711
2020-03-27,2296.06,600887.SH,伊利股份,0.009755363666764522
2020-03-30,2320.5,600887.SH,伊利股份,0.010588069179037565
2020-03-31,2380.17,600887.SH,伊利股份,0.025389234004819593
2020-04-01,2339.91,600887.SH,伊利股份,-0.017059446612428426
2020-04-02,2334.88,600887.SH,伊利股份,-0.002151969154185924
2020-04-03,2349.26,600887.SH,伊利股份,0.006139887012342248
2020-04-07,2403.9,600887.SH,伊利股份,0.022992033520356697
2020-04-08,2385.2,600887.SH,伊利股份,-0.007809440203183897
2020-04-09,2401.02,600887.SH,伊利股份,0.006610668800166649
2020-04-10,2404.61,600887.SH,伊利股份,0.0014940811788770045
2020-04-13,2380.17,600887.SH,伊利股份,-0.010215814541944339
2020-04-14,2427.62,600887.SH,伊利股份,0.019739439831266494
2020-04-15,2388.8,600887.SH,伊利股份,-0.016120205732390563
2020-04-16,2375.86,600887.SH,伊利股份,-0.005431670597315136
2020-04-17,2386.64,600887.SH,伊利股份,0.004527041852192572
2020-04-20,2426.18,600887.SH,伊利股份,0.01643148491953869
2020-04-21,2392.39,600887.SH,伊利股份,-0.014025137700702477
2020-04-22,2413.96,600887.SH,伊利股份,0.008975686253267844
2020-04-23,2442.72,600887.SH,伊利股份,0.011843619996724453
2020-04-24,2476.51,600887.SH,伊利股份,0.013738138468301703
2020-04-27,2464.29,600887.SH,伊利股份,-0.0049465774438187836
2020-04-28,2492.32,600887.SH,伊利股份,0.01131027004518083
2020-04-29,2339.19,600887.SH,伊利股份,-0.06340928799777436
2020-04-30,2335.6,600887.SH,伊利股份,-0.0015358981711389146
2020-05-06,2330.57,600887.SH,伊利股份,-0.00215594457481274
2020-05-07,2322.66,600887.SH,伊利股份,-0.0033997922385243066
2020-05-08,2349.98,600887.SH,伊利股份,0.011693736867645702
2020-05-11,2334.16,600887.SH,伊利股份,-0.006754734124429252
2020-05-12,2327.69,600887.SH,伊利股份,-0.0027757238667421823
2020-05-13,2352.85,600887.SH,伊利股份,0.010750999816536867
2020-05-14,2318.34,600887.SH,伊利股份,-0.014775946974713655
2020-05-15,2280.96,600887.SH,伊利股份,-0.016255005352062413
2020-05-18,2295.34,600887.SH,伊利股份,0.006284573707660116
2020-05-19,2318.34,600887.SH,伊利股份,0.0099704316444023
2020-05-20,2298.21,600887.SH,伊利股份,-0.008720853268877598
2020-05-21,2288.15,600887.SH,伊利股份,-0.004386928254143449
2020-05-22,2238.54,600887.SH,伊利股份,-0.02191976316117401
2020-05-25,2282.4,600887.SH,伊利股份,0.019403653269142587
2020-05-26,2291.02,600887.SH,伊利股份,0.003769612328409577
2020-05-27,2298.93,600887.SH,伊利股份,0.003446664051052545
2020-05-28,2278.08,600887.SH,伊利股份,-0.009110814363244077
2020-05-29,2278.8,600887.SH,伊利股份,0.0003160056907321093
2020-06-01,2312.59,600887.SH,伊利股份,0.014719119941937116
2020-06-02,2306.84,600887.SH,伊利股份,-0.002489485919108762
2020-06-03,2301.09,600887.SH,伊利股份,-0.0024956989296693655
2020-06-04,2309.72,600887.SH,伊利股份,0.003743381348444581
2020-06-05,2280.96,600887.SH,伊利股份,-0.012529898085563724
2020-06-08,2410.37,600887.SH,伊利股份,0.055183855709315194
2020-06-09,2429.78,600887.SH,伊利股份,0.008020455585036125
2020-06-10,2401.74,600887.SH,伊利股份,-0.011607243606137805
2020-06-11,2368.67,600887.SH,伊利股份,-0.013864858477152176
2020-06-12,2383.77,600887.SH,伊利股份,0.006354651847673759
2020-06-15,2347.82,600887.SH,伊利股份,-0.015196029999706956
2020-06-16,2370.11,600887.SH,伊利股份,0.009449129532904983
2020-06-17,2404.61,600887.SH,伊利股份,0.01445136067378099
2020-06-18,2393.83,600887.SH,伊利股份,-0.004493134491951032
2020-06-19,2442.0,600887.SH,伊利股份,0.019922781934606663
2020-06-22,2454.94,600887.SH,伊利股份,0.0052849453407776
2020-06-23,2465.72,600887.SH,伊利股份,0.004381533065095507
2020-06-24,2507.42,600887.SH,伊利股份,0.016770481963476254
2020-06-29,2511.73,600887.SH,伊利股份,0.001717422694829419
2020-06-30,2529.71,600887.SH,伊利股份,0.0071329129109174326
2020-07-01,2584.35,600887.SH,伊利股份,0.021369354000778575
2020-07-02,2587.94,600887.SH,伊利股份,0.0013881667797034647
2020-07-03,2562.78,600887.SH,伊利股份,-0.00976958565622683
2020-07-06,2721.66,600887.SH,伊利股份,0.06014938148396854
2020-07-07,2707.28,600887.SH,伊利股份,-0.0052975474512598235
2020-07-08,2796.43,600887.SH,伊利股份,0.03239916285653293
2020-07-09,2809.37,600887.SH,伊利股份,0.004616655243874348
2020-07-10,2776.3,600887.SH,伊利股份,-0.011841152951208814
2020-07-13,2840.28,600887.SH,伊利股份,0.022783532892811258
2020-07-14,2819.43,600887.SH,伊利股份,-0.007367902002683924
2020-07-15,2840.28,600887.SH,伊利股份,0.007367902002683989
2020-07-16,2671.34,600887.SH,伊利股份,-0.061322419687211215
2020-07-17,2761.2,600887.SH,伊利股份,0.033085148671811344
2020-07-20,2695.78,600887.SH,伊利股份,-0.02397778050066479
2020-07-21,2740.35,600887.SH,伊利股份,0.016398062122032726
2020-07-22,2879.82,600887.SH,伊利股份,0.049642142726096745
2020-07-23,2846.75,600887.SH,伊利股份,-0.011549799486070928
2020-07-24,2738.2,600887.SH,伊利股份,-0.038877222491058794
2020-07-27,2728.85,600887.SH,伊利股份,-0.003420495190672279
2020-07-28,2833.81,600887.SH,伊利股份,0.037741820945462336
2020-07-29,2870.48,600887.SH,伊利股份,0.012857167201695729
2020-07-30,2881.26,600887.SH,伊利股份,0.0037484352986296592
2020-07-31,2925.12,600887.SH,伊利股份,0.015107807010682858
2020-08-03,3030.8,600887.SH,伊利股份,0.0354911055917646
2020-08-04,3007.07,600887.SH,伊利股份,-0.007860428324011152
2020-08-05,3004.2,600887.SH,伊利股份,-0.0009548731692531637
2020-08-06,2961.06,600887.SH,伊利股份,-0.01446399724314449
2020-08-07,2910.74,600887.SH,伊利股份,-0.017139967950254
2020-08-10,2910.02,600887.SH,伊利股份,-0.0002473903764016418
2020-08-11,2879.82,600887.SH,伊利股份,-0.01043216181736861
2020-08-12,2830.94,600887.SH,伊利股份,-0.017118980213888437
2020-08-13,2796.43,600887.SH,伊利股份,-0.01226520830365357
2020-08-14,2825.19,600887.SH,伊利股份,0.01023201529684001
2020-08-17,2833.09,600887.SH,伊利股份,0.002792369813173372
2020-08-18,2889.89,600887.SH,伊利股份,0.01985045032909716
2020-08-19,2807.21,600887.SH,伊利股份,-0.029027331567240612
2020-08-20,2741.07,600887.SH,伊利股份,-0.023842752429647576
2020-08-21,2800.02,600887.SH,伊利股份,0.021278204893462598
2020-08-24,2823.75,600887.SH,伊利股份,0.008439228787284961
2020-08-25,2825.9,600887.SH,伊利股份,0.0007611091319954054
2020-08-26,2866.88,600887.SH,伊利股份,0.014397432495005262
2020-08-27,2944.53,600887.SH,伊利股份,0.026724881410519284
2020-08-28,3209.81,600887.SH,伊利股份,0.086262533521377
2020-08-31,3306.86,600887.SH,伊利股份,0.02978735330246263
2020-09-01,3276.67,600887.SH,伊利股份,-0.00917143587698943
2020-09-02,3282.42,600887.SH,伊利股份,0.0017532924454382599
2020-09-03,3278.83,600887.SH,伊利股份,-0.0010943037860933196
2020-09-04,3237.85,600887.SH,伊利股份,-0.012577122153287075
2020-09-07,3194.71,600887.SH,伊利股份,-0.013413212403724261
2020-09-08,3158.77,600887.SH,伊利股份,-0.011313605568037252
2020-09-09,3107.72,600887.SH,伊利股份,-0.016293372961787372
2020-09-10,3082.56,600887.SH,伊利股份,-0.008128917769833238
2020-09-11,3084.0,600887.SH,伊利股份,0.0004670351139612208
2020-09-14,3096.94,600887.SH,伊利股份,0.004187071514969758
2020-09-15,3162.36,600887.SH,伊利股份,0.02090405708299125
2020-09-16,3102.69,600887.SH,伊利股份,-0.019049107142838174
2020-09-17,3035.11,600887.SH,伊利股份,-0.022021809479459836
2020-09-18,3120.66,600887.SH,伊利股份,0.027796850235078035
2020-09-21,3063.15,600887.SH,伊利股份,-0.018600719663781053
2020-09-22,3068.9,600887.SH,伊利股份,0.0018753929551378905
2020-09-23,3084.72,600887.SH,伊利股份,0.005141700284668381
2020-09-24,3016.42,600887.SH,伊利股份,-0.022390193743106572
2020-09-25,3031.52,600887.SH,伊利股份,0.004993446157172563
2020-09-28,3036.55,600887.SH,伊利股份,0.0016578586443722332
2020-09-29,3044.46,600887.SH,伊利股份,0.0026015429875158058
2020-09-30,3059.56,600887.SH,伊利股份,0.004947569241917956
2020-10-09,3188.96,600887.SH,伊利股份,0.041423730056569595
2020-10-12,3288.89,600887.SH,伊利股份,0.030855276999285496
2020-10-13,3273.79,600887.SH,伊利股份,-0.004601786662464532
2020-10-14,3296.8,600887.SH,伊利股份,0.0070039658733590604
2020-10-15,3273.08,600887.SH,伊利股份,-0.007220863414560771
2020-10-16,3254.38,600887.SH,伊利股份,-0.0057296563007468585
2020-10-19,3180.33,600887.SH,伊利股份,-0.023016816334277847
2020-10-20,3275.23,600887.SH,伊利股份,0.029403130636022342
2020-10-21,3300.39,600887.SH,伊利股份,0.007652547678787926
2020-10-22,3321.24,600887.SH,伊利股份,0.006297563865092626
2020-10-23,3199.75,600887.SH,伊利股份,-0.03726552541902395
2020-10-26,3268.04,600887.SH,伊利股份,0.02111773507116614
2020-10-27,3255.1,600887.SH,伊利股份,-0.003967419670101804
2020-10-28,3382.35,600887.SH,伊利股份,0.03834773702666483
2020-10-29,3465.03,600887.SH,伊利股份,0.02415055643155112
2020-10-30,3147.98,600887.SH,伊利股份,-0.09596031331822193
2020-11-02,3016.42,600887.SH,伊利股份,-0.04269027955007995
2020-11-03,3103.41,600887.SH,伊利股份,0.02843080918965912
2020-11-04,3128.57,600887.SH,伊利股份,0.00807452421163167
2020-11-05,3130.01,600887.SH,伊利股份,0.0004601682891042281
2020-11-06,3086.87,600887.SH,伊利股份,-0.013878566884782074
2020-11-09,3132.17,600887.SH,伊利股份,0.014568422521529045
2020-11-10,3091.19,600887.SH,伊利股份,-0.013169925030702962
2020-11-11,3114.19,600887.SH,伊利股份,0.0074129562812972625
2020-11-12,3096.22,600887.SH,伊利股份,-0.0057870736880752385
2020-11-13,3046.61,600887.SH,伊利股份,-0.01615251557179163
2020-11-16,3039.43,600887.SH,伊利股份,-0.00235949922480406
2020-11-17,3021.45,600887.SH,伊利股份,-0.005933149227402046
2020-11-18,3047.33,600887.SH,伊利股份,0.008528948777890235
2020-11-19,3101.25,600887.SH,伊利股份,0.017539458635577713
2020-11-20,3112.04,600887.SH,伊利股份,0.003473203680103402
2020-11-23,3132.17,600887.SH,伊利股份,0.006447595367907109
2020-11-24,3073.93,600887.SH,伊利股份,-0.018769181847809072
2020-11-25,3008.51,600887.SH,伊利股份,-0.021511933635757333
2020-11-26,3032.24,600887.SH,伊利股份,0.007856680731985633
2020-11-27,3045.18,600887.SH,伊利股份,0.004258392394927216
2020-11-30,3008.51,600887.SH,伊利股份,-0.012115073126912798
2020-12-01,3063.15,600887.SH,伊利股份,0.017998858659725035
2020-12-02,3062.43,600887.SH,伊利股份,-0.0002350797812830529
2020-12-03,3091.19,600887.SH,伊利股份,0.009347411574421429
2020-12-04,3152.3,600887.SH,伊利股份,0.019576215090319482
2020-12-07,3180.33,600887.SH,伊利股份,0.008852619861384385
2020-12-08,3216.28,600887.SH,伊利股份,0.011240447210542754
2020-12-09,3184.65,600887.SH,伊利股份,-0.009883019327551845
2020-12-10,3126.41,600887.SH,伊利股份,-0.018457011447623038
2020-12-11,3098.38,600887.SH,伊利股份,-0.00900598717516837
2020-12-14,3171.71,600887.SH,伊利股份,0.023391480371525497
2020-12-15,3196.15,600887.SH,伊利股份,0.0076760858451518
2020-12-16,3202.62,600887.SH,伊利股份,0.00202226434297531
2020-12-17,3261.57,600887.SH,伊利股份,0.018239449728206333
2020-12-18,3217.72,600887.SH,伊利股份,-0.013535640321959997
2020-12-21,3275.23,600887.SH,伊利股份,0.01771506140992357
2020-12-22,3236.41,600887.SH,伊利股份,-0.01192340482921057
2020-12-23,3280.26,600887.SH,伊利股份,0.013457996747473432
2020-12-24,3204.06,600887.SH,伊利股份,-0.023503931924637622
2020-12-25,3167.39,600887.SH,伊利股份,-0.011510850715632242
2020-12-28,3303.27,600887.SH,伊利股份,0.0420049820301139
2020-12-29,3301.83,600887.SH,伊利股份,-0.0004360267135438396
2020-12-30,3452.09,600887.SH,伊利股份,0.04450298450025675
2020-12-31,3481.56,600887.SH,伊利股份,0.008500624479117615
2021-01-04,3696.52,600887.SH,伊利股份,0.05991136732100429
2021-01-05,3953.18,600887.SH,伊利股份,0.06712848179069202
2021-01-06,3926.58,600887.SH,伊利股份,-0.00675150031008553
2021-01-07,4007.82,600887.SH,伊利股份,0.020478634589975245
2021-01-08,3833.84,600887.SH,伊利股份,-0.04438054071449449
2021-01-11,3788.54,600887.SH,伊利股份,-0.011886191277939339
2021-01-12,3862.59,600887.SH,伊利股份,0.01935722232127748
2021-01-13,3784.95,600887.SH,伊利股份,-0.020305266160745683
2021-01-14,3667.05,600887.SH,伊利股份,-0.03164515264221738
2021-01-15,3645.48,600887.SH,伊利股份,-0.005899480086895169
2021-01-18,3707.31,600887.SH,伊利股份,0.01681850221199572
2021-01-19,3608.81,600887.SH,伊利股份,-0.02692846813298989
2021-01-20,3610.25,600887.SH,伊利股份,0.00039894391211558414
2021-01-21,3616.72,600887.SH,伊利股份,0.0017905157288710012
2021-01-22,3601.62,600887.SH,伊利股份,-0.004183793510979402
2021-01-25,3802.2,600887.SH,伊利股份,0.05419610233296009
2021-01-26,3669.92,600887.SH,伊利股份,-0.03540998311162071
2021-01-27,3613.85,600887.SH,伊利股份,-0.01539617741243143
2021-01-28,3457.84,600887.SH,伊利股份,-0.04412956938065926
2021-01-29,3469.34,600887.SH,伊利股份,0.0033202574683405713
2021-02-01,3472.94,600887.SH,伊利股份,0.001037123343537723
2021-02-02,3525.42,600887.SH,伊利股份,0.014998080620175496
2021-02-03,3403.2,600887.SH,伊利股份,-0.035283412638895825
2021-02-04,3435.55,600887.SH,伊利股份,0.009460863841532864
2021-02-05,3465.75,600887.SH,伊利股份,0.008752030130979978
2021-02-08,3578.62,600887.SH,伊利股份,0.032048191801393046
2021-02-09,3600.19,600887.SH,伊利股份,0.006009370609402609
2021-02-10,3633.98,600887.SH,伊利股份,0.009341844534365292
2021-02-18,3584.37,600887.SH,伊利股份,-0.013745739990214407
2021-02-19,3759.79,600887.SH,伊利股份,0.04778037838694952
2021-02-22,3640.45,600887.SH,伊利股份,-0.032255804397079334
2021-02-23,3527.57,600887.SH,伊利股份,-0.03149805175101322
2021-02-24,3469.34,600887.SH,伊利股份,-0.016644874491133634
2021-02-25,3462.15,600887.SH,伊利股份,-0.002074590767286529
2021-02-26,3398.89,600887.SH,伊利股份,-0.01844087564097559
2021-03-01,3440.58,600887.SH,伊利股份,0.012191154093546779
2021-03-02,3383.07,600887.SH,伊利股份,-0.016856480546038718
2021-03-03,3431.24,600887.SH,伊利股份,0.014138130603392954
2021-03-04,3275.23,600887.SH,伊利股份,-0.04653361625274967
2021-03-05,3272.36,600887.SH,伊利股份,-0.0008766584907750162
2021-03-08,3153.02,600887.SH,伊利股份,-0.03715071343008707
2021-03-09,3020.01,600887.SH,伊利股份,-0.043100581068471096
2021-03-10,3053.8,600887.SH,伊利股份,0.011126574127700028
2021-03-11,3117.07,600887.SH,伊利股份,0.020506741256937577
2021-03-12,3130.01,600887.SH,伊利股份,0.004142741410925375
2021-03-15,3043.74,600887.SH,伊利股份,-0.027949177012715983
2021-03-16,3096.94,600887.SH,伊利股份,0.017327504793631678
2021-03-17,3137.92,600887.SH,伊利股份,0.013145632824623906
2021-03-18,3178.18,600887.SH,伊利股份,0.012748545865743848
2021-03-19,3092.63,600887.SH,伊利股份,-0.027286844318710365
2021-03-22,3113.47,600887.SH,伊利股份,0.006715998237750764
2021-03-23,3092.63,600887.SH,伊利股份,-0.006715998237750664
2021-03-24,3102.69,600887.SH,伊利股份,0.0032476155684955407
2021-03-25,3112.76,600887.SH,伊利股份,0.00324031528238469
2021-03-26,3194.71,600887.SH,伊利股份,0.02598652444818896
2021-03-29,3196.15,600887.SH,伊利股份,0.0004506435829825136
2021-03-30,3186.09,600887.SH,伊利股份,-0.003152500793318416
2021-03-31,3169.55,600887.SH,伊利股份,-0.005204837699899753
2021-04-01,3188.96,600887.SH,伊利股份,0.00610522285574654
2021-04-02,3203.34,600887.SH,伊利股份,0.004499170645088045
2021-04-06,3223.47,600887.SH,伊利股份,0.006264403593594321
2021-04-07,3134.32,600887.SH,伊利股份,-0.028046174414692277
2021-04-08,3237.13,600887.SH,伊利股份,0.032274890123980146
2021-04-09,3153.02,600887.SH,伊利股份,-0.026326411072215148
2021-04-12,3117.79,600887.SH,伊利股份,-0.011236306206571798
2021-04-13,3153.02,600887.SH,伊利股份,0.011236306206571796
2021-04-14,3144.39,600887.SH,伊利股份,-0.002740811032602875
2021-04-15,3081.84,600887.SH,伊利股份,-0.0200930914664513
2021-04-16,3096.94,600887.SH,伊利股份,0.004887706007061702
2021-04-19,3174.58,600887.SH,伊利股份,0.024760812913806107
2021-04-20,3167.39,600887.SH,伊利股份,-0.0022674352229584936
2021-04-21,3143.67,600887.SH,伊利股份,-0.007516997680879919
2021-04-22,3165.96,600887.SH,伊利股份,0.007065419914200163
2021-04-23,3204.06,600887.SH,伊利股份,0.011962428482311967
2021-04-26,3140.07,600887.SH,伊利股份,-0.02017366295722509
2021-04-27,3147.98,600887.SH,伊利股份,0.0025158846295148954
2021-04-28,3113.47,600887.SH,伊利股份,-0.011023117469361417
2021-04-29,3316.93,600887.SH,伊利股份,0.06330179651008148
2021-04-30,3235.69,600887.SH,伊利股份,-0.024797459008743153
2021-05-06,3142.23,600887.SH,伊利股份,-0.029309458390185422
2021-05-07,3067.46,600887.SH,伊利股份,-0.024082881353505472
2021-05-10,2989.82,600887.SH,伊利股份,-0.025636672661542625
2021-05-11,3051.65,600887.SH,伊利股份,0.02046924302543458
2021-05-12,3049.49,600887.SH,伊利股份,-0.0007080644241057315
2021-05-13,3078.97,600887.SH,伊利股份,0.009620761948811852
2021-05-14,3114.91,600887.SH,伊利股份,0.011605133894456072
2021-05-17,3142.95,600887.SH,伊利股份,0.008961589954926982
2021-05-18,3108.44,600887.SH,伊利股份,-0.011040856694225252
2021-05-19,3081.12,600887.SH,伊利股份,-0.008827825377423763
2021-05-20,3161.64,600887.SH,伊利股份,0.025797713063799747
2021-05-21,3095.5,600887.SH,伊利股份,-0.021141436336090596
2021-05-24,3103.41,600887.SH,伊利股份,0.0025520629572516993
2021-05-25,3240.01,600887.SH,伊利股份,0.04307490928482676
2021-05-26,3242.88,600887.SH,伊利股份,0.0008854076461249568
2021-05-27,3217.72,600887.SH,伊利股份,-0.0077887896463693556
2021-05-28,3207.65,600887.SH,伊利股份,-0.0031344524111875873
2021-05-31,3202.62,600887.SH,伊利股份,-0.0015693569950588745
2021-06-01,3186.09,600887.SH,伊利股份,-0.005174765136293785
2021-06-02,3128.57,600887.SH,伊利股份,-0.018218428530410575
2021-06-03,3131.45,600887.SH,伊利股份,0.0009201249207480334
2021-06-04,3137.2,600887.SH,伊利股份,0.0018345262895931543
2021-06-07,3001.32,600887.SH,伊利股份,-0.044278490459879215
2021-06-08,3013.54,600887.SH,伊利股份,0.004063275558496976
2021-06-09,3154.45,600887.SH,伊利股份,0.04569868687563281
2021-06-10,3124.98,600887.SH,伊利股份,-0.009386271162740106
2021-06-11,3101.25,600887.SH,伊利股份,-0.007622627144011066
2021-06-15,3063.87,600887.SH,伊利股份,-0.012126433244063737
2021-06-16,3118.51,600887.SH,伊利股份,0.01767650086896228
2021-06-17,3096.94,600887.SH,伊利股份,-0.006940796432719502
2021-06-18,3062.43,600887.SH,伊利股份,-0.011205808749293139
2021-06-21,3030.8,600887.SH,伊利股份,-0.010382107391678323
2021-06-22,3012.11,600887.SH,伊利股份,-0.006185781219965068
2021-06-23,3025.05,600887.SH,伊利股份,0.004286790416707223
2021-06-24,3020.73,600887.SH,伊利股份,-0.0014290962407609866
2021-06-25,3040.14,600887.SH,伊利股份,0.0064050429582567315
2021-06-28,3032.24,600887.SH,伊利股份,-0.0026019466690159966
2021-06-29,3032.24,600887.SH,伊利股份,0.0
2021-06-30,2998.45,600887.SH,伊利股份,-0.011206131837074241
2021-07-01,3010.67,600887.SH,伊利股份,0.004067156869899822
2021-07-02,2971.13,600887.SH,伊利股份,-0.013220293518931472
2021-07-05,2881.98,600887.SH,伊利股份,-0.030464793906206714
2021-07-06,2869.76,600887.SH,伊利股份,-0.004249155346496738
2021-07-07,2873.35,600887.SH,伊利股份,0.0012501938732123576
2021-07-08,2810.09,600887.SH,伊利股份,-0.02226208515220165
2021-07-09,2817.28,600887.SH,伊利股份,0.002555369173345577
2021-07-12,2841.72,600887.SH,伊利股份,0.008637622177943026
2021-07-13,2879.82,600887.SH,伊利股份,0.01331828954085474
2021-07-14,2891.33,600887.SH,伊利股份,0.00398881167910414
2021-07-15,2924.4,600887.SH,伊利股份,0.011372727563271599
2021-07-16,2874.07,600887.SH,伊利股份,-0.017360187778957658
2021-07-19,2871.2,600887.SH,伊利股份,-0.0009990828068057174
2021-07-20,2859.69,600887.SH,伊利股份,-0.0040168335026856995
2021-07-21,2863.29,600887.SH,伊利股份,0.001258085988360705
2021-07-22,2871.2,600887.SH,伊利股份,0.0027587475143249747
2021-07-23,2802.18,600887.SH,伊利股份,-0.024332375171040782
2021-07-26,2728.85,600887.SH,伊利股份,-0.026517410653373274
2021-07-27,2612.38,600887.SH,伊利股份,-0.04361859180522402
2021-07-28,2668.46,600887.SH,伊利股份,0.021239843763308678
2021-07-29,2705.13,600887.SH,伊利股份,0.013648443308432812
2021-07-30,2751.14,600887.SH,伊利股份,0.016865400939433582
2021-08-02,2816.56,600887.SH,伊利股份,0.023500910928610497
2021-08-03,2902.11,600887.SH,伊利股份,0.029921776475393177
2021-08-04,2850.35,600887.SH,伊利股份,-0.017996264878862474
2021-08-05,2867.6,600887.SH,伊利股份,0.006033649238641565
2021-08-06,2895.64,600887.SH,伊利股份,0.009730714407571643
2021-08-09,2940.93,600887.SH,伊利股份,0.015519700456361873
2021-08-10,2957.47,600887.SH,伊利股份,0.005608315255991871
2021-08-11,2904.27,600887.SH,伊利股份,-0.018152105269271104
2021-08-12,2874.79,600887.SH,伊利股份,-0.010202439743986512
2021-08-13,2887.73,600887.SH,伊利股份,0.0044910982521316175
2021-08-16,2880.54,600887.SH,伊利股份,-0.002492949783453264
2021-08-17,2794.99,600887.SH,伊利股份,-0.03014924778879579
2021-08-18,2782.05,600887.SH,伊利股份,-0.0046404627618620775
2021-08-19,2750.42,600887.SH,伊利股份,-0.01143443873168391
2021-08-20,2739.63,600887.SH,伊利股份,-0.003930752504204707
2021-08-23,2739.63,600887.SH,伊利股份,0.0
2021-08-24,2744.67,600887.SH,伊利股份,0.0018379743700464902
2021-08-25,2771.27,600887.SH,伊利股份,0.009644849726771368
2021-08-26,2730.29,600887.SH,伊利股份,-0.01489786822080177
2021-08-27,2759.04,600887.SH,伊利股份,0.010474962475182205
2021-08-30,2732.44,600887.SH,伊利股份,-0.009687810223098165
2021-08-31,2795.71,600887.SH,伊利股份,0.022891116479406504
2021-09-01,2951.72,600887.SH,伊利股份,0.054301951898194346
2021-09-02,2940.21,600887.SH,伊利股份,-0.003907043919960983
2021-09-03,2950.28,600887.SH,伊利股份,0.003419073730678221
2021-09-06,2980.47,600887.SH,伊利股份,0.010180925100124994
2021-09-07,2971.13,600887.SH,伊利股份,-0.003138654367725573
2021-09-08,2951.72,600887.SH,伊利股份,-0.006554300543116709
2021-09-09,2939.49,600887.SH,伊利股份,-0.004151954375800185
2021-09-10,2967.53,600887.SH,伊利股份,0.009493860055102558
2021-09-13,2924.4,600887.SH,伊利股份,-0.014640625533359297
2021-09-14,2900.67,600887.SH,伊利股份,-0.00814758664619302
2021-09-15,2853.22,600887.SH,伊利股份,-0.016493563720303247
2021-09-16,2870.48,600887.SH,伊利股份,0.0060310821034768435
2021-09-17,2902.11,600887.SH,伊利股份,0.010958795462796595
2021-09-22,2892.05,600887.SH,伊利股份,-0.0034724654164312568
2021-09-23,2917.93,600887.SH,伊利股份,0.00890886755889807
2021-09-24,3016.42,600887.SH,伊利股份,0.03319623696547466
2021-09-27,3030.8,600887.SH,伊利股份,0.004755913330338824
2021-09-28,3050.21,600887.SH,伊利股份,0.006383829633033681
2021-09-29,3060.99,600887.SH,伊利股份,0.00352795234358441
2021-09-30,3060.99,600887.SH,伊利股份,0.0
2021-10-08,3199.03,600887.SH,伊利股份,0.04410924580231248
2021-10-11,3188.24,600887.SH,伊利股份,-0.0033785984509566006
2021-10-12,3139.36,600887.SH,伊利股份,-0.015450082913400819
2021-10-13,3198.31,600887.SH,伊利股份,0.018603587808898273
2021-10-14,3155.89,600887.SH,伊利股份,-0.01335199716822922
2021-10-15,3160.2,600887.SH,伊利股份,0.0013647686049380117
2021-10-18,3125.7,600887.SH,伊利股份,-0.010977058631150907
2021-10-19,3103.41,600887.SH,伊利股份,-0.007156751169709091
2021-10-20,3082.56,600887.SH,伊利股份,-0.006741086347279698
2021-10-21,3095.5,600887.SH,伊利股份,0.004189023390028133
2021-10-22,3218.44,600887.SH,伊利股份,0.03894732613497659
2021-10-25,3262.29,600887.SH,伊利股份,0.013532632648896824
2021-10-26,3266.61,600887.SH,伊利股份,0.0013233471581581052
2021-10-27,3246.48,600887.SH,伊利股份,-0.006181417452270103
2021-10-28,3280.98,600887.SH,伊利股份,0.010570825790944838
2021-10-29,3442.02,600887.SH,伊利股份,0.04791635008985738
2021-11-01,3410.39,600887.SH,伊利股份,-0.009231854090514455
2021-11-02,3440.58,600887.SH,伊利股份,0.008813407567104112
2021-11-03,3356.47,600887.SH,伊利股份,-0.02475023534929905
2021-11-04,3431.96,600887.SH,伊利股份,0.02224170007113673
2021-11-05,3459.28,600887.SH,伊利股份,0.007928948383697669
2021-11-08,3406.08,600887.SH,伊利股份,-0.015498405002760493
2021-11-09,3386.67,600887.SH,伊利股份,-0.005714932193367648
2021-11-10,3298.24,600887.SH,伊利股份,-0.02645814486741949
2021-11-11,3384.51,600887.SH,伊利股份,0.02582014674205065
2021-11-12,3370.13,600887.SH,伊利股份,-0.004257820320437264
2021-11-15,3390.26,600887.SH,伊利股份,0.005955295328645973
2021-11-16,3390.26,600887.SH,伊利股份,0.0
2021-11-17,3329.87,600887.SH,伊利股份,-0.0179733504252799
2021-11-18,3312.62,600887.SH,伊利股份,-0.00519384711999614
2021-11-19,3287.45,600887.SH,伊利股份,-0.007627228808526519
2021-11-22,3242.88,600887.SH,伊利股份,-0.013650364397394489
2021-11-23,3232.1,600887.SH,伊利股份,-0.0033297430910951844
2021-11-24,3221.31,600887.SH,伊利股份,-0.0033439716536254388
2021-11-25,3249.35,600887.SH,伊利股份,0.008666867218346332
2021-11-26,3168.11,600887.SH,伊利股份,-0.025319780767379747
2021-11-29,3207.65,600887.SH,伊利股份,0.01240338623619695
2021-11-30,3166.67,600887.SH,伊利股份,-0.012858019238385903
2021-12-01,3132.89,600887.SH,伊利股份,-0.010724661333828062
2021-12-02,3109.88,600887.SH,伊利股份,-0.007371760997871078
2021-12-03,3219.16,600887.SH,伊利股份,0.034536315721004344
2021-12-06,3213.4,600887.SH,伊利股份,-0.0017908893316180266
2021-12-07,3224.91,600887.SH,伊利股份,0.0035754762544869018
2021-12-08,3304.71,600887.SH,伊利股份,0.024443680732536617
2021-12-09,3327.71,600887.SH,伊利股份,0.006935656124903886
2021-12-10,3390.98,600887.SH,伊利股份,0.01883458542188143
2021-12-13,3391.7,600887.SH,伊利股份,0.0002123054611759763
2021-12-14,3367.97,600887.SH,伊利股份,-0.0070210816450933565
2021-12-15,3326.28,600887.SH,伊利股份,-0.012455626542172365
2021-12-16,3323.4,600887.SH,伊利股份,-0.0008662071498405428
2021-12-17,3295.36,600887.SH,伊利股份,-0.00847293684939137
2021-12-20,3294.64,600887.SH,伊利股份,-0.00021851289920034827
2021-12-21,3338.5,600887.SH,伊利股份,0.013224698779401875
2021-12-22,3337.78,600887.SH,伊利股份,-0.00021568897733199432
2021-12-23,3333.47,600887.SH,伊利股份,-0.0012921118529955207
2021-12-24,3396.73,600887.SH,伊利股份,0.018799400638344357
2021-12-27,3366.54,600887.SH,伊利股份,-0.008927693414866917
2021-12-28,3362.94,600887.SH,伊利股份,-0.0010699193231626398
2021-12-29,3305.43,600887.SH,伊利股份,-0.017249020645011427
2021-12-30,3324.12,600887.SH,伊利股份,0.005638406683843456
2021-12-31,3331.31,600887.SH,伊利股份,0.0021606426022466167
2022-01-04,3276.67,600887.SH,伊利股份,-0.016537957242406448
2022-01-05,3348.56,600887.SH,伊利股份,0.021702739893945142
2022-01-06,3224.91,600887.SH,伊利股份,-0.037625359796806396
2022-01-07,3235.69,600887.SH,伊利股份,0.003337154445214738
2022-01-10,3300.39,600887.SH,伊利股份,0.019798445980896077
2022-01-11,3213.4,600887.SH,伊利股份,-0.0267110766805977
2022-01-12,3220.59,600887.SH,伊利股份,0.00223500595835186
2022-01-13,3154.45,600887.SH,伊利股份,-0.02075041825482465
2022-01-14,3144.39,600887.SH,伊利股份,-0.003194241655182233
2022-01-17,3165.96,600887.SH,伊利股份,0.006836414464778133
2022-01-18,3184.65,600887.SH,伊利股份,0.005886065735655485
2022-01-19,3176.74,600887.SH,伊利股份,-0.0024868791495760577
2022-01-20,3230.66,600887.SH,伊利股份,0.016830937000167218
2022-01-21,3230.66,600887.SH,伊利股份,0.0
2022-01-24,3183.21,600887.SH,伊利股份,-0.014796329107982458
2022-01-25,3130.01,600887.SH,伊利股份,-0.01685392218334759
2022-01-26,3145.83,600887.SH,伊利股份,0.0050415668686857465
2022-01-27,3091.19,600887.SH,伊利股份,-0.017521636262641735
2022-01-28,3087.59,600887.SH,伊利股份,-0.0011652787143618633
2022-02-07,3137.2,600887.SH,伊利股份,0.015939831029554936
2022-02-08,3129.29,600887.SH,伊利股份,-0.0025245405964326954
2022-02-09,3221.31,600887.SH,伊利股份,0.028981967360690947
2022-02-10,3227.06,600887.SH,伊利股份,0.0017833968968876046
2022-02-11,3214.12,600887.SH,伊利股份,-0.00401790274704797
2022-02-14,3226.35,600887.SH,伊利股份,0.00379786403794231
2022-02-15,3217.72,600887.SH,伊利股份,-0.00267843308943077
2022-02-16,3247.19,600887.SH,伊利股份,0.009116972742574858
2022-02-17,3257.26,600887.SH,伊利股份,0.0030963442090818773
2022-02-18,3266.61,600887.SH,伊利股份,0.0028663987485406657
2022-02-21,3298.96,600887.SH,伊利股份,0.009854517367427042
2022-02-22,3261.57,600887.SH,伊利股份,-0.011398592745664316
2022-02-23,3243.6,600887.SH,伊利股份,-0.0055248504526787204
2022-02-24,3191.84,600887.SH,伊利股份,-0.016086271070301472
2022-02-25,3190.4,600887.SH,伊利股份,-0.00045125223258145336
2022-02-28,3191.84,600887.SH,伊利股份,0.00045125223258158514
2022-03-01,3190.4,600887.SH,伊利股份,-0.00045125223258145336
2022-03-02,3171.71,600887.SH,伊利股份,-0.005875426160771933
2022-03-03,3178.18,600887.SH,伊利股份,0.002037831281810289
2022-03-04,3179.62,600887.SH,伊利股份,0.00045298689000081393
2022-03-07,3050.21,600887.SH,伊利股份,-0.0415512520883066
2022-03-08,2987.66,600887.SH,伊利股份,-0.020719968399227615
2022-03-09,2984.07,600887.SH,伊利股份,-0.0012023317974776764
2022-03-10,2992.7,600887.SH,伊利股份,0.0028878494563500854
2022-03-11,3104.13,600887.SH,伊利股份,0.036557492919508355
2022-03-14,3029.36,600887.SH,伊利股份,-0.024382106798425462
2022-03-15,2895.64,600887.SH,伊利股份,-0.04514521868469086
2022-03-16,3019.3,600887.SH,伊利股份,0.04181885903614767
2022-03-17,3025.05,600887.SH,伊利股份,0.0019026038315240214
2022-03-18,3068.18,600887.SH,伊利股份,0.014156931655576518
2022-03-21,3010.67,600887.SH,伊利股份,-0.018921906574271063
2022-03-22,3019.3,600887.SH,伊利股份,0.002862371087170422
2022-03-23,2997.73,600887.SH,伊利股份,-0.007169680855569134
2022-03-24,2974.72,600887.SH,伊利股份,-0.00770541866353986
2022-03-25,2920.8,600887.SH,伊利股份,-0.018292365561900385
2022-03-28,2940.93,600887.SH,伊利股份,0.006868306501223701
2022-03-29,2917.21,600887.SH,伊利股份,-0.00809817779384375
2022-03-30,3006.35,600887.SH,伊利股份,0.030099038285292506
2022-03-31,3002.76,600887.SH,伊利股份,-0.001194852624469061
2022-04-01,3035.11,600887.SH,伊利股份,0.010715801949252498
2022-04-06,3025.05,600887.SH,伊利股份,-0.0033200474049225135
2022-04-07,2997.01,600887.SH,伊利股份,-0.009312495272860584
2022-04-08,3007.79,600887.SH,伊利股份,0.003590464821744416
2022-04-11,2976.16,600887.SH,伊利股份,-0.01057171085420368
2022-04-12,3043.02,600887.SH,伊利股份,0.022216564388118764
2022-04-13,3059.56,600887.SH,伊利股份,0.005420671421098521
2022-04-14,3132.89,600887.SH,伊利股份,0.0236847864598614
2022-04-15,3126.41,600887.SH,伊利股份,-0.002070519807329227
2022-04-18,3106.29,600887.SH,伊利股份,-0.00645629338478105
2022-04-19,3093.34,600887.SH,伊利股份,-0.004177674743381051
2022-04-20,3142.23,600887.SH,伊利股份,0.01568132563652308
2022-04-21,3113.47,600887.SH,伊利股份,-0.009194879111152961
2022-04-22,3107.72,600887.SH,伊利股份,-0.0018485214685060498
2022-04-25,3034.39,600887.SH,伊利股份,-0.02387892251425713
2022-04-26,3073.21,600887.SH,伊利股份,0.012712202100615154
2022-04-27,3154.45,600887.SH,伊利股份,0.02609153638731203
2022-04-28,3086.87,600887.SH,伊利股份,-0.021656521780269656
2022-04-29,3116.35,600887.SH,伊利股份,0.00950481264199162
2022-05-05,3134.32,600887.SH,伊利股份,0.005749799463933751
2022-05-06,3066.03,600887.SH,伊利股份,-0.022028679518716024
2022-05-09,3071.06,600887.SH,伊利股份,0.0016392137401633586
2022-05-10,3158.05,600887.SH,伊利股份,0.02793196963595834
2022-05-11,3132.89,600887.SH,伊利股份,-0.00799884727810363
2022-05-12,3137.92,600887.SH,伊利股份,0.0016042588050943715
2022-05-13,3114.91,600887.SH,伊利股份,-0.007359900674514096
2022-05-16,3033.67,600887.SH,伊利股份,-0.026427151659303486
2022-05-17,3055.24,600887.SH,伊利股份,0.007085041569179121
2022-05-18,3061.71,600887.SH,伊利股份,0.0021154341339405867
2022-05-19,3005.64,600887.SH,伊利股份,-0.01848305973009682
2022-05-20,3059.56,600887.SH,伊利股份,0.017780591095838762
2022-05-23,3023.61,600887.SH,伊利股份,-0.011819633029522872
2022-05-24,3017.86,600887.SH,伊利股份,-0.0019035108131596876
2022-05-25,3020.73,600887.SH,伊利股份,0.0009505530980243413
2022-05-26,3037.27,600887.SH,伊利股份,0.005460561604078772
2022-05-27,3053.08,600887.SH,伊利股份,0.005191831508319583
2022-05-30,3058.84,600887.SH,伊利股份,0.0018848419826378515
2022-05-31,3082.56,600887.SH,伊利股份,0.0077246614610227615
2022-06-01,3050.93,600887.SH,伊利股份,-0.010313958413070203
2022-06-02,3019.3,600887.SH,伊利股份,-0.010421445733751944
2022-06-06,3019.3,600887.SH,伊利股份,0.0
2022-06-07,3035.11,600887.SH,伊利股份,0.005222651236446351
2022-06-08,3087.59,600887.SH,伊利股份,0.017143183650073484
2022-06-09,3081.84,600887.SH,伊利股份,-0.0018640301178282147
2022-06-10,3103.41,600887.SH,伊利股份,0.006974685725410347
2022-06-13,3084.72,600887.SH,伊利股份,-0.006040615446552489
2022-06-14,3134.32,600887.SH,伊利股份,0.01595135316843138
2022-06-15,3156.61,600887.SH,伊利股份,0.007086422286913671
2022-06-16,3155.89,600887.SH,伊利股份,-0.00022811881287055627
2022-06-17,3172.43,600887.SH,伊利股份,0.00522730761484556
2022-06-20,3144.39,600887.SH,伊利股份,-0.008877943069726536
2022-06-21,3132.89,600887.SH,伊利股份,-0.0036640114398602294
2022-06-22,3111.32,600887.SH,伊利股份,-0.006908827793435668
2022-06-23,3122.82,600887.SH,伊利股份,0.0036893663101175912
2022-06-24,3151.58,600887.SH,伊利股份,0.009167474634003027
2022-06-27,3201.9,600887.SH,伊利股份,0.015840469219624637
2022-06-28,3209.09,600887.SH,伊利股份,0.00224302424882949
2022-06-29,3155.17,600887.SH,伊利股份,-0.016945030587334927
2022-06-30,3219.88,600887.SH,伊利股份,0.02030171451375015
2022-07-01,3183.21,600887.SH,伊利股份,-0.011453970162651926
2022-07-04,3138.64,600887.SH,伊利股份,-0.014100536541432113
2022-07-05,3107.0,600887.SH,伊利股份,-0.01013195466614232
2022-07-06,3081.12,600887.SH,伊利股份,-0.008364463161469767
2022-07-07,3052.37,600887.SH,伊利股份,-0.009374829196202458
2022-07-08,3032.24,600887.SH,伊利股份,-0.00661671773293472
2022-07-11,3015.7,600887.SH,伊利股份,-0.00546964461803348
2022-07-12,3035.11,600887.SH,伊利股份,0.006415691974476081
2022-07-13,3004.92,600887.SH,伊利股份,-0.009996722340127665
2022-07-14,3014.26,600887.SH,伊利股份,0.0031034152480144965
2022-07-15,2984.79,600887.SH,伊利股份,-0.009824967973662465
2022-07-18,3011.39,600887.SH,伊利股份,0.008872373575704244
2022-07-19,3019.3,600887.SH,伊利股份,0.0026232502536250595
2022-07-20,3043.74,600887.SH,伊利股份,0.008062005982121638
2022-07-21,3016.42,600887.SH,伊利股份,-0.009016324677678836
2022-07-22,3027.92,600887.SH,伊利股份,0.00380521740218316
2022-07-25,3051.65,600887.SH,伊利股份,0.007806512800074524
2022-07-26,3049.49,600887.SH,伊利股份,-0.0007080644241057315
2022-07-27,3037.27,600887.SH,伊利股份,-0.0040152778877531265
2022-07-28,3063.15,600887.SH,伊利股份,0.008484712612901374
2022-07-29,2995.57,600887.SH,伊利股份,-0.02230926759332449
2022-08-01,2996.29,600887.SH,伊利股份,0.00024032604348743784
2022-08-02,2957.47,600887.SH,伊利股份,-0.013040683581700109
2022-08-03,2947.4,600887.SH,伊利股份,-0.003410747319480141
2022-08-04,2977.6,600887.SH,伊利股份,0.010194181108823697
2022-08-05,3033.67,600887.SH,伊利股份,0.01865550080100992
2022-08-08,3032.24,600887.SH,伊利股份,-0.0004714873865556771
2022-08-09,3035.11,600887.SH,伊利股份,0.0009460473564425846
2022-08-10,3004.2,600887.SH,伊利股份,-0.01023635809492895
2022-08-11,3043.74,600887.SH,伊利股份,0.01307571284060422
2022-08-12,3052.37,600887.SH,伊利股份,0.002831315630816987
2022-08-15,3025.77,600887.SH,伊利股份,-0.008752733507085544
2022-08-16,3030.08,600887.SH,伊利股份,0.0014234172668455825
2022-08-17,3032.24,600887.SH,伊利股份,0.0007125985073051987
2022-08-18,3007.79,600887.SH,伊利股份,-0.008096030499596086
2022-08-19,2991.98,600887.SH,伊利股份,-0.005270214222796446
2022-08-22,2998.45,600887.SH,伊利股份,0.002160112885318188
2022-08-23,2966.81,600887.SH,伊利股份,-0.010608186973616126
2022-08-24,2947.4,600887.SH,伊利股份,-0.006563875712587472
2022-08-25,2993.41,600887.SH,伊利股份,0.01548977999313962
2022-08-26,3021.45,600887.SH,伊利股份,0.009323642820240476
2022-08-29,3004.2,600887.SH,伊利股份,-0.005725539028588705
2022-08-30,3017.14,600887.SH,伊利股份,0.004298053230785144
2022-08-31,2989.1,600887.SH,伊利股份,-0.009337024065087919
2022-09-01,2903.55,600887.SH,伊利股份,-0.029038212469986606
2022-09-02,2856.82,600887.SH,伊利股份,-0.016225008163830736
2022-09-05,2818.72,600887.SH,伊利股份,-0.013426236917003741
2022-09-06,2837.41,600887.SH,伊利股份,0.006608783046125647
2022-09-07,2807.93,600887.SH,伊利股份,-0.010444107164909879
2022-09-08,2811.53,600887.SH,伊利股份,0.0012812620758898578
2022-09-09,2842.44,600887.SH,伊利股份,0.010934019086555042
2022-09-13,2845.32,600887.SH,伊利股份,0.0010127010443953554
2022-09-14,2835.25,600887.SH,伊利股份,-0.0035454225714464395
2022-09-15,2841.72,600887.SH,伊利股份,0.002279385940490893
2022-09-16,2783.49,600887.SH,伊利股份,-0.02070396661806718
2022-09-19,2784.93,600887.SH,伊利股份,0.0005172023777301105
2022-09-20,2767.67,600887.SH,伊利股份,-0.006216927418440201
2022-09-21,2754.73,600887.SH,伊利股份,-0.004686376822571992
2022-09-22,2720.22,600887.SH,伊利股份,-0.012606674782398335
2022-09-23,2752.57,600887.SH,伊利股份,0.011822261327255239
2022-09-26,2746.1,600887.SH,伊利股份,-0.0023532974286180693
2022-09-27,2807.93,600887.SH,伊利股份,0.02226583378922568
2022-09-28,2810.81,600887.SH,伊利股份,0.0010251409576593486
2022-09-29,2813.68,600887.SH,伊利股份,0.001020537061703822
2022-09-30,2790.68,600887.SH,伊利股份,-0.008207941362177274
2022-10-10,2741.79,600887.SH,伊利股份,-0.017674301961122872
2022-10-11,2746.1,600887.SH,伊利股份,0.0015707315147114476
2022-10-12,2760.48,600887.SH,伊利股份,0.005222854362733518
2022-10-13,2760.48,600887.SH,伊利股份,0.0
2022-10-14,2778.46,600887.SH,伊利股份,0.006492239725821847
2022-10-17,2792.83,600887.SH,伊利股份,0.005158601281519417
2022-10-18,2775.58,600887.SH,伊利股份,-0.0061956842906912765
2022-10-19,2756.17,600887.SH,伊利股份,-0.007017699519590275
2022-10-20,2598.01,600887.SH,伊利股份,-0.05909626749277296
2022-10-21,2572.12,600887.SH,伊利股份,-0.010015305770101724
2022-10-24,2497.36,600887.SH,伊利股份,-0.029496287672285855
2022-10-25,2515.33,600887.SH,伊利股份,0.007169833754407926
2022-10-26,2511.73,600887.SH,伊利股份,-0.0014322489150322686
2022-10-27,2487.29,600887.SH,伊利股份,-0.009777994376380819
2022-10-28,2280.24,600887.SH,伊利股份,-0.08691306379184445
2022-10-31,2234.23,600887.SH,伊利股份,-0.020384050894904644
2022-11-01,2327.69,600887.SH,伊利股份,0.04097970980082069
2022-11-02,2385.2,600887.SH,伊利股份,0.02440661877643108
2022-11-03,2334.88,600887.SH,伊利股份,-0.02132248032951514
2022-11-04,2413.24,600887.SH,伊利股份,0.03300974501120771
2022-11-07,2411.8,600887.SH,伊利股份,-0.0005968862611511495
2022-11-08,2386.64,600887.SH,伊利股份,-0.010486837629688741
2022-11-09,2375.86,600887.SH,伊利股份,-0.004527041852192656
2022-11-10,2411.8,600887.SH,伊利股份,0.015013879481881275
2022-11-11,2462.85,600887.SH,伊利股份,0.020945859256654254
2022-11-14,2458.53,600887.SH,伊利股份,-0.0017556055860648452
2022-11-15,2518.92,600887.SH,伊利股份,0.024266627873833723
2022-11-16,2518.92,600887.SH,伊利股份,0.0
2022-11-17,2521.8,600887.SH,伊利股份,0.0011426940252106611
2022-11-18,2513.17,600887.SH,伊利股份,-0.003428027754364065
2022-11-21,2485.85,600887.SH,伊利股份,-0.010930251126705847
2022-11-22,2480.82,600887.SH,伊利股份,-0.0020255026888029337
2022-11-23,2466.44,600887.SH,伊利股份,-0.0058133352593123105
2022-11-24,2467.16,600887.SH,伊利股份,0.00029187611687673794
2022-11-25,2468.6,600887.SH,伊利股份,0.000583496783010725
2022-11-28,2466.44,600887.SH,伊利股份,-0.0008753728998872558
2022-11-29,2512.45,600887.SH,伊利股份,0.018482557261860193
2022-11-30,2493.76,600887.SH,伊利股份,-0.00746676101660493
2022-12-01,2569.97,600887.SH,伊利股份,0.03010261401418652
2022-12-02,2557.75,600887.SH,伊利股份,-0.00476625991033328
2022-12-05,2622.45,600887.SH,伊利股份,0.02498102955271823
2022-12-06,2661.27,600887.SH,伊利股份,0.014694457133065057
2022-12-07,2690.03,600887.SH,伊利股份,0.010748893505221405
2022-12-08,2664.87,600887.SH,伊利股份,-0.009397070027720703
2022-12-09,2719.5,600887.SH,伊利股份,0.020292763940682083
2022-12-12,2702.25,600887.SH,伊利股份,-0.00636328056670315
2022-12-13,2669.18,600887.SH,伊利股份,-0.01231345017669504
2022-12-14,2700.09,600887.SH,伊利股份,0.011513796650593343
2022-12-15,2674.21,600887.SH,伊利股份,-0.009631096160544082
2022-12-16,2678.53,600887.SH,伊利股份,0.0016141269473003376
2022-12-19,2676.37,600887.SH,伊利股份,-0.0008067377979603435
2022-12-20,2612.38,600887.SH,伊利股份,-0.024199715555247303
2022-12-21,2643.3,600887.SH,伊利股份,0.011766453337034551
2022-12-22,2637.55,600887.SH,伊利股份,-0.002177680590188487
2022-12-23,2655.52,600887.SH,伊利股份,0.006790036421803189
2022-12-26,2617.42,600887.SH,伊利股份,-0.014451392609594601
2022-12-27,2659.83,600887.SH,伊利股份,0.016073111196178068
2022-12-28,2643.3,600887.SH,伊利股份,-0.006234074418198172
2022-12-29,2638.98,600887.SH,伊利股份,-0.001635657694455944
2022-12-30,2648.33,600887.SH,伊利股份,0.003536773802335725
2023-01-03,2626.76,600887.SH,伊利股份,-0.008178105101216296
2023-01-04,2618.14,600887.SH,伊利股份,-0.003287005571569938
2023-01-05,2687.15,600887.SH,伊利股份,0.02601701042089563
2023-01-06,2684.28,600887.SH,伊利股份,-0.0010686168387615128
2023-01-09,2691.47,600887.SH,伊利股份,0.0026749771798680877
2023-01-10,2756.89,600887.SH,伊利股份,0.02401572004960973
2023-01-11,2752.57,600887.SH,伊利股份,-0.0015682120880607727
2023-01-12,2736.76,600887.SH,伊利股份,-0.00576028175232319
2023-01-13,2762.64,600887.SH,伊利股份,0.009412005327801181
2023-01-16,2820.87,600887.SH,伊利股份,0.020858603715919504
2023-01-17,2846.03,600887.SH,伊利股份,0.008879692713735088
2023-01-18,2736.76,600887.SH,伊利股份,-0.03915030175745594
2023-01-19,2750.42,600887.SH,伊利股份,0.004978888324606674
2023-01-20,2743.95,600887.SH,伊利股份,-0.0023551391663049082
2023-01-30,2810.09,600887.SH,伊利股份,0.02381802317922513
2023-01-31,2761.92,600887.SH,伊利股份,-0.017290421253349102
2023-02-01,2761.92,600887.SH,伊利股份,0.0
2023-02-02,2757.61,600887.SH,伊利股份,-0.0015617274934658148
2023-02-03,2722.38,600887.SH,伊利股份,-0.012857864837123097
2023-02-06,2656.96,600887.SH,伊利股份,-0.02432388562703809
2023-02-07,2649.77,600887.SH,伊利股份,-0.0027097683129109606
2023-02-08,2667.02,600887.SH,伊利股份,0.006488900455758695
2023-02-09,2684.28,600887.SH,伊利股份,0.006450791341507705
2023-02-10,2681.4,600887.SH,伊利股份,-0.0010734893905604388
2023-02-13,2690.75,600887.SH,伊利股份,0.0034809189769467713
2023-02-14,2693.62,600887.SH,伊利股份,0.0010660486823169356
2023-02-15,2661.27,600887.SH,伊利股份,-0.012082561381891904
2023-02-16,2639.7,600887.SH,伊利股份,-0.008138178125207866
2023-02-17,2626.04,600887.SH,伊利股份,-0.005188266280433391
2023-02-20,2673.49,600887.SH,伊利股份,0.017907726927413437
2023-02-21,2683.56,600887.SH,伊利股份,0.003759536260021426
2023-02-22,2652.64,600887.SH,伊利股份,-0.011588900735471008
2023-02-23,2648.33,600887.SH,伊利股份,-0.001626117842481519
2023-02-24,2620.29,600887.SH,伊利股份,-0.01064425399598679
2023-02-27,2612.38,600887.SH,伊利股份,-0.0030233154489276
2023-02-28,2609.51,600887.SH,伊利股份,-0.001099218975880642
2023-03-01,2656.96,600887.SH,伊利股份,0.018020147845787277
2023-03-02,2658.4,600887.SH,伊利股份,0.000541825966718782
2023-03-03,2652.64,600887.SH,伊利股份,-0.002169067549229529
2023-03-06,2628.92,600887.SH,伊利股份,-0.00898225504549503
2023-03-07,2572.12,600887.SH,伊利股份,-0.021842653877920958
2023-03-08,2567.09,600887.SH,伊利股份,-0.001957499929430819
2023-03-09,2544.09,600887.SH,伊利股份,-0.00899993944556883
2023-03-10,2512.45,600887.SH,伊利股份,-0.012514649520938287
2023-03-13,2538.33,600887.SH,伊利股份,0.010248011790852928
2023-03-14,2543.37,600887.SH,伊利股份,0.001983588819702954
2023-03-15,2518.21,600887.SH,伊利股份,-0.009941641632180066
2023-03-16,2511.73,600887.SH,伊利股份,-0.0025765729153479906
2023-03-17,2495.2,600887.SH,伊利股份,-0.006602872441235469
2023-03-20,2471.47,600887.SH,伊利股份,-0.00955577099775381
2023-03-21,2503.11,600887.SH,伊利股份,0.012720843433566026
2023-03-22,2495.92,600887.SH,伊利股份,-0.0028765600357918827
2023-03-23,2505.26,600887.SH,伊利股份,0.0037351228544611485
2023-03-24,2513.89,600887.SH,伊利股份,0.003438832672685109
2023-03-27,2513.17,600887.SH,伊利股份,-0.00028644973599795446
2023-03-28,2504.55,600887.SH,伊利股份,-0.0034358268216862415
2023-03-29,2482.98,600887.SH,伊利股份,-0.008649625959801758
2023-03-30,2518.92,600887.SH,伊利股份,0.014370786510641258
2023-03-31,2513.17,600887.SH,伊利股份,-0.0022853337291532994
2023-04-03,2503.83,600887.SH,伊利股份,-0.0037233449432985317
2023-04-04,2512.45,600887.SH,伊利股份,0.0034368131303375085
2023-04-06,2498.79,600887.SH,伊利股份,-0.005451757981316112
2023-04-07,2514.61,600887.SH,伊利股份,0.006311107236318696
2023-04-10,2494.48,600887.SH,伊利股份,-0.0080374312966586
2023-04-11,2470.04,600887.SH,伊利股份,-0.009845945807265402
2023-04-12,2444.16,600887.SH,伊利股份,-0.010532839225783241
2023-04-13,2439.84,600887.SH,伊利股份,-0.0017690422303945224
2023-04-14,2426.9,600887.SH,伊利股份,-0.00531774062041099
2023-04-17,2445.59,600887.SH,伊利股份,0.007671679845853417
2023-04-18,2467.88,600887.SH,伊利股份,0.009073079884739882
2023-04-19,2448.47,600887.SH,伊利股份,-0.007896142809001892
2023-04-20,2438.4,600887.SH,伊利股份,-0.004121253175555357
2023-04-21,2432.65,600887.SH,伊利股份,-0.0023608883796208463
2023-04-24,2386.64,600887.SH,伊利股份,-0.019094679072902822
2023-04-25,2397.43,600887.SH,伊利股份,0.004510811211254616
2023-04-26,2393.83,600887.SH,伊利股份,-0.0015027365150148202
2023-04-27,2418.27,600887.SH,伊利股份,0.010157814735915623
2023-04-28,2544.81,600887.SH,伊利股份,0.051003582537147006
2023-05-04,2565.65,600887.SH,伊利股份,0.008155866798585185
2023-05-05,2555.59,600887.SH,伊利股份,-0.003928741062585192
2023-05-08,2585.78,600887.SH,伊利股份,0.011744086495199129
2023-05-09,2569.25,600887.SH,伊利股份,-0.006413175735122803
2023-05-10,2564.22,600887.SH,伊利股份,-0.0019596887133885655
2023-05-11,2546.24,600887.SH,伊利股份,-0.00703657760262406
2023-05-12,2559.9,600887.SH,伊利股份,0.0053504340214789205
2023-05-15,2595.13,600887.SH,伊利股份,0.01366841647367428
2023-05-16,2580.03,600887.SH,伊利股份,-0.005835584929286675
2023-05-17,2563.5,600887.SH,伊利股份,-0.006427514531281076
2023-05-18,2552.71,600887.SH,伊利股份,-0.004217972287036867
2023-05-19,2565.65,600887.SH,伊利股份,0.0050563178709727786
2023-05-22,2608.79,600887.SH,伊利股份,0.01667465448006527
2023-05-23,2624.61,600887.SH,伊利股份,0.00604580127156819
2023-05-24,2576.44,600887.SH,伊利股份,-0.018523712467596532
2023-05-25,2557.03,600887.SH,伊利股份,-0.007562172370344469
2023-05-26,2538.33,600887.SH,伊利股份,-0.007340044258729809
2023-05-29,2517.49,600887.SH,伊利股份,-0.00824401107246338
2023-05-30,2518.21,600887.SH,伊利股份,0.00028595825998634983
2023-05-31,2490.89,600887.SH,伊利股份,-0.010908255335332913
2023-06-01,2511.02,600887.SH,伊利股份,0.008048968765222505
2023-06-02,2559.18,600887.SH,伊利股份,0.018997849582535465
2023-06-05,2541.21,600887.SH,伊利股份,-0.0070465491292177815
2023-06-06,2540.49,600887.SH,伊利股份,-0.0002833697403695955
2023-06-07,2540.49,600887.SH,伊利股份,0.0
2023-06-08,2548.4,600887.SH,伊利股份,0.0031087354493187233
2023-06-09,2564.94,600887.SH,伊利股份,0.00646937527607859
2023-06-12,2568.53,600887.SH,伊利股份,0.0013986642895539962
2023-06-13,2574.28,600887.SH,伊利股份,0.002236132540759382
2023-06-14,2584.35,600887.SH,伊利股份,0.0039041422977998215
2023-06-15,2600.88,600887.SH,伊利股份,0.00637582363632465
2023-06-16,2605.91,600887.SH,伊利股份,0.0019320931186939023
2023-06-19,2582.91,600887.SH,伊利股份,-0.008865272118316482
2023-06-20,2566.37,600887.SH,伊利股份,-0.006424221205539173
2023-06-21,2564.94,600887.SH,伊利股份,-0.0005573625592759878
2023-06-26,2559.9,600887.SH,伊利股份,-0.001966891307762823
2023-06-27,2550.56,600887.SH,伊利股份,-0.0036552523253124175
2023-06-28,2545.52,600887.SH,伊利股份,-0.001977991571258403
2023-06-29,2523.96,600887.SH,伊利股份,-0.008505854639091783
2023-06-30,2530.43,600887.SH,伊利股份,0.002560152079242738
2023-07-03,2588.66,600887.SH,伊利股份,0.02275111853760318
2023-07-04,2589.38,600887.SH,伊利股份,0.0002780975058673087
2023-07-05,2562.78,600887.SH,伊利股份,-0.010325858027698096
2023-07-06,2551.99,600887.SH,伊利股份,-0.004219159808296237
2023-07-07,2556.31,600887.SH,伊利股份,0.0016913654365868103
2023-07-10,2534.74,600887.SH,伊利股份,-0.00847374473563003
2023-07-11,2543.37,600887.SH,伊利股份,0.003398905619694749
2023-07-12,2533.3,600887.SH,伊利股份,-0.003967172657346807
2023-07-13,2578.59,600887.SH,伊利股份,0.017719937270834152
2023-07-14,2512.45,600887.SH,伊利股份,-0.025984365224043193
2023-07-17,2475.07,600887.SH,伊利股份,-0.014989694240679228
2023-07-18,2457.1,600887.SH,伊利股份,-0.007286885697467014
2023-07-19,2452.78,600887.SH,伊利股份,-0.0017597175958589217
2023-07-20,2448.47,600887.SH,伊利股份,-0.0017587354699135735
2023-07-21,2465.72,600887.SH,伊利股份,0.007020514408640677
2023-07-24,2454.94,600887.SH,伊利股份,-0.004381533065095577
2023-07-25,2490.17,600887.SH,伊利股份,0.014248660209193634
2023-07-26,2487.29,600887.SH,伊利股份,-0.0011572168621731885
2023-07-27,2490.17,600887.SH,伊利股份,0.0011572168621731694
2023-07-28,2541.93,600887.SH,伊利股份,0.020572653777469595
2023-07-31,2554.87,600887.SH,伊利股份,0.005077706719027694
2023-08-01,2525.39,600887.SH,伊利股份,-0.011605835489128259
2023-08-02,2525.39,600887.SH,伊利股份,0.0
2023-08-03,2544.09,600887.SH,伊利股份,0.007377515964748994
2023-08-04,2529.71,600887.SH,伊利股份,-0.005668350546993096
2023-08-07,2515.33,600887.SH,伊利股份,-0.0057006639958852145
2023-08-08,2513.89,600887.SH,伊利股份,-0.000572653429101088
2023-08-09,2518.92,600887.SH,伊利股份,0.0019988839931554666
2023-08-10,2498.08,600887.SH,伊利股份,-0.008307801420705273
2023-08-11,2471.47,600887.SH,伊利股份,-0.010709321497370401
2023-08-14,2462.85,600887.SH,伊利股份,-0.003493899369693161
2023-08-15,2462.13,600887.SH,伊利股份,-0.00029238697624329183
2023-08-16,2447.03,600887.SH,伊利股份,-0.0061517846722896575
2023-08-17,2457.82,600887.SH,伊利股份,0.004399733898388557
2023-08-18,2431.93,600887.SH,伊利股份,-0.0105895973989169
2023-08-21,2405.33,600887.SH,伊利股份,-0.010998072513008274
2023-08-22,2416.12,600887.SH,伊利股份,0.004475839431343137
2023-08-23,2389.52,600887.SH,伊利股份,-0.01107043876036217
2023-08-24,2399.58,600887.SH,伊利股份,0.004201213086692363
2023-08-25,2417.56,600887.SH,伊利股份,0.007465045025633642
2023-08-28,2422.59,600887.SH,伊利股份,0.002078448730216446
2023-08-29,2408.21,600887.SH,伊利股份,-0.005953482849073159
2023-08-30,2403.18,600887.SH,伊利股份,-0.002090872630358932
2023-08-31,2363.64,600887.SH,伊利股份,-0.0165900566325647
2023-09-01,2367.23,600887.SH,伊利股份,0.001517691540497553
2023-09-04,2395.27,600887.SH,伊利股份,0.011775464149117941
2023-09-05,2365.79,600887.SH,伊利股份,-0.012383955152507382
2023-09-06,2377.3,600887.SH,伊利股份,0.004853385701515563
2023-09-07,2355.01,600887.SH,伊利股份,-0.00942041617822326
2023-09-08,2347.82,600887.SH,伊利股份,-0.003057735704695387
2023-09-11,2371.54,600887.SH,伊利股份,0.010052295115920798
2023-09-12,2378.73,600887.SH,伊利股份,0.003027198660590531
2023-09-13,2376.58,600887.SH,伊利股份,-0.000904252360624062
2023-09-14,2381.61,600887.SH,伊利股份,0.002114250113466532
2023-09-15,2372.98,600887.SH,伊利股份,-0.003630180300436752
2023-09-18,2383.77,600887.SH,伊利股份,0.004536718770789924
2023-09-19,2380.17,600887.SH,伊利股份,-0.0015113543349653219
2023-09-20,2373.7,600887.SH,伊利股份,-0.0027219944991439316
2023-09-21,2353.57,600887.SH,伊利股份,-0.00851659485196882
2023-09-22,2406.77,600887.SH,伊利股份,0.02235227525017753
2023-09-25,2411.09,600887.SH,伊利股份,0.0017933278085161914
2023-09-26,2418.99,600887.SH,伊利股份,0.0032711702682068247
2023-09-27,2409.65,600887.SH,伊利股份,-0.003868588939543335
2023-09-28,2401.74,600887.SH,伊利股份,-0.003288034071800691
2023-10-09,2404.61,600887.SH,伊利股份,0.0011942535775004634
2023-10-10,2420.43,600887.SH,伊利股份,0.006557482088872149
2023-10-11,2439.12,600887.SH,伊利股份,0.007692108180754206
2023-10-12,2442.72,600887.SH,伊利股份,0.0014748540110114448
2023-10-13,2424.74,600887.SH,伊利股份,-0.007387870379993297
2023-10-16,2397.43,600887.SH,伊利股份,-0.011326971877580623
2023-10-17,2424.74,600887.SH,伊利股份,0.011326971877580683
2023-10-18,2406.05,600887.SH,伊利股份,-0.007737903430060919
2023-10-19,2375.14,600887.SH,伊利股份,-0.01293001559874328
2023-10-20,2360.76,600887.SH,伊利股份,-0.006072782023660034
2023-10-23,2334.16,600887.SH,伊利股份,-0.011331517736912888
2023-10-24,2335.6,600887.SH,伊利股份,0.0006167340701207234
2023-10-25,2367.23,600887.SH,伊利股份,0.013451677796718594
2023-10-26,2364.36,600887.SH,伊利股份,-0.0012131230102243736
2023-10-27,2426.9,600887.SH,伊利股份,0.0261073505504142
2023-10-30,2411.8,600887.SH,伊利股份,-0.006241366076798803
2023-10-31,2465.72,600887.SH,伊利股份,0.022110497407031134
2023-11-01,2458.53,600887.SH,伊利股份,-0.002920243736441683
2023-11-02,2459.97,600887.SH,伊利股份,0.0005855443900144671
2023-11-03,2478.66,600887.SH,伊利股份,0.007568936821437463
2023-11-06,2475.07,600887.SH,伊利股份,-0.0014494131204116781
2023-11-07,2478.66,600887.SH,伊利股份,0.0014494131204116723
2023-11-08,2477.23,600887.SH,伊利股份,-0.0005770911136794275
2023-11-09,2480.82,600887.SH,伊利股份,0.0014481502313991965
2023-11-10,2472.91,600887.SH,伊利股份,-0.0031935558549648097
2023-11-13,2466.44,600887.SH,伊利股份,-0.002619779404347479
2023-11-14,2454.94,600887.SH,伊利股份,-0.004673494398513314
2023-11-15,2454.22,600887.SH,伊利股份,-0.00029332920709974403
2023-11-16,2436.97,600887.SH,伊利股份,-0.007053527472373722
2023-11-17,2431.93,600887.SH,伊利股份,-0.002070283554869061
2023-11-20,2447.03,600887.SH,伊利股份,0.006189863500528439
2023-11-21,2467.88,600887.SH,伊利股份,0.00848443819927074
2023-11-22,2449.91,600887.SH,伊利股份,-0.0073081933067247525
2023-11-23,2457.82,600887.SH,伊利股份,0.003223489005842632
2023-11-24,2460.69,600887.SH,伊利股份,0.0011670202259342105
2023-11-27,2448.47,600887.SH,伊利股份,-0.004978458734053758
2023-11-28,2454.94,600887.SH,伊利股份,0.002638981343545253
2023-11-29,2439.12,600887.SH,伊利股份,-0.006465002513807062
2023-11-30,2453.5,600887.SH,伊利股份,0.005878258032337489
2023-12-01,2439.12,600887.SH,伊利股份,-0.005878258032337407
2023-12-04,2421.15,600887.SH,伊利股份,-0.00739468461022226
2023-12-05,2394.55,600887.SH,伊利股份,-0.011047312136691832
2023-12-06,2394.55,600887.SH,伊利股份,0.0
2023-12-07,2388.8,600887.SH,伊利股份,-0.002404173965780519
2023-12-08,2389.52,600887.SH,伊利股份,0.00030136115013176725
2023-12-11,2387.36,600887.SH,伊利股份,-0.0009043560429462904
2023-12-12,2395.99,600887.SH,伊利股份,0.003608353711814151
2023-12-13,2351.41,600887.SH,伊利股份,-0.01878135839375359
2023-12-14,2355.01,600887.SH,伊利股份,0.001529825515831603
2023-12-15,2328.41,600887.SH,伊利股份,-0.011359342542937207
2023-12-18,2334.88,600887.SH,伊利股份,0.002774866736369089
2023-12-19,2324.1,600887.SH,伊利股份,-0.004627630613469153
2023-12-20,2315.47,600887.SH,伊利股份,-0.0037201766340669348
2023-12-21,2339.19,600887.SH,伊利股份,0.010192024908621875
2023-12-22,2363.64,600887.SH,伊利股份,0.010398088085082167
2023-12-25,2370.83,600887.SH,伊利股份,0.0030373011244893542
2023-12-26,2349.98,600887.SH,伊利股份,-0.008833287326401785
2023-12-27,2372.98,600887.SH,伊利股份,0.009739731786534334
2023-12-28,2424.74,600887.SH,伊利股份,0.021577752878413528
2023-12-29,2417.56,600887.SH,伊利股份,-0.0029655350812550383
2024-01-02,2383.05,600887.SH,伊利股份,-0.01437758721324144
2024-01-03,2367.95,600887.SH,伊利股份,-0.006356577918032848
2024-01-04,2361.48,600887.SH,伊利股份,-0.002736060809110792
2024-01-05,2372.26,600887.SH,伊利股份,0.004554546145298333
2024-01-08,2374.42,600887.SH,伊利股份,0.0009101098658826752
2024-01-09,2385.92,600887.SH,伊利股份,0.0048315970588826765
2024-01-10,2404.61,600887.SH,伊利股份,0.00780293405093212
2024-01-11,2406.77,600887.SH,伊利股份,0.0008978713571205023
2024-01-12,2417.56,600887.SH,伊利股份,0.004473167462268927
2024-01-15,2414.68,600887.SH,伊利股份,-0.001191993916280681
2024-01-16,2428.34,600887.SH,伊利股份,0.005641123193516754
2024-01-17,2392.39,600887.SH,伊利股份,-0.01491503006598009
2024-01-18,2417.56,600887.SH,伊利股份,0.01046590078874402
2024-01-19,2426.18,600887.SH,伊利股份,0.003559236911958554
2024-01-22,2412.52,600887.SH,伊利股份,-0.0056461596251240745
2024-01-23,2396.71,600887.SH,伊利股份,-0.006574880783094932
2024-01-24,2421.15,600887.SH,伊利股份,0.010145670336275165
2024-01-25,2440.56,600887.SH,伊利股份,0.007984887263593329
2024-01-26,2449.91,600887.SH,伊利股份,0.003823768019167948
2024-01-29,2470.76,600887.SH,伊利股份,0.008474506431985447
2024-01-30,2455.66,600887.SH,伊利股份,-0.006130231400411087
2024-01-31,2442.0,600887.SH,伊利股份,-0.005578188531084084
2024-02-01,2432.65,600887.SH,伊利股份,-0.003836177557943696
2024-02-02,2432.65,600887.SH,伊利股份,0.0
2024-02-05,2482.26,600887.SH,伊利股份,0.02018823739596422
2024-02-06,2517.49,600887.SH,伊利股份,0.014092937881519847
2024-02-07,2527.55,600887.SH,伊利股份,0.003988080702436651
2024-02-08,2520.36,600887.SH,伊利股份,-0.002848705647410966
2024-02-19,2531.15,600887.SH,伊利股份,0.0042719964564041195
2024-02-20,2556.31,600887.SH,伊利股份,0.009891067496671724
2024-02-21,2568.53,600887.SH,伊利股份,0.004768938409673555
2024-02-22,2583.63,600887.SH,伊利股份,0.005861635987534973
2024-02-23,2577.88,600887.SH,伊利股份,-0.002228031091150412
2024-02-26,2557.03,600887.SH,伊利股份,-0.008120926982966467
2024-02-27,2536.9,600887.SH,伊利股份,-0.007903565532777265
2024-02-28,2521.8,600887.SH,伊利股份,-0.005969930949480431
2024-02-29,2532.58,600887.SH,伊利股份,0.004265613723377926
2024-03-01,2526.11,600887.SH,伊利股份,-0.0025579758901599675
2024-03-04,2517.49,600887.SH,伊利股份,-0.0034181966821534527
2024-03-05,2568.53,600887.SH,伊利股份,0.020071377417775173
2024-03-06,2543.37,600887.SH,伊利股份,-0.00984377752560887
2024-03-07,2546.96,600887.SH,伊利股份,0.001410517823092172
2024-03-08,2528.99,600887.SH,伊利股份,-0.007080477575369577
2024-03-11,2543.37,600887.SH,伊利股份,0.005669959752277531
2024-03-12,2554.87,600887.SH,伊利股份,0.0045113684347617795
2024-03-13,2519.64,600887.SH,伊利股份,-0.013885307559560493
2024-03-14,2518.92,600887.SH,伊利股份,-0.00028579594364280803
2024-03-15,2566.37,600887.SH,伊利股份,0.018662210863772396
2024-03-18,2587.22,600887.SH,伊利股份,0.008091491080148783
2024-03-19,2585.78,600887.SH,伊利股份,-0.0005567369175311312
2024-03-20,2579.31,600887.SH,伊利股份,-0.0025052819540592667
2024-03-21,2572.12,600887.SH,伊利股份,-0.00279145971850702
2024-03-22,2554.15,600887.SH,伊利股份,-0.0070109742981528935
2024-03-25,2534.74,600887.SH,伊利股份,-0.007628419606924025
2024-03-26,2529.71,600887.SH,伊利股份,-0.001986396016915728
2024-03-27,2517.49,600887.SH,伊利股份,-0.004842298255555853
2024-03-28,2493.76,600887.SH,伊利股份,-0.009470761734994292
2024-03-29,2500.23,600887.SH,伊利股份,0.0025911159693553704
2024-04-01,2518.21,600887.SH,伊利股份,0.0071656040256253
2024-04-02,2490.89,600887.SH,伊利股份,-0.010908255335332913
2024-04-03,2483.7,600887.SH,伊利股份,-0.0028906925019741526
2024-04-08,2454.94,600887.SH,伊利股份,-0.011647062801442088
2024-04-09,2461.41,600887.SH,伊利股份,0.0026320354470842503
2024-04-10,2449.19,600887.SH,伊利股份,-0.004976998828914107
2024-04-11,2436.97,600887.SH,伊利股份,-0.00500189329764344
2024-04-12,2404.61,600887.SH,伊利股份,-0.013367736103959839
2024-04-15,2438.4,600887.SH,伊利股份,0.013954358264332835
2024-04-16,2452.06,600887.SH,伊利股份,0.005586401084948237
2024-04-17,2461.41,600887.SH,伊利股份,0.0038058688812363066
2024-04-18,2485.85,600887.SH,伊利股份,0.009880296899544375
2024-04-19,2482.98,600887.SH,伊利股份,-0.0011552016547821873
2024-04-22,2499.51,600887.SH,伊利股份,0.00663526094250797
2024-04-23,2501.67,600887.SH,伊利股份,0.0008637961978195407
2024-04-24,2505.98,600887.SH,伊利股份,0.0017213667345952802
2024-04-25,2513.17,600887.SH,伊利股份,0.0028650289065651523
2024-04-26,2508.14,600887.SH,伊利股份,-0.0020034619182947035
2024-04-29,2528.27,600887.SH,伊利股份,0.00799383179462956
2024-04-30,2551.28,600887.SH,伊利股份,0.009059919635517113
2024-05-06,2564.94,600887.SH,伊利股份,0.005339892521797622
2024-05-07,2532.58,600887.SH,伊利股份,-0.012696540555907762
2024-05-08,2523.96,600887.SH,伊利股份,-0.003409449287517694
2024-05-09,2523.24,600887.SH,伊利股份,-0.0002853067066429433
2024-05-10,2503.83,600887.SH,伊利股份,-0.007722230426879752
2024-05-13,2507.42,600887.SH,伊利股份,0.0014327764985359202
2024-05-14,2497.36,600887.SH,伊利股份,-0.0040201621445463305
2024-05-15,2493.04,600887.SH,伊利股份,-0.001731324574821486
2024-05-16,2490.89,600887.SH,伊利股份,-0.0008627730057876306
2024-05-17,2515.33,600887.SH,伊利股份,0.009763931335017196
2024-05-20,2547.68,600887.SH,伊利股份,0.012779133458254717
2024-05-21,2590.82,600887.SH,伊利股份,0.016791286794132457
2024-05-22,2595.85,600887.SH,伊利股份,0.0019395880504854243
2024-05-23,2600.16,600887.SH,伊利股份,0.0016589656249647456
2024-05-24,2570.69,600887.SH,伊利股份,-0.011398636233134578
2024-05-27,2580.75,600887.SH,伊利股份,0.003905709001135705
2024-05-28,2562.78,600887.SH,伊利股份,-0.006987447575697916
2024-05-29,2575.72,600887.SH,伊利股份,0.005036499894268185
2024-05-30,2544.09,600887.SH,伊利股份,-0.012356084471530346
2024-05-31,2529.71,600887.SH,伊利股份,-0.005668350546993096
2024-06-03,2549.12,600887.SH,伊利股份,0.007643529907478221
2024-06-04,2551.99,600887.SH,伊利股份,0.0011252454084805115
2024-06-05,2544.81,600887.SH,伊利股份,-0.002817455952599238
2024-06-06,2555.59,600887.SH,伊利股份,0.004227125736000065
2024-06-07,2526.11,600887.SH,伊利股份,-0.011602546672762067
2024-06-11,2501.67,600887.SH,伊利股份,-0.009722061228742366
2024-06-12,2523.24,600887.SH,伊利股份,0.008585281124741625
2024-06-13,2512.45,600887.SH,伊利股份,-0.004285417296542129
2024-06-14,2534.02,600887.SH,伊利股份,0.008548601837962612
2024-06-17,2513.17,600887.SH,伊利股份,-0.008262070025001764
2024-06-18,2478.66,600887.SH,伊利股份,-0.013826812933228386
2024-06-19,2472.91,600887.SH,伊利股份,-0.0023224967372451697
2024-06-20,2424.74,600887.SH,伊利股份,-0.01967129268564958
2024-06-21,2434.09,600887.SH,伊利股份,0.0038486679061438857
2024-06-24,2447.75,600887.SH,伊利股份,0.005596265199397961
2024-06-25,2433.37,600887.SH,伊利股份,-0.005892107386185862
2024-06-26,2449.19,600887.SH,伊利股份,0.006480229781602755
2024-06-27,2433.37,600887.SH,伊利股份,-0.006480229781602846
2024-06-28,2438.4,600887.SH,伊利股份,0.002064958644332225
2024-07-01,2447.75,600887.SH,伊利股份,0.00382714874185361
2024-07-02,2433.37,600887.SH,伊利股份,-0.005892107386185862
2024-07-03,2436.25,600887.SH,伊利股份,0.0011828439737757914
2024-07-04,2421.87,600887.SH,伊利股份,-0.0059200027983189185
2024-07-05,2410.37,600887.SH,伊利股份,-0.004759706351855887
2024-07-08,2392.39,600887.SH,伊利股份,-0.007487396412955907
2024-07-09,2378.01,600887.SH,伊利股份,-0.006028862802288527
2024-07-10,2387.36,600887.SH,伊利股份,0.003924149435760316
2024-07-11,2428.34,600887.SH,伊利股份,0.017019743432508463
2024-07-12,2413.96,600887.SH,伊利股份,-0.0059393438127122045
2024-07-15,2413.24,600887.SH,伊利股份,-0.000298309581264305
2024-07-16,2416.84,600887.SH,伊利股份,0.001490658815845504
2024-07-17,2449.91,600887.SH,伊利股份,0.013590387423670892
2024-07-18,2465.0,600887.SH,伊利股份,0.006140518306630811
2024-07-19,2478.66,600887.SH,伊利股份,0.005526284074743034
2024-07-22,2457.1,600887.SH,伊利股份,-0.008736298817878692
2024-07-23,2408.21,600887.SH,伊利股份,-0.02009805980512779
2024-07-24,2381.61,600887.SH,伊利股份,-0.011107003377864992
2024-07-25,2380.89,600887.SH,伊利股份,-0.0003023622070280824
2024-07-26,2383.77,600887.SH,伊利股份,0.0012089006773814048
2024-07-29,2359.32,600887.SH,伊利股份,-0.010309826113615615
2024-07-30,2334.88,600887.SH,伊利股份,-0.010412943987964128
2024-07-31,2384.49,600887.SH,伊利股份,0.021024767058738878
2024-08-01,2342.07,600887.SH,伊利股份,-0.01795011128340415
2024-08-02,2337.76,600887.SH,伊利股份,-0.001841947770996142
2024-08-05,2329.13,600887.SH,伊利股份,-0.0036983986495800567
2024-08-06,2328.41,600887.SH,伊利股份,-0.0003091760911277545
2024-08-07,2314.03,600887.SH,伊利股份,-0.0061950379499574925
2024-08-08,2334.16,600887.SH,伊利股份,0.008661490106152659
2024-08-09,2319.78,600887.SH,伊利股份,-0.006179729761532814
2024-08-12,2331.28,600887.SH,伊利股份,0.004945119364304385
2024-08-13,2312.59,600887.SH,伊利股份,-0.008049364393855639
2024-08-14,2294.62,600887.SH,伊利股份,-0.007800856105021647
2024-08-15,2310.44,600887.SH,伊利股份,0.006870730124873077
2024-08-16,2308.28,600887.SH,伊利股份,-0.0009353241406577939
2024-08-19,2299.65,600887.SH,伊利股份,-0.003745721002798308
2024-08-20,2273.05,600887.SH,伊利股份,-0.01163439545365131
2024-08-21,2262.27,600887.SH,伊利股份,-0.004753808022873703
2024-08-22,2236.39,600887.SH,伊利股份,-0.011505775277563416
2024-08-23,2247.89,600887.SH,伊利股份,0.005129039761527358
2024-08-26,2222.73,600887.SH,伊利股份,-0.011255828334252012
2024-08-27,2208.35,600887.SH,伊利股份,-0.00649053977011507
2024-08-28,2180.31,600887.SH,伊利股份,-0.012778561819370223
2024-08-29,2224.88,600887.SH,伊利股份,0.020235913053382227
2024-08-30,2207.63,600887.SH,伊利股份,-0.007783439670272955
2024-09-02,2136.46,600887.SH,伊利股份,-0.03276928819178768
2024-09-03,2177.43,600887.SH,伊利股份,0.01899502855281698
2024-09-04,2174.56,600887.SH,伊利股份,-0.001318937045376016
2024-09-05,2199.72,600887.SH,伊利股份,0.011503734312236514
2024-09-06,2181.03,600887.SH,伊利股份,-0.008532837254061489
2024-09-09,2167.37,600887.SH,伊利股份,-0.006282791341152611
2024-09-10,2158.74,600887.SH,伊利股份,-0.0039897327842652
2024-09-11,2178.87,600887.SH,伊利股份,0.009281675630396979
2024-09-12,2152.27,600887.SH,伊利股份,-0.01228329467453655
2024-09-13,2131.42,600887.SH,伊利股份,-0.009734674849023295
2024-09-18,2117.05,600887.SH,伊利股份,-0.0067648140628520865
2024-09-19,2165.21,600887.SH,伊利股份,0.022493744239370308
2024-09-20,2160.9,600887.SH,伊利股份,-0.001992552859722694
2024-09-23,2154.43,600887.SH,伊利股份,-0.002998614172273037
2024-09-24,2252.2,600887.SH,伊利股份,0.044381328871771195
2024-09-25,2272.33,600887.SH,伊利股份,0.008898220509741577
2024-09-26,2415.4,600887.SH,伊利股份,0.06105916806860822
2024-09-27,2564.94,600887.SH,伊利股份,0.06007018167713679
2024-09-30,2670.62,600887.SH,伊利股份,0.04037556865720296
2024-10-08,2662.71,600887.SH,伊利股份,-0.0029662540288279172
2024-10-09,2488.01,600887.SH,伊利股份,-0.06786120700318951
2024-10-10,2566.37,600887.SH,伊利股份,0.031009254934090364
2024-10-11,2546.96,600887.SH,伊利股份,-0.007591957972238705
2024-10-14,2547.68,600887.SH,伊利股份,0.0002826500026667802
2024-10-15,2485.85,600887.SH,伊利股份,-0.024568487750059678
2024-10-16,2460.69,600887.SH,伊利股份,-0.010172854956119916
2024-10-17,2415.4,600887.SH,伊利股份,-0.018576893560661424
2024-10-18,2478.66,600887.SH,伊利股份,0.025853186710258734
2024-10-21,2465.0,600887.SH,伊利股份,-0.005526284074743161
2024-10-22,2493.76,600887.SH,伊利股份,0.011599804178405676
2024-10-23,2522.52,600887.SH,伊利股份,0.011466790183356338
2024-10-24,2487.29,600887.SH,伊利股份,-0.014064637480104395
2024-10-25,2498.79,600887.SH,伊利股份,0.004612850332037008
2024-10-28,2530.43,600887.SH,伊利股份,0.01258263406374402
2024-10-29,2487.29,600887.SH,伊利股份,-0.01719548439578097
2024-10-30,2481.54,600887.SH,伊利股份,-0.0023144291781749676
2024-10-31,2587.22,600887.SH,伊利股份,0.04170460497756317
2024-11-01,2615.26,600887.SH,伊利股份,0.010779578784944743
2024-11-04,2653.36,600887.SH,伊利股份,0.01446324242829087
2024-11-05,2670.62,600887.SH,伊利股份,0.006483893804542839
2024-11-06,2658.4,600887.SH,伊利股份,-0.00458621713523008
2024-11-07,2751.86,600887.SH,伊利股份,0.0345526086257978
2024-11-08,2746.82,600887.SH,伊利股份,-0.0018331677462268834
2024-11-11,2738.2,600887.SH,伊利股份,-0.0031431087202997182
2024-11-12,2723.1,600887.SH,伊利股份,-0.005529832998964399
2024-11-13,2738.2,600887.SH,伊利股份,0.005529832998964427
2024-11-14,2709.44,600887.SH,伊利股份,-0.01055879874574321
2024-11-15,2686.43,600887.SH,伊利股份,-0.008528796831465848
2024-11-18,2664.15,600887.SH,伊利股份,-0.008328117241000953
2024-11-19,2656.24,600887.SH,伊利股份,-0.002973468421687533
2024-11-20,2668.46,600887.SH,伊利股份,0.004589938007309967
2024-11-21,2677.81,600887.SH,伊利股份,0.0034977692980814705
2024-11-22,2622.45,600887.SH,伊利股份,-0.020890300953381825
2024-11-25,2609.51,600887.SH,伊利股份,-0.004946531083889015
2024-11-26,2634.67,600887.SH,伊利股份,0.00959547271310144
2024-11-27,2656.24,600887.SH,伊利股份,0.008153652018777931
2024-11-28,2630.36,600887.SH,伊利股份,-0.009790870026173985
2024-11-29,2635.39,600887.SH,伊利股份,0.001910459679968782
2024-12-02,2652.64,600887.SH,伊利股份,0.006524191877602291
2024-12-03,2684.28,600887.SH,伊利股份,0.011857165066866201
2024-12-04,2673.49,600887.SH,伊利股份,-0.00402780059141655
2024-12-05,2654.08,600887.SH,伊利股份,-0.007286656348642963
2024-12-06,2682.84,600887.SH,伊利股份,0.010777856292206405
2024-12-09,2652.64,600887.SH,伊利股份,-0.01132056441901313
2024-12-10,2702.97,600887.SH,伊利股份,0.018795797944566376
2024-12-11,2720.94,600887.SH,伊利股份,0.006626240387756017
2024-12-12,2754.01,600887.SH,伊利股份,0.012080622540592927
2024-12-13,2683.56,600887.SH,伊利股份,-0.025913760137444192
2024-12-16,2679.96,600887.SH,伊利股份,-0.0013424022062425356
2024-12-17,2709.44,600887.SH,伊利股份,0.01094010243352881
2024-12-18,2709.44,600887.SH,伊利股份,0.0
2024-12-19,2692.18,600887.SH,伊利股份,-0.006390697140097338
2024-12-20,2679.96,600887.SH,伊利股份,-0.004549405293431509
2024-12-23,2708.72,600887.SH,伊利股份,0.010674329549657366
2024-12-24,2744.67,600887.SH,伊利股份,0.013184650567522367
2024-12-25,2732.44,600887.SH,伊利股份,-0.0044658662419464834
2024-12-26,2735.32,600887.SH,伊利股份,0.0010534479444382907
2024-12-27,2748.26,600887.SH,伊利股份,0.0047195532914576545
2024-12-30,2743.23,600887.SH,伊利股份,-0.001831925909617788
2024-12-31,2750.42,600887.SH,伊利股份,0.0026175690498267093
2025-01-02,2705.84,600887.SH,伊利股份,-0.016341227153115298
2025-01-03,2687.15,600887.SH,伊利股份,-0.006931247721823649
2025-01-06,2668.46,600887.SH,伊利股份,-0.006979625429714792
2025-01-07,2656.96,600887.SH,伊利股份,-0.004318914893402205
2025-01-08,2676.37,600887.SH,伊利股份,0.007278786685340652
2025-01-09,2662.71,600887.SH,伊利股份,-0.005116997612219713
2025-01-10,2631.8,600887.SH,伊利股份,-0.011676378430746518
2025-01-13,2626.04,600887.SH,伊利股份,-0.0021910146768490033
2025-01-14,2640.42,600887.SH,伊利股份,0.005460987356644828
2025-01-15,2626.76,600887.SH,伊利股份,-0.0051868478483789995
2025-01-16,2617.42,600887.SH,伊利股份,-0.0035620477846431435
2025-01-17,2622.45,600887.SH,伊利股份,0.001919895548953533
2025-01-20,2579.31,600887.SH,伊利股份,-0.016587074025521446
2025-01-21,2562.78,600887.SH,伊利股份,-0.006429314516244536
2025-01-22,2550.56,600887.SH,伊利股份,-0.004779663884665049
2025-01-23,2562.06,600887.SH,伊利股份,0.004498679500864787
2025-01-24,2564.22,600887.SH,伊利股份,0.0008427164055925963
2025-01-27,2581.47,600887.SH,伊利股份,0.006704665309889806
2025-02-05,2511.02,600887.SH,伊利股份,-0.02766995902161724
2025-02-06,2525.39,600887.SH,伊利股份,0.005706461147924044
2025-02-07,2544.09,600887.SH,伊利股份,0.007377515964748994
2025-02-10,2531.15,600887.SH,伊利股份,-0.005099277291118956
2025-02-11,2518.21,600887.SH,伊利股份,-0.005125413251443543
2025-02-12,2531.86,600887.SH,伊利股份,0.005405878826132915
2025-02-13,2557.75,600887.SH,伊利股份,0.010173755282739496
2025-02-14,2566.37,600887.SH,伊利股份,0.003364483318638426
2025-02-17,2552.71,600887.SH,伊利股份,-0.0053369091409692536
2025-02-18,2540.49,600887.SH,伊利股份,-0.004798564143703914
2025-02-19,2600.88,600887.SH,伊利股份,0.023492873489835083
2025-02-20,2581.47,600887.SH,伊利股份,-0.0074908451811657225
2025-02-21,2571.41,600887.SH,伊利股份,-0.003904617526997908
2025-02-24,2559.18,600887.SH,伊利股份,-0.004767491912083812
2025-02-25,2547.68,600887.SH,伊利股份,-0.0045037535544860145
2025-02-26,2552.71,600887.SH,伊利股份,0.0019723988286025535
2025-02-27,2608.07,600887.SH,伊利股份,0.021454944240423175
2025-02-28,2613.82,600887.SH,伊利股份,0.0022022686513702727
2025-03-03,2586.5,600887.SH,伊利股份,-0.010507142384942183
2025-03-04,2577.16,600887.SH,伊利股份,-0.0036175930196915215
2025-03-05,2578.59,600887.SH,伊利股份,0.0005547204719660736
2025-03-06,2592.97,600887.SH,伊利股份,0.005561198965401717
2025-03-07,2575.72,600887.SH,伊利股份,-0.006674830196976373
2025-03-10,2548.4,600887.SH,伊利股份,-0.010663395421936575
2025-03-11,2567.81,600887.SH,伊利股份,0.007587684291364743
2025-03-12,2550.56,600887.SH,伊利股份,-0.006740452648361495
2025-03-13,2549.84,600887.SH,伊利股份,-0.000282330799459875
2025-03-14,2719.5,600887.SH,伊利股份,0.0644174277771388
2025-03-17,2673.49,600887.SH,伊利股份,-0.0170633048964107
2025-03-18,2651.92,600887.SH,伊利股份,-0.008100829028370669
2025-03-19,2639.7,600887.SH,伊利股份,-0.004618631618609326
2025-03-20,2617.42,600887.SH,伊利股份,-0.00847617455681065
2025-03-21,2569.97,600887.SH,伊利股份,-0.018294874093431293
2025-03-24,2594.41,600887.SH,伊利股份,0.009464904772047908
2025-03-25,2621.01,600887.SH,伊利股份,0.010200609212354859
2025-03-26,2613.82,600887.SH,伊利股份,-0.0027469868252735052
2025-03-27,2623.17,600887.SH,伊利股份,0.00357075722298961
2025-03-28,2609.51,600887.SH,伊利股份,-0.0052210458236229725
2025-03-31,2599.44,600887.SH,伊利股份,-0.0038664270322870866
2025-04-01,2598.72,600887.SH,伊利股份,-0.0002770211015454342
2025-04-02,2582.19,600887.SH,伊利股份,-0.006381140027644831
2025-04-03,2614.54,600887.SH,伊利股份,0.012450297737158823
2025-04-07,2564.22,600887.SH,伊利股份,-0.01943383501176609
2025-04-08,2646.17,600887.SH,伊利股份,0.031458972740688505
2025-04-09,2703.69,600887.SH,伊利股份,0.02150419508772102
2025-04-10,2714.47,600887.SH,伊利股份,0.0039792159051593445
2025-04-11,2683.56,600887.SH,伊利股份,-0.011452451298736854
2025-04-14,2687.87,600887.SH,伊利股份,0.0016047871516437799
2025-04-15,2692.9,600887.SH,伊利股份,0.0018696214352929867
2025-04-16,2715.91,600887.SH,伊利股份,0.008508392349855757
2025-04-17,2714.47,600887.SH,伊利股份,-0.0005303496380556975
2025-04-18,2709.44,600887.SH,伊利股份,-0.001854751071450529
2025-04-21,2671.34,600887.SH,伊利股份,-0.014161752296403396
2025-04-22,2660.55,600887.SH,伊利股份,-0.004047350837803824
2025-04-23,2665.58,600887.SH,伊利股份,0.0018888016234701378
2025-04-24,2675.65,600887.SH,伊利股份,0.0037706715236896886
2025-04-25,2663.43,600887.SH,伊利股份,-0.0045775756641039875
2025-04-28,2636.83,600887.SH,伊利股份,-0.010037327725146625
2025-04-29,2650.49,600887.SH,伊利股份,0.005167090470085956
2025-04-30,2720.22,600887.SH,伊利股份,0.02596823082448232
2025-05-06,2715.91,600887.SH,伊利股份,-0.001585687208764303
2025-05-07,2707.28,600887.SH,伊利股份,-0.0031826313607083894
2025-05-08,2704.41,600887.SH,伊利股份,-0.0010606669151656432
2025-05-09,2702.97,600887.SH,伊利股份,-0.0005326054518233003
2025-05-12,2725.97,600887.SH,伊利股份,0.00847315962446953
2025-05-13,2719.5,600887.SH,伊利股份,-0.0023762881971754507
2025-05-14,2733.88,600887.SH,伊利股份,0.005273805723885697
2025-05-15,2742.51,600887.SH,伊利股份,0.003151713863949455
2025-05-16,2736.76,600887.SH,伊利股份,-0.0020988205037356304
2025-05-19,2733.16,600887.SH,伊利股份,-0.0013162900078196027
2025-05-20,2780.61,600887.SH,伊利股份,0.017211879135793084
2025-05-21,2766.23,600887.SH,伊利股份,-0.005184945740484435
2025-05-22,2777.74,600887.SH,伊利股份,0.004152265087033416
2025-05-23,2780.61,600887.SH,伊利股份,0.001032680653451081
2025-05-26,2793.55,600887.SH,伊利股份,0.004642860357330655
2025-05-27,2782.77,600887.SH,伊利股份,-0.003866353949883026
2025-05-28,2807.93,600887.SH,伊利股份,0.00900072257750969
2025-05-29,2766.95,600887.SH,伊利股份,-0.014701926548421179
2025-05-30,2759.04,600887.SH,伊利股份,-0.0028628373929095677
2025-06-03,2778.46,600887.SH,伊利股份,0.007014024240660581
2025-06-04,2779.89,600887.SH,伊利股份,0.0005145411971356969
2025-06-05,2751.86,600887.SH,伊利股份,-0.010134311890329133
2025-06-06,2728.85,600887.SH,伊利股份,-0.008396771657198926
2025-06-09,2738.91,600887.SH,伊利股份,0.003679756006678251
2025-06-10,2720.94,600887.SH,伊利股份,-0.006582622192184029
2025-06-11,2713.03,600887.SH,伊利股份,-0.0029113173561662576
2025-06-12,2696.5,600887.SH,伊利股份,-0.006111455690029432
2025-06-13,2681.4,600887.SH,伊利股份,-0.005615589609820871
2025-06-16,2685.71,600887.SH,伊利股份,0.001606078849312438
2025-06-17,2686.43,600887.SH,伊利股份,0.00026804960567332147
2025-06-18,2675.65,600887.SH,伊利股份,-0.004020833155581388
2025-06-19,2660.55,600887.SH,伊利股份,-0.005659473147159919
2025-06-20,2675.65,600887.SH,伊利股份,0.005659473147159883
2025-06-23,2650.49,600887.SH,伊利股份,-0.009447812919164475
2025-06-24,2657.68,600887.SH,伊利股份,0.0027090332062463685
2025-06-25,2664.87,600887.SH,伊利股份,0.002701714168386469
2025-06-26,2681.4,600887.SH,伊利股份,0.006183770245127454
2025-06-27,2675.65,600887.SH,伊利股份,-0.0021467047005957695
2025-06-30,2672.77,600887.SH,伊利股份,-0.001076953671685898
2025-07-01,2657.68,600887.SH,伊利股份,-0.005661826041232267
2025-07-02,2667.74,600887.SH,伊利股份,0.0037781102585206167
2025-07-03,2663.43,600887.SH,伊利股份,-0.0016169062097063658
2025-07-04,2664.87,600887.SH,伊利股份,0.0005405101195722285
2025-07-07,2636.11,600887.SH,伊利股份,-0.010850930276824712
2025-07-08,2644.74,600887.SH,伊利股份,0.0032684161385110443
2025-07-09,2659.11,600887.SH,伊利股份,0.005418718539019535
2025-07-10,2656.96,600887.SH,伊利股份,-0.0008088682493733341
2025-07-11,2659.11,600887.SH,伊利股份,0.0008088682493733574
2025-07-14,2644.74,600887.SH,伊利股份,-0.005418718539019574
2025-07-15,2636.83,600887.SH,伊利股份,-0.002995323706404962
2025-07-16,2646.89,600887.SH,伊利股份,0.0038079278069593045
2025-07-17,2688.59,600887.SH,伊利股份,0.015631526720791187
2025-07-18,2686.43,600887.SH,伊利股份,-0.000803717982918555
2025-07-21,2695.06,600887.SH,伊利股份,0.0032072929236589714
2025-07-22,2708.0,600887.SH,伊利股份,0.004789887486060161
2025-07-23,2702.25,600887.SH,伊利股份,-0.0021255957358533306
2025-07-24,2698.66,600887.SH,伊利股份,-0.0013294057959578815
2025-07-25,2669.18,600887.SH,伊利股份,-0.010984044380737181
2025-07-28,2661.99,600887.SH,伊利股份,-0.0026973457456209203
2025-07-29,2646.89,600887.SH,伊利股份,-0.005688597489422491
2025-07-30,2672.77,600887.SH,伊利股份,0.009730021910605185
2025-07-31,2638.98,600887.SH,伊利股份,-0.012722908948841392
2025-08-01,2646.17,600887.SH,伊利股份,0.002720832686144742
2025-08-04,2644.02,600887.SH,伊利股份,-0.0008128252929943252
2025-08-05,2649.05,600887.SH,伊利股份,0.0019005989016377134
2025-08-06,2650.49,600887.SH,伊利股份,0.00054344340657454
2025-08-07,2650.49,600887.SH,伊利股份,0.0
2025-08-08,2631.08,600887.SH,伊利股份,-0.007350120280210185
2025-08-11,2650.49,600887.SH,伊利股份,0.007350120280210229
2025-08-12,2643.3,600887.SH,伊利股份,-0.0027163920069066968
2025-08-13,2644.02,600887.SH,伊利股份,0.0002723496986943734
2025-08-14,2623.89,600887.SH,伊利股份,-0.007642536785914286
2025-08-15,2621.01,600887.SH,伊利股份,-0.0010982097997884344
2025-08-18,2623.89,600887.SH,伊利股份,0.0010982097997883843
2025-08-19,2624.61,600887.SH,伊利股份,0.000274364105750989
2025-08-20,2642.58,600887.SH,伊利股份,0.006823399088208819
2025-08-21,2655.52,600887.SH,伊利股份,0.00488477972487511
2025-08-22,2659.11,600887.SH,伊利股份,0.0013509879506305228
2025-08-25,2693.62,600887.SH,伊利股份,0.012894533503685253
2025-08-26,2705.13,600887.SH,伊利股份,0.004263956448776342
2025-08-27,2667.74,600887.SH,伊利股份,-0.0139182982630333
2025-08-28,2659.11,600887.SH,伊利股份,-0.0032401916894283724
2025-08-29,2722.38,600887.SH,伊利股份,0.0235150173776648
2025-09-01,2700.81,600887.SH,伊利股份,-0.007954769699285468
2025-09-02,2700.09,600887.SH,伊利股份,-0.0002666222312077596
2025-09-03,2674.93,600887.SH,伊利股份,-0.009361894006796748
2025-09-04,2692.9,600887.SH,伊利股份,0.006695468050148868
2025-09-05,2694.34,600887.SH,伊利股份,0.0005345965779491172
2025-09-08,2696.5,600887.SH,伊利股份,0.0008013593857697951
2025-09-09,2721.66,600887.SH,伊利股份,0.009287352476688372
2025-09-10,2712.31,600887.SH,伊利股份,-0.003441317941545877
2025-09-11,2733.16,600887.SH,伊利股份,0.007657778626871252
2025-09-12,2699.37,600887.SH,伊利股份,-0.012440036506665942
2025-09-15,2697.94,600887.SH,伊利股份,-0.0005298936075416701
2025-09-16,2687.15,600887.SH,伊利股份,-0.004007366428305048
2025-09-17,2687.15,600887.SH,伊利股份,0.0
2025-09-18,2664.15,600887.SH,伊利股份,-0.008596095015337316
2025-09-19,2659.83,600887.SH,伊利股份,-0.0016228464224535394
2025-09-22,2649.05,600887.SH,伊利股份,-0.004061125817866024
2025-09-23,2636.83,600887.SH,伊利股份,-0.004623647063511364
2025-09-24,2638.98,600887.SH,伊利股份,0.0008150407687232989
2025-09-25,2607.35,600887.SH,伊利股份,-0.012058098992366435
2025-09-26,2628.2,600887.SH,伊利股份,0.00796482135556625
2025-09-29,2623.17,600887.SH,伊利股份,-0.0019156911580360905
2025-09-30,2629.64,600887.SH,伊利股份,0.0024634446218174946
2025-10-09,2654.8,600887.SH,伊利股份,0.009522367598451001
2025-10-10,2663.43,600887.SH,伊利股份,0.0032454435309911284
2025-10-13,2649.05,600887.SH,伊利股份,-0.00541368066163524
2025-10-14,2659.11,600887.SH,伊利股份,0.0037903951819132716
2025-10-15,2656.24,600887.SH,伊利股份,-0.001079891363281163
2025-10-16,2667.74,600887.SH,伊利股份,0.004320083052709461
2025-10-17,2634.67,600887.SH,伊利股份,-0.012473735071487472
2025-10-20,2643.3,600887.SH,伊利股份,0.003270199599813925
2025-10-21,2638.98,600887.SH,伊利股份,-0.001635657694455944
2025-10-22,2627.48,600887.SH,伊利股份,-0.004367266922488829
2025-10-23,2636.11,600887.SH,伊利股份,0.0032791337216594974
2025-10-24,2629.64,600887.SH,伊利股份,-0.002457390972189539
2025-10-27,2638.98,600887.SH,伊利股份,0.0035455241730189438
2025-10-28,2628.92,600887.SH,伊利股份,-0.0038193634006777593
2025-10-29,2622.45,600887.SH,伊利股份,-0.0024641201338924633
2025-10-30,2635.39,600887.SH,伊利股份,0.0049221833017853095
2025-10-31,2638.98,600887.SH,伊利股份,0.0013613002327851377
2025-11-03,2641.86,600887.SH,伊利股份,0.0010907356729342873
2025-11-04,2614.54,600887.SH,伊利股份,-0.010395040715712128
2025-11-05,2627.48,600887.SH,伊利股份,0.004937038120288934
2025-11-06,2625.32,600887.SH,伊利股份,-0.0008224185660016726
2025-11-07,2630.36,600887.SH,伊利股份,0.0019179255757367348
2025-11-10,2700.81,600887.SH,伊利股份,0.02643100906783446
2025-11-11,2706.56,600887.SH,伊利股份,0.002126727842650588
2025-11-12,2715.91,600887.SH,伊利股份,0.0034486163193495098
2025-11-13,2723.1,600887.SH,伊利股份,0.0026438650372724703
2025-11-14,2706.56,600887.SH,伊利股份,-0.006092481356622165
2025-11-17,2722.38,600887.SH,伊利股份,0.005828041856634789
2025-11-18,2790.68,600887.SH,伊利股份,0.02477879601652766
2025-11-19,2794.99,600887.SH,伊利股份,0.0015432350480362122
2025-11-20,2782.05,600887.SH,伊利股份,-0.0046404627618620775
2025-11-21,2760.48,600887.SH,伊利股份,-0.007783488369851875
2025-11-24,2746.82,600887.SH,伊利股份,-0.0049606987135983995
2025-11-25,2764.8,600887.SH,伊利股份,0.006524420689781332
2025-11-26,2766.23,600887.SH,伊利股份,0.0005170827248675913
2025-11-27,2756.89,600887.SH,伊利股份,-0.0033821495471049582
2025-11-28,2780.61,600887.SH,伊利股份,0.008567095287589487
2025-12-01,2784.21,600887.SH,伊利股份,0.001293842568927125
2025-12-02,2778.46,600887.SH,伊利股份,-0.002067353284639913
2025-12-03,2772.7,600887.SH,伊利股份,-0.002075242676191501
2025-12-04,2752.57,600887.SH,伊利股份,-0.0072865539837459236
2025-12-05,2747.54,600887.SH,伊利股份,-0.001829054837920647
2025-12-08,2741.79,600887.SH,伊利股份,-0.002094974105408998
2025-12-09,2736.04,600887.SH,伊利股份,-0.00209937223749608
2025-12-10,2721.66,600887.SH,伊利股份,-0.005269631264642379
2025-12-11,2709.44,600887.SH,伊利股份,-0.004500016800057699
2025-12-12,2731.73,600887.SH,伊利股份,0.008193136655965614
2025-12-15,2741.07,600887.SH,伊利股份,0.0034132469915875343
2025-12-16,2749.7,600887.SH,伊利股份,0.0031434596992145837
2025-12-17,2777.02,600887.SH,伊利股份,0.009886595496749853
2025-12-18,2785.64,600887.SH,伊利股份,0.0030992391768665667
2025-12-19,2800.74,600887.SH,伊利股份,0.005406018485967184
2025-12-22,2794.99,600887.SH,伊利股份,-0.002055139194995733
2025-12-23,2782.77,600887.SH,伊利股份,-0.004381694282731613
2025-12-24,2779.17,600887.SH,伊利股份,-0.0012945125271860403
2025-12-25,2802.18,600887.SH,伊利股份,0.008245363707006632
2025-12-26,2794.99,600887.SH,伊利股份,-0.0025691568970888897
2025-12-29,2778.46,600887.SH,伊利股份,-0.00593171140589211
2025-12-30,2765.51,600887.SH,伊利股份,-0.004671750948537283
2025-12-31,2759.04,600887.SH,伊利股份,-0.0023422732921233795
2026-01-05,2759.76,600887.SH,伊利股份,0.0002609262898040343
2026-01-06,2760.48,600887.SH,伊利股份,0.0002608582250347523
2026-01-07,2746.1,600887.SH,伊利股份,-0.005222854362733559
2026-01-08,2662.71,600887.SH,伊利股份,-0.030837322124033423
2026-01-09,2692.9,600887.SH,伊利股份,0.011274278666775899
2026-01-12,2697.22,600887.SH,伊利股份,0.001602933116510079
2026-01-13,2682.12,600887.SH,伊利股份,-0.005614086360068676
2026-01-14,2672.77,600887.SH,伊利股份,-0.003492138774825024
2026-01-15,2659.83,600887.SH,伊利股份,-0.004853176836187243
2026-01-16,2641.86,600887.SH,伊利股份,-0.006778996439719814
2026-01-19,2650.49,600887.SH,伊利股份,0.0032613140284284
2026-01-20,2656.96,600887.SH,伊利股份,0.0024380835259651882
2026-01-21,2632.51,600887.SH,伊利股份,-0.009244848402284778
2026-01-22,2630.36,600887.SH,伊利股份,-0.000817044737797031
2026-01-23,2631.08,600887.SH,伊利股份,0.0002736893339062596
2026-01-26,2621.01,600887.SH,伊利股份,-0.003834668613704982
2026-01-27,2598.72,600887.SH,伊利股份,-0.008540723559739448
2026-01-28,2582.19,600887.SH,伊利股份,-0.006381140027644831
2026-01-29,2631.8,600887.SH,伊利股份,0.019030146649639045
2026-01-30,2596.57,600887.SH,伊利股份,-0.013476679426683283
2026-02-02,2604.48,600887.SH,伊利股份,0.003041695849319542
2026-02-03,2615.26,600887.SH,伊利股份,0.004130479804104438
2026-02-04,2644.74,600887.SH,伊利股份,0.01120924284123847
2026-02-05,2659.11,600887.SH,伊利股份,0.005418718539019535
2026-02-06,2649.77,600887.SH,伊利股份,-0.003518636562284298
2026-02-09,2649.77,600887.SH,伊利股份,0.0
2026-02-10,2626.04,600887.SH,伊利股份,-0.008995835721563516
2026-02-11,2634.67,600887.SH,伊利股份,0.0032809289017886743
2026-02-12,2615.98,600887.SH,伊利股份,-0.007119148653054586
2026-02-13,2606.63,600887.SH,伊利股份,-0.0035805890117759677
2026-02-24,2598.72,600887.SH,伊利股份,-0.0030391831821033354
2026-02-25,2593.69,600887.SH,伊利股份,-0.0019374439127190803
2026-02-26,2580.75,600887.SH,伊利股份,-0.005001517835627376
2026-02-27,2577.88,600887.SH,伊利股份,-0.001112698641349249
2026-03-02,2572.12,600887.SH,伊利股份,-0.002236894136611174
2026-03-03,2567.09,600887.SH,伊利股份,-0.001957499929430819
2026-03-04,2544.81,600887.SH,伊利股份,-0.008716970629202238
2026-03-05,2548.4,600887.SH,伊利股份,0.0014097202332272022
2026-03-06,2587.22,600887.SH,伊利股份,0.015118228915503316
2026-03-09,2592.25,600887.SH,伊利股份,0.0019422842805511512
2026-03-10,2600.88,600887.SH,伊利股份,0.003323624844461894
2026-03-11,2603.76,600887.SH,伊利股份,0.0011067048994555127
2026-03-12,2623.17,600887.SH,伊利股份,0.007426955869196589
2026-03-13,2623.17,600887.SH,伊利股份,0.0
2026-03-16,2632.51,600887.SH,伊利股份,0.003554253619879559
2026-03-17,2634.67,600887.SH,伊利股份,0.0008201732695989998
2026-03-18,2621.01,600887.SH,伊利股份,-0.005198197287194528
2026-03-19,2603.76,600887.SH,伊利股份,-0.006603185471480398
2026-03-20,2600.16,600887.SH,伊利股份,-0.0013835726046066586
2026-03-23,2535.46,600887.SH,伊利股份,-0.025197901448135572
2026-03-24,2550.56,600887.SH,伊利股份,0.005937862755773607
2026-03-25,2563.5,600887.SH,伊利股份,0.005060569338418871
